t_epoch,start,localised,map_x,map_y,map_yaw_deg,odom_m_since_start,dist_to_map_path_m,accepted_now,dist_to_mark_m,mark_dyaw_deg
1790509197.882,1,0,0.004,-0.031,-3.0,0.000,,0,0.031,-3.0
1790509199.882,1,1,0.005,-0.031,-3.0,0.001,0.012,1,0.031,-3.0
1790509201.883,1,1,0.005,-0.031,-3.0,0.001,0.012,1,0.031,-3.0
1790509203.884,1,1,0.006,-0.031,-3.0,0.002,0.013,1,0.031,-3.0
1790509205.882,1,1,0.005,-0.031,-3.0,0.003,0.013,1,0.031,-3.0
1790509207.882,1,1,0.006,-0.031,-3.0,0.003,0.013,1,0.032,-3.0
1790509209.884,1,1,0.006,-0.031,-3.0,0.003,0.013,1,0.031,-3.0
1790509211.882,1,1,0.006,-0.031,-3.0,0.003,0.013,1,0.031,-3.0
1790509213.884,1,1,0.005,-0.031,-3.0,0.004,0.013,1,0.031,-3.0
1790509215.885,1,1,0.003,-0.031,-3.0,0.006,0.011,1,0.031,-3.0
1790509217.883,1,1,0.003,-0.031,-3.0,0.006,0.010,1,0.031,-3.0
1790509219.882,1,1,0.002,-0.031,-3.0,0.007,0.010,1,0.031,-3.0
1790509221.882,1,1,0.002,-0.031,-3.0,0.008,0.009,1,0.031,-3.0
1790509223.883,1,1,-0.000,-0.031,-3.0,0.009,0.007,1,0.031,-3.0
1790509225.882,1,1,0.001,-0.031,-3.0,0.011,0.009,1,0.031,-3.0
1790509227.882,1,1,0.001,-0.031,-3.0,0.011,0.008,1,0.031,-3.0
1790509229.884,1,1,0.000,-0.031,-3.0,0.012,0.008,1,0.031,-3.0
1790509231.882,1,1,0.000,-0.031,-3.0,0.012,0.008,1,0.031,-3.0
1790509233.884,1,1,0.001,-0.031,-3.0,0.012,0.008,1,0.031,-3.0
1790509239.146,1,1,0.001,-0.031,-3.0,0.012,0.008,1,0.031,-3.0
1790509239.241,1,1,0.001,-0.031,-3.0,0.012,0.008,1,0.031,-3.0
1790509239.882,1,1,0.001,-0.031,-3.0,0.012,0.008,1,0.031,-3.0
1790509241.883,1,1,0.000,-0.031,-3.0,0.013,0.008,1,0.031,-3.0
1790509243.882,1,1,0.001,-0.031,-3.0,0.013,0.008,1,0.031,-3.0
1790509247.564,1,1,0.000,-0.031,-3.0,0.014,0.008,1,0.031,-3.0
1790509247.882,1,1,0.000,-0.031,-3.0,0.014,0.008,1,0.031,-3.0
1790509249.884,1,1,0.003,-0.031,-3.0,0.017,0.010,1,0.031,-3.0
1790509251.882,1,1,0.003,-0.031,-3.0,0.017,0.010,1,0.031,-3.0
1790509254.946,1,1,0.000,-0.031,-3.0,0.019,0.008,1,0.031,-3.0
1790509255.882,1,1,0.000,-0.031,-3.0,0.019,0.008,1,0.031,-3.0
1790509257.884,1,1,0.002,-0.031,-3.0,0.021,0.009,1,0.031,-3.0
1790509262.239,1,1,0.003,-0.031,-3.0,0.022,0.010,1,0.031,-3.0
1790509262.394,1,1,0.003,-0.031,-3.0,0.022,0.010,1,0.031,-3.0
1790509263.882,1,1,0.003,-0.031,-3.0,0.022,0.010,1,0.031,-3.0
1790509265.884,1,1,0.003,-0.031,-3.0,0.022,0.010,1,0.031,-3.0
1790509269.710,1,1,0.003,-0.031,-3.0,0.022,0.010,1,0.031,-3.0
1790509269.882,1,1,0.003,-0.031,-3.0,0.022,0.010,1,0.031,-3.0
1790509271.882,1,1,0.006,-0.031,-3.0,0.025,0.013,1,0.031,-3.0
1790509278.977,1,1,0.006,-0.031,-3.3,0.025,0.013,1,0.032,-3.0
1790509284.544,1,1,0.005,-0.031,-3.1,0.027,0.012,1,0.031,-3.0
1790509284.905,1,1,0.005,-0.031,-3.1,0.027,0.012,1,0.031,-3.0
1790509285.175,1,1,0.005,-0.031,-3.2,0.027,0.013,1,0.031,-3.0
1790509286.978,1,1,0.004,-0.031,-3.2,0.029,0.011,1,0.031,-3.0
1790509292.991,1,1,0.007,-0.031,-3.1,0.031,0.014,1,0.032,-3.0
1790509294.992,1,1,0.007,-0.031,-3.2,0.031,0.014,1,0.032,-3.0
1790509296.992,1,1,0.007,-0.031,-3.2,0.032,0.014,1,0.032,-3.0
1790509300.469,1,1,0.007,-0.031,-3.1,0.032,0.014,1,0.032,-3.0
1790509300.992,1,1,0.007,-0.031,-3.1,0.032,0.015,1,0.032,-3.0
1790509302.991,1,1,0.005,-0.031,-3.1,0.034,0.013,1,0.031,-3.0
1790509307.799,1,1,0.005,-0.031,-3.1,0.035,0.012,1,0.031,-3.0
1790509307.958,1,1,0.005,-0.031,-3.1,0.035,0.012,1,0.031,-3.0
1790509308.993,1,1,0.005,-0.031,-3.1,0.035,0.013,1,0.031,-3.0
1790509315.333,1,1,0.005,-0.031,-3.1,0.035,0.013,1,0.031,-3.0
1790509317.333,1,1,0.005,-0.031,-3.1,0.036,0.012,1,0.031,-3.0
1790509322.621,1,1,0.008,-0.031,-3.1,0.039,0.015,1,0.032,-3.0
1790509322.736,1,1,0.008,-0.031,-3.1,0.039,0.015,1,0.032,-3.0
1790509323.333,1,1,0.008,-0.031,-3.1,0.039,0.016,1,0.032,-3.0
1790509325.334,1,1,0.009,-0.031,-3.1,0.040,0.016,1,0.032,-3.0
1790509329.901,1,1,0.009,-0.031,-3.1,0.040,0.016,1,0.032,-3.0
1790509329.962,1,1,0.009,-0.031,-3.1,0.040,0.016,1,0.032,-3.0
1790509331.334,1,1,0.009,-0.031,-3.1,0.041,0.016,1,0.032,-3.0
1790509337.066,1,1,0.009,-0.031,-3.1,0.041,0.016,1,0.032,-3.0
1790509337.089,1,1,0.009,-0.031,-3.1,0.041,0.017,1,0.032,-3.0
1790509337.333,1,1,0.009,-0.031,-3.1,0.041,0.016,1,0.032,-3.0
1790509339.334,1,1,0.009,-0.031,-3.1,0.041,0.016,1,0.032,-3.0
1790509344.745,1,1,0.009,-0.031,-3.0,0.041,0.016,1,0.032,-3.0
1790509344.809,1,1,0.009,-0.031,-3.1,0.041,0.016,1,0.032,-3.0
1790509352.035,1,1,0.010,-0.031,-3.1,0.042,0.017,1,0.032,-3.0
1790509354.036,1,1,0.011,-0.032,-3.1,0.044,0.019,1,0.032,-3.0
1790509356.036,1,1,0.012,-0.032,-3.1,0.044,0.019,1,0.032,-3.0
1790509359.751,1,1,0.012,-0.032,-3.1,0.044,0.019,1,0.032,-3.0
1790509360.035,1,1,0.012,-0.032,-3.1,0.044,0.019,1,0.032,-3.0
1790509362.035,1,1,0.012,-0.032,-3.1,0.044,0.019,1,0.032,-3.0
1790509364.036,1,1,0.010,-0.000,-0.1,0.045,0.008,1,0.002,-0.0
1790509366.036,1,1,0.011,-0.000,-0.1,0.046,0.009,1,0.002,-0.0
1790509368.036,1,1,0.011,-0.000,-0.1,0.046,0.010,1,0.002,-0.0
1790509370.037,1,1,0.011,-0.000,-0.1,0.046,0.009,1,0.002,-0.0
1790509372.036,1,1,0.012,-0.000,-0.1,0.047,0.010,1,0.002,-0.0
1790509374.036,1,1,0.012,-0.000,-0.1,0.048,0.010,1,0.002,-0.0
1790509376.036,1,1,0.012,-0.000,-0.1,0.048,0.010,1,0.002,-0.0
1790509378.036,1,1,0.013,-0.000,-0.0,0.049,0.011,1,0.002,-0.0
1790509380.036,1,1,0.013,-0.000,-0.1,0.050,0.011,1,0.002,-0.0
1790509382.038,1,1,0.014,-0.000,-0.1,0.051,0.012,1,0.002,-0.0
1790509384.037,1,1,0.014,-0.000,-0.1,0.051,0.012,1,0.002,-0.0
1790509386.036,1,1,0.013,-0.000,-0.1,0.052,0.011,1,0.002,-0.0
1790509388.037,1,1,0.015,-0.000,-0.1,0.054,0.014,1,0.002,-0.0
1790509390.036,1,1,0.015,-0.000,-0.1,0.054,0.014,1,0.002,-0.0
1790509392.036,1,1,0.015,-0.000,-0.1,0.055,0.013,1,0.002,-0.0
1790509394.036,2,0,40.000,39.999,90.0,0.000,,0,56.568,90.0
1790509396.036,2,0,40.000,39.999,90.0,0.000,,0,56.568,90.0
1790509398.036,2,0,40.000,39.998,90.0,0.002,,0,56.568,90.0
1790509400.036,2,0,40.000,39.997,90.0,0.002,,0,56.568,90.0
1790509402.035,2,0,40.000,39.997,90.0,0.002,,0,56.568,90.0
1790509404.037,2,0,40.000,39.998,90.0,0.003,,0,56.568,90.0
1790509406.036,2,0,40.000,39.998,90.0,0.003,,0,56.568,90.0
1790509408.036,2,0,40.000,39.998,90.0,0.003,,0,56.568,90.0
1790509410.039,2,0,40.000,39.999,90.0,0.004,,0,56.568,90.0
1790509412.036,2,0,40.000,39.999,90.0,0.004,,0,56.568,90.0
1790509414.036,2,0,40.000,40.001,90.0,0.006,,0,56.568,90.0
1790509416.037,2,0,40.000,40.000,90.0,0.007,,0,56.568,90.0
1790509418.035,2,0,40.000,40.000,90.0,0.008,,0,56.568,90.0
1790509420.036,2,0,40.000,39.999,90.0,0.009,,0,56.568,90.0
1790509422.037,2,0,40.000,39.999,90.0,0.009,,0,56.568,90.0
1790509424.036,2,0,40.000,39.999,90.0,0.009,,0,56.568,90.0
1790509426.036,2,0,40.000,39.999,90.0,0.010,,0,56.568,90.0
1790509430.633,2,0,40.000,39.998,89.8,0.010,,0,56.568,90.0
1790509430.805,2,0,40.000,40.000,89.9,0.012,,0,56.568,90.0
1790509432.036,2,0,40.000,40.002,90.0,0.014,,0,56.568,90.0
1790509434.035,2,0,40.000,40.002,90.0,0.014,,0,56.568,90.0
1790509436.039,2,0,40.000,40.002,90.0,0.014,,0,56.568,90.0
1790509438.036,2,0,40.000,40.003,90.0,0.015,,0,56.568,90.0
1790509440.036,2,0,40.000,40.002,90.0,0.017,,0,56.568,90.0
1790509442.037,2,0,40.000,40.001,90.0,0.017,,0,56.568,90.0
1790509444.036,2,0,40.000,40.001,90.0,0.018,,0,56.568,90.0
1790509446.035,2,0,40.000,40.002,90.0,0.019,,0,56.568,90.0
1790509448.036,2,0,40.000,40.003,90.0,0.019,,0,56.568,90.0
1790509450.036,2,0,40.000,40.004,90.0,0.020,,0,56.568,90.0
1790509452.036,2,0,40.000,40.004,90.0,0.020,,0,56.568,90.0
1790509454.035,2,0,40.000,40.004,90.0,0.020,,0,56.568,90.0
1790509456.039,2,0,40.000,40.004,90.0,0.020,,0,56.568,90.0
1790509458.036,2,0,40.000,40.004,90.0,0.020,,0,56.568,90.0
1790509460.036,2,0,40.000,40.004,90.0,0.021,,0,56.568,90.0
1790509462.037,2,0,40.000,40.004,90.0,0.022,,0,56.568,90.0
1790509464.812,2,0,40.000,40.004,90.0,0.023,,0,56.568,90.0
1790509466.237,2,0,40.000,40.005,90.0,0.023,,0,56.568,90.0
1790509468.036,2,0,40.000,40.005,90.0,0.023,,0,56.568,90.0
1790509470.037,2,0,40.000,40.007,90.0,0.025,,0,56.568,90.0
1790509472.036,2,0,40.000,40.006,90.0,0.026,,0,56.568,90.0
1790509474.036,2,0,40.000,40.006,90.0,0.026,,0,56.568,90.0
1790509476.036,2,0,40.000,40.006,90.0,0.026,,0,56.568,90.0
1790509478.036,2,0,40.000,40.006,90.0,0.027,,0,56.568,90.0
1790509480.036,2,0,40.000,40.007,90.0,0.027,,0,56.568,90.0
1790509482.036,2,0,40.000,40.007,90.0,0.027,,0,56.568,90.0
1790509484.036,2,0,40.000,40.006,90.0,0.028,,0,56.568,90.0
1790509486.036,2,0,40.000,40.005,90.0,0.029,,0,56.568,90.0
1790509488.036,2,0,40.000,40.005,90.0,0.029,,0,56.568,90.0
1790509490.036,2,0,40.000,40.006,90.0,0.029,,0,56.568,90.0
1790509492.036,2,0,40.000,40.005,90.0,0.029,,0,56.568,90.0
1790509494.035,2,0,40.000,40.022,89.9,0.046,,0,56.568,90.0
1790509496.036,2,0,40.000,40.162,90.0,0.186,,0,56.568,90.0
1790509498.036,2,0,40.000,40.284,90.1,0.309,,0,56.569,90.0
1790509500.036,2,0,40.000,40.284,90.0,0.309,,0,56.569,90.0
1790509502.277,2,0,40.000,40.284,90.1,0.309,,0,56.569,90.0
1790509504.037,2,0,40.000,40.284,90.0,0.309,,0,56.569,90.0
1790509506.036,2,0,40.000,40.284,90.0,0.309,,0,56.569,90.0
1790509508.035,2,0,40.000,40.284,90.0,0.309,,0,56.569,90.0
1790509510.038,2,0,40.000,40.284,90.0,0.309,,0,56.569,90.0
1790509512.036,2,0,40.000,40.284,90.0,0.310,,0,56.569,90.0
1790509514.039,2,0,40.000,40.285,90.0,0.310,,0,56.569,90.0
1790509516.036,2,0,40.000,40.285,90.0,0.310,,0,56.569,90.0
1790509518.037,2,0,40.000,40.283,90.0,0.311,,0,56.569,90.0
1790509520.036,2,0,40.000,40.284,90.0,0.312,,0,56.569,90.0
1790509522.036,2,0,40.000,40.284,90.0,0.312,,0,56.569,90.0
1790509524.036,2,0,40.000,40.284,90.0,0.312,,0,56.569,90.0
1790509526.037,2,0,40.000,40.284,90.0,0.312,,0,56.569,90.0
1790509528.036,2,0,40.000,40.283,90.0,0.314,,0,56.569,90.0
1790509530.036,2,0,40.000,40.283,90.0,0.315,,0,56.569,90.0
1790509532.036,2,0,40.000,40.284,90.1,0.315,,0,56.569,90.0
1790509534.035,2,0,40.000,40.284,90.1,0.315,,0,56.569,90.0
1790509536.036,2,0,40.000,40.284,90.1,0.316,,0,56.569,90.0
1790509538.035,2,0,40.000,40.284,90.1,0.316,,0,56.569,90.0
1790509540.038,2,0,40.000,40.283,90.1,0.317,,0,56.569,90.0
1790509542.039,2,0,40.000,40.283,90.1,0.317,,0,56.569,90.0
1790509544.036,2,0,40.000,40.284,90.1,0.318,,0,56.569,90.0
1790509546.036,2,0,40.000,40.284,90.1,0.318,,0,56.569,90.0
1790509548.037,2,0,40.000,40.284,90.1,0.318,,0,56.569,90.0
1790509550.036,2,0,40.000,40.284,90.1,0.318,,0,56.569,90.0
1790509552.036,2,0,40.000,40.284,90.1,0.319,,0,56.569,90.0
1790509554.036,2,0,40.000,40.285,90.1,0.319,,0,56.569,90.0
1790509556.036,2,0,40.000,40.285,90.1,0.319,,0,56.569,90.0
1790509558.037,2,0,40.000,40.285,90.1,0.319,,0,56.569,90.0
1790509560.036,2,0,40.000,40.285,90.1,0.320,,0,56.569,90.0
1790509562.038,2,0,40.000,40.284,90.1,0.320,,0,56.569,90.0
1790509564.036,2,0,40.000,40.284,90.1,0.320,,0,56.569,90.0
1790509566.036,2,0,40.000,40.283,90.1,0.321,,0,56.569,90.0
1790509568.036,2,0,40.000,40.283,90.1,0.321,,0,56.569,90.0
1790509570.036,2,0,40.000,40.280,90.1,0.324,,0,56.569,90.0
1790509572.039,2,0,40.000,40.493,90.1,0.537,,0,56.571,90.0
1790509574.036,2,0,39.998,40.830,90.3,0.873,,0,56.577,90.0
1790509576.036,2,0,39.996,41.169,90.4,1.213,,0,56.586,90.0
1790509578.036,2,0,39.994,41.509,90.5,1.552,,0,56.598,90.0
1790509580.036,2,0,39.990,41.845,90.6,1.888,,0,56.614,90.0
1790509582.036,2,0,39.986,42.189,90.8,2.233,,0,56.632,90.0
1790509584.036,2,0,39.981,42.545,91.0,2.589,,0,56.654,90.0
1790509586.036,2,0,39.974,42.902,91.1,2.946,,0,56.679,90.0
1790509588.037,2,0,39.967,43.253,91.2,3.297,,0,56.707,90.0
1790509590.036,2,0,39.959,43.606,91.3,3.650,,0,56.738,90.0
1790509592.036,2,0,39.951,43.953,91.4,3.997,,0,56.772,90.0
1790509594.036,2,0,39.942,44.299,91.5,4.343,,0,56.810,90.0
1790509596.036,2,0,39.932,44.632,91.7,4.676,,0,56.848,90.0
1790509598.039,2,0,39.921,44.972,91.8,5.016,,0,56.891,90.0
1790509600.040,2,0,39.910,45.321,92.0,5.366,,0,56.937,90.0
1790509602.035,2,0,39.897,45.670,92.1,5.715,,0,56.987,90.0
1790509604.037,2,0,39.884,46.024,92.3,6.069,,0,57.041,90.0
1790509606.036,2,1,6.158,-0.166,-0.1,6.414,0.046,1,0.366,-2.6
1790509608.036,2,1,6.504,-0.166,0.1,6.765,0.046,1,0.381,-2.5
1790509610.036,2,1,6.849,-0.158,0.3,7.115,0.049,1,0.392,-2.4
1790509612.038,2,1,7.182,-0.159,0.5,7.464,0.079,1,0.414,-2.3
1790509614.039,2,1,7.239,-0.160,0.5,7.544,0.032,1,0.432,-2.3
1790509616.036,2,1,7.238,-0.160,0.5,7.545,0.032,1,0.432,-2.3
1790509618.036,2,1,7.243,-0.160,0.5,7.550,0.029,1,0.432,-2.3
1790509620.036,2,1,7.242,-0.160,0.5,7.551,0.030,1,0.432,-2.3
1790509622.037,2,1,7.242,-0.160,0.5,7.551,0.030,1,0.432,-2.3
1790509624.036,2,1,7.242,-0.160,0.5,7.552,0.030,1,0.432,-2.3
1790509626.036,2,1,7.245,-0.160,0.5,7.555,0.028,1,0.432,-2.3
1790509628.036,2,1,7.523,-0.157,0.6,7.833,0.112,1,0.441,-2.3
1790509630.036,2,1,7.873,-0.144,0.4,8.183,0.036,1,0.445,-2.7
1790509632.036,2,1,8.214,-0.150,0.7,8.540,0.028,1,0.475,-2.4
1790509634.036,2,1,8.536,-0.135,1.1,8.890,0.097,1,0.495,-2.3
1790509636.037,2,1,8.880,-0.133,1.2,9.244,0.128,1,0.516,-2.2
1790509638.036,2,1,9.213,-0.117,1.2,9.599,0.145,1,0.533,-2.3
1790509640.036,2,1,9.224,-0.117,1.1,9.626,0.145,1,0.544,-2.5
1790509642.036,2,1,9.224,-0.117,1.1,9.626,0.145,1,0.544,-2.5
1790509644.036,2,1,9.225,-0.117,1.1,9.627,0.145,1,0.544,-2.5
1790509646.036,2,1,9.224,-0.117,1.1,9.627,0.145,1,0.544,-2.5
1790509648.037,2,1,9.224,-0.117,1.1,9.628,0.145,1,0.544,-2.5
1790509650.037,2,1,9.225,-0.117,1.1,9.628,0.145,1,0.544,-2.5
1790509652.036,2,1,9.225,-0.117,1.1,9.628,0.145,1,0.544,-2.5
1790509654.036,2,1,9.225,-0.117,1.1,9.629,0.145,1,0.544,-2.5
1790509656.036,2,1,9.224,-0.117,1.1,9.629,0.145,1,0.544,-2.5
1790509658.038,2,1,9.224,-0.117,1.1,9.629,0.145,1,0.544,-2.5
1790509660.036,2,1,9.224,-0.117,1.1,9.629,0.145,1,0.544,-2.5
1790509662.036,2,1,9.225,-0.117,1.1,9.629,0.145,1,0.544,-2.5
1790509664.036,2,1,9.224,-0.117,1.1,9.629,0.145,1,0.544,-2.5
1790509666.037,2,1,9.225,-0.117,1.1,9.630,0.145,1,0.544,-2.5
1790509668.036,2,1,9.225,-0.117,1.1,9.630,0.145,1,0.544,-2.5
1790509670.036,2,1,9.224,-0.117,1.2,9.631,0.145,1,0.544,-2.5
1790509672.036,2,1,9.224,-0.117,1.2,9.631,0.145,1,0.544,-2.5
1790509674.037,2,1,9.224,-0.117,1.2,9.632,0.145,1,0.544,-2.5
1790509676.035,2,1,9.224,-0.117,1.2,9.632,0.145,1,0.544,-2.5
1790509678.036,2,1,9.224,-0.117,1.2,9.633,0.145,1,0.544,-2.5
1790509680.037,2,1,9.224,-0.117,1.2,9.633,0.145,1,0.544,-2.5
1790509682.036,2,1,9.224,-0.117,1.2,9.633,0.145,1,0.544,-2.5
1790509684.036,2,1,9.223,-0.117,1.1,9.633,0.145,1,0.544,-2.5
1790509686.036,2,1,9.224,-0.117,1.2,9.634,0.145,1,0.544,-2.5
1790509688.036,2,1,9.224,-0.117,1.1,9.634,0.145,1,0.544,-2.5
1790509690.036,2,1,9.224,-0.117,1.1,9.635,0.145,1,0.544,-2.5
1790509692.039,2,1,9.224,-0.117,1.1,9.635,0.145,1,0.544,-2.5
1790509694.039,2,1,9.224,-0.117,1.1,9.635,0.145,1,0.544,-2.5
1790509696.035,2,1,9.224,-0.117,1.1,9.636,0.145,1,0.544,-2.5
1790509698.036,2,1,9.224,-0.117,1.1,9.636,0.145,1,0.544,-2.5
1790509700.037,2,1,9.224,-0.117,1.2,9.636,0.145,1,0.544,-2.5
1790509702.036,2,1,9.224,-0.117,1.2,9.636,0.145,1,0.544,-2.5
1790509704.036,2,1,9.225,-0.117,1.2,9.636,0.145,1,0.544,-2.5
1790509706.036,2,1,9.225,-0.117,1.2,9.636,0.145,1,0.544,-2.5
1790509708.036,2,1,9.225,-0.117,1.2,9.637,0.145,1,0.544,-2.5
1790509710.037,2,1,9.225,-0.117,1.2,9.637,0.145,1,0.544,-2.5
1790509712.036,2,1,9.225,-0.117,1.2,9.637,0.145,1,0.544,-2.5
1790509714.036,2,1,9.225,-0.117,1.2,9.637,0.145,1,0.544,-2.5
1790509716.037,2,1,9.224,-0.117,1.2,9.638,0.145,1,0.544,-2.5
1790509718.035,2,1,9.224,-0.117,1.2,9.638,0.145,1,0.544,-2.5
1790509720.036,2,1,9.225,-0.117,1.2,9.638,0.145,1,0.544,-2.5
1790509722.037,2,1,9.224,-0.117,1.2,9.639,0.145,1,0.544,-2.5
1790509724.036,2,1,9.225,-0.117,1.2,9.639,0.145,1,0.544,-2.5
1790509726.037,2,1,9.224,-0.117,1.2,9.640,0.145,1,0.544,-2.5
1790509728.037,2,1,9.224,-0.117,1.2,9.640,0.145,1,0.544,-2.5
1790509730.036,2,1,9.224,-0.117,1.2,9.640,0.145,1,0.544,-2.5
1790509732.036,2,1,9.224,-0.117,1.2,9.641,0.145,1,0.544,-2.5
1790509734.035,2,1,9.224,-0.117,1.2,9.641,0.145,1,0.544,-2.5
1790509736.036,2,1,9.224,-0.117,1.2,9.641,0.145,1,0.544,-2.5
1790509738.035,2,1,9.224,-0.117,1.2,9.641,0.145,1,0.544,-2.5
1790509740.036,2,1,9.224,-0.117,1.2,9.641,0.145,1,0.544,-2.5
1790509742.037,2,1,9.224,-0.117,1.2,9.641,0.145,1,0.544,-2.5
1790509744.036,2,1,9.224,-0.117,1.2,9.642,0.145,1,0.544,-2.5
1790509746.039,2,1,9.224,-0.117,1.2,9.642,0.145,1,0.544,-2.5
1790509748.038,2,1,9.224,-0.117,1.2,9.642,0.145,1,0.544,-2.5
1790509750.036,2,1,9.224,-0.117,1.2,9.643,0.145,1,0.544,-2.5
1790509752.039,2,1,9.224,-0.116,1.2,9.643,0.145,1,0.544,-2.5
1790509754.036,2,1,9.225,-0.116,1.2,9.643,0.145,1,0.544,-2.5
1790509756.036,2,1,9.224,-0.116,1.2,9.644,0.145,1,0.544,-2.5
1790509758.036,2,1,9.224,-0.116,1.2,9.644,0.145,1,0.544,-2.5
1790509760.036,2,1,9.224,-0.116,1.2,9.644,0.145,1,0.544,-2.5
1790509762.036,2,1,9.224,-0.116,1.2,9.644,0.145,1,0.544,-2.5
1790509764.036,2,1,9.224,-0.116,1.2,9.644,0.145,1,0.544,-2.5
1790509766.036,2,1,9.223,-0.117,1.2,9.646,0.145,1,0.544,-2.5
1790509768.036,2,1,9.223,-0.117,1.2,9.646,0.145,1,0.544,-2.5
1790509770.036,2,1,9.223,-0.117,1.2,9.646,0.145,1,0.544,-2.5
1790509772.036,2,1,9.223,-0.117,1.2,9.646,0.145,1,0.544,-2.5
1790509774.036,2,1,9.223,-0.117,1.2,9.646,0.145,1,0.544,-2.5
1790509776.036,2,1,9.223,-0.116,1.2,9.647,0.145,1,0.544,-2.5
1790509778.037,2,1,9.223,-0.117,1.2,9.647,0.145,1,0.544,-2.5
1790509780.036,2,1,9.222,-0.117,1.2,9.647,0.145,1,0.544,-2.5
1790509782.038,2,1,9.223,-0.117,1.2,9.648,0.145,1,0.544,-2.5
1790509784.036,2,1,9.223,-0.117,1.2,9.648,0.145,1,0.544,-2.5
1790509786.036,2,1,9.223,-0.116,1.2,9.648,0.145,1,0.544,-2.5
1790509788.036,2,1,9.223,-0.116,1.2,9.648,0.145,1,0.544,-2.5
1790509790.039,2,1,9.223,-0.116,1.2,9.649,0.145,1,0.544,-2.5
1790509792.039,2,1,9.427,-0.112,1.2,9.853,0.160,1,0.551,-2.5
1790509794.036,2,1,9.541,-0.115,1.1,9.973,0.047,1,0.563,-2.5
1790509796.036,2,1,9.604,-0.114,1.1,10.036,0.017,1,0.565,-2.5
1790509798.037,2,1,10.057,-0.100,1.2,10.483,0.082,1,0.573,-2.6
1790509800.036,2,1,10.426,-0.093,1.4,10.864,0.061,1,0.594,-2.5
1790509802.037,2,1,10.797,-0.082,1.6,11.246,0.037,1,0.612,-2.5
1790509804.036,2,1,11.151,-0.067,1.8,11.609,0.037,1,0.626,-2.3
1790509806.036,2,1,11.529,-0.051,2.1,12.002,0.035,1,0.646,-2.3
1790509808.036,2,1,11.963,-0.040,2.4,12.456,0.156,1,0.675,-2.1
1790509810.036,2,1,12.448,-0.021,2.8,12.921,0.026,1,0.678,-2.0
1790509812.036,2,1,12.870,0.020,3.1,13.392,0.109,1,0.707,-1.9
1790509814.039,2,1,13.274,0.042,2.0,13.797,0.079,1,0.717,-1.9
1790509816.037,2,1,13.687,0.046,0.4,14.210,0.049,1,0.728,-1.9
1790509818.036,2,1,14.075,0.048,0.5,14.598,0.039,1,0.738,-1.9
1790509820.036,2,1,14.499,0.052,0.6,15.022,0.061,1,0.749,-1.9
1790509822.037,2,1,14.796,0.055,0.7,15.319,0.036,1,0.757,-1.9
1790509824.035,2,1,14.796,0.056,-39.9,15.319,0.036,1,0.757,-1.9
1790509826.039,2,1,14.819,0.013,-89.9,15.367,0.010,1,0.759,-1.9
1790509828.039,2,1,14.817,0.012,-93.4,15.369,0.008,1,0.759,-1.9
1790509830.035,2,1,14.480,-0.314,-95.5,15.446,0.134,1,1.162,-4.1
1790509832.036,2,1,14.471,-0.604,-92.3,15.741,0.262,1,1.163,-3.9
1790509834.036,2,1,14.470,-0.597,-92.3,15.747,0.263,1,1.164,-3.9
1790509836.039,2,1,14.470,-0.596,-92.3,15.748,0.263,1,1.164,-3.9
1790509838.036,2,1,14.470,-0.593,-92.3,15.751,0.263,1,1.163,-3.9
1790509840.037,2,1,14.470,-0.592,-92.4,15.752,0.263,1,1.163,-3.9
1790509842.036,2,1,14.470,-0.590,-92.4,15.753,0.263,1,1.163,-3.9
1790509844.036,2,1,14.470,-0.591,-92.4,15.754,0.263,1,1.163,-3.9
1790509846.036,2,1,14.470,-0.591,-92.4,15.754,0.263,1,1.163,-3.9
1790509848.035,2,1,14.470,-0.589,-92.4,15.756,0.262,1,1.163,-3.9
1790509850.035,2,1,14.470,-0.590,-92.4,15.757,0.263,1,1.163,-3.9
1790509852.035,2,1,14.470,-0.590,-92.4,15.757,0.262,1,1.163,-3.9
1790509854.036,2,1,14.470,-0.590,-92.4,15.758,0.263,1,1.163,-3.9
1790509856.036,2,1,14.470,-0.588,-92.4,15.760,0.262,1,1.163,-3.9
1790509858.036,2,1,14.470,-0.589,-92.4,15.760,0.262,1,1.163,-3.9
1790509860.036,2,1,14.470,-0.587,-92.4,15.762,0.262,1,1.163,-3.9
1790509862.036,2,1,14.470,-0.586,-92.4,15.763,0.262,1,1.163,-3.9
1790509864.036,2,1,14.470,-0.585,-92.4,15.764,0.262,1,1.163,-3.9
1790509866.036,2,1,14.470,-0.588,-92.3,15.767,0.262,1,1.163,-3.9
1790509868.036,2,1,14.458,-0.969,-92.0,16.140,0.287,1,1.185,-3.8
1790509870.036,2,1,14.438,-1.402,-91.6,16.574,0.324,1,1.209,-3.7
1790509872.036,2,1,14.432,-1.839,-91.5,17.015,0.300,1,1.222,-3.7
1790509874.038,2,1,14.421,-2.281,-91.2,17.462,0.338,1,1.238,-3.6
1790509876.036,2,1,14.412,-2.717,-91.0,17.898,0.318,1,1.258,-3.6
1790509878.036,2,1,14.407,-3.170,-90.8,18.358,0.328,1,1.275,-3.6
1790509880.036,2,1,14.405,-3.519,-90.2,18.801,0.340,1,1.233,-3.2
1790509882.036,2,1,14.402,-3.944,-90.2,19.222,0.314,1,1.256,-3.4
1790509884.036,2,1,14.402,-4.353,-90.1,19.635,0.309,1,1.272,-3.4
1790509886.036,2,1,14.405,-4.747,-89.9,20.056,0.323,1,1.275,-3.3
1790509888.036,2,1,14.406,-5.290,-89.7,20.608,0.296,1,1.296,-3.4
1790509890.037,2,1,14.412,-5.822,-89.4,21.148,0.289,1,1.318,-3.3
1790509892.036,2,1,14.421,-6.380,-89.1,21.711,0.245,1,1.342,-3.2
1790509894.036,2,1,14.430,-6.932,-89.0,22.263,0.274,1,1.369,-3.2
1790509896.036,2,1,14.441,-7.369,-88.4,22.814,0.267,1,1.340,-2.9
1790509898.036,2,1,14.457,-7.937,-88.3,23.379,0.221,1,1.368,-2.9
1790509900.036,2,1,14.466,-8.446,-88.3,23.939,0.177,1,1.381,-3.2
1790509902.036,2,1,14.476,-8.912,-89.2,24.471,0.161,1,1.386,-3.1
1790509904.036,2,1,14.482,-9.452,-89.2,25.010,0.121,1,1.414,-3.1
1790509906.036,2,1,14.484,-9.998,-89.2,25.602,0.072,1,1.437,-3.3
1790509908.037,2,1,14.496,-10.606,-88.9,26.232,0.121,1,1.464,-3.3
1790509910.037,2,1,14.511,-11.238,-88.7,26.885,0.013,1,1.494,-3.4
1790509912.036,2,1,14.528,-11.861,-88.5,27.525,0.074,1,1.525,-3.4
1790509914.036,2,1,14.545,-12.470,-88.3,28.135,0.105,1,1.561,-3.4
1790509916.036,2,1,14.592,-13.030,-87.9,28.719,0.120,1,1.561,-3.1
1790509918.036,2,1,14.621,-13.685,-88.1,29.387,0.214,1,1.590,-3.5
1790509920.035,2,1,14.647,-14.290,-88.0,30.039,0.225,1,1.617,-3.7
1790509922.036,2,1,14.677,-14.920,-88.1,30.686,0.078,1,1.649,-4.1
1790509924.036,2,1,14.683,-14.978,-90.2,30.745,0.127,1,1.648,-4.1
1790509926.036,2,1,14.676,-14.962,-106.4,30.764,0.115,1,1.659,-4.1
1790509928.035,2,1,14.689,-14.939,-129.7,30.791,0.089,1,1.657,-4.1
1790509930.037,2,1,14.684,-14.940,-158.3,30.796,0.092,1,1.657,-4.1
1790509932.036,2,1,14.663,-14.941,179.0,30.816,0.103,1,1.657,-4.1
1790509934.036,2,1,14.665,-14.941,179.0,30.818,0.102,1,1.657,-4.1
1790509936.039,2,1,14.408,-14.935,178.8,31.075,0.075,1,1.654,-4.1
1790509938.036,2,1,13.840,-14.952,178.0,31.614,0.059,1,1.682,-5.0
1790509940.035,2,1,13.443,-14.930,172.0,32.040,0.029,1,1.648,-4.8
1790509942.036,2,1,12.872,-14.812,168.5,32.626,0.009,1,1.631,-4.9
1790509944.036,2,1,12.231,-14.685,168.8,33.290,0.032,1,1.606,-4.9
1790509946.036,2,1,11.559,-14.557,168.9,33.992,0.026,1,1.577,-4.9
1790509948.036,2,1,10.958,-14.478,176.3,34.623,0.097,1,1.545,-4.8
1790509950.037,2,1,10.381,-14.469,178.1,35.233,0.093,1,1.511,-4.6
1790509952.036,2,1,9.772,-14.453,178.4,35.851,0.063,1,1.503,-4.6
1790509954.036,2,1,9.187,-14.448,178.9,36.482,0.091,1,1.458,-4.4
1790509956.036,2,1,8.549,-14.439,179.2,37.132,0.063,1,1.450,-4.4
1790509958.036,2,1,7.887,-14.434,179.5,37.825,0.024,1,1.426,-4.4
1790509960.036,2,1,7.229,-14.429,179.6,38.498,0.068,1,1.419,-4.5
1790509962.036,2,1,6.586,-14.426,179.9,39.161,0.060,1,1.409,-4.5
1790509964.040,2,1,5.959,-14.430,-179.8,39.813,0.077,1,1.397,-4.4
1790509966.036,2,1,5.326,-14.436,-179.5,40.464,0.051,1,1.392,-4.4
1790509968.036,2,1,4.657,-14.444,-179.2,41.140,0.074,1,1.404,-4.4
1790509970.037,2,1,4.006,-14.455,-179.0,41.792,0.086,1,1.419,-4.4
1790509972.036,2,1,3.383,-14.470,-178.7,42.435,0.092,1,1.420,-4.4
1790509974.036,2,1,2.780,-14.488,-178.4,43.081,0.094,1,1.401,-4.3
1790509976.035,2,1,2.153,-14.508,-178.1,43.719,0.082,1,1.413,-4.3
1790509978.039,2,1,1.564,-14.532,-177.9,44.320,0.061,1,1.424,-4.3
1790509980.036,2,1,1.100,-14.537,177.7,44.859,0.156,1,1.378,-4.1
1790509982.036,2,1,0.459,-14.506,177.7,45.542,0.137,1,1.369,-4.1
1790509984.036,2,1,-0.234,-14.481,177.9,46.255,0.173,1,1.380,-4.2
1790509986.036,2,1,-1.010,-14.454,178.2,47.032,0.947,1,1.413,-4.2
1790509988.036,2,1,-1.762,-14.431,178.4,47.809,1.698,1,1.428,-4.1
1790509990.035,2,1,-2.541,-14.412,178.7,48.588,2.475,1,1.464,-4.1
1790509992.036,2,1,-3.315,-14.397,179.0,49.362,3.248,1,1.501,-4.1
1790509994.036,2,1,-4.071,-14.386,179.3,50.119,4.004,1,1.539,-4.1
1790509996.036,2,1,-4.338,-14.383,179.4,50.385,4.270,1,1.553,-4.1
1790509998.036,2,1,-3.940,-14.388,179.2,50.783,3.873,1,1.532,-4.1
1790510000.036,2,1,-3.392,-14.396,179.0,51.331,3.325,1,1.505,-4.1
1790510002.036,2,1,-2.846,-14.407,178.8,51.878,2.779,1,1.479,-4.1
1790510004.037,2,1,-2.306,-14.419,178.6,52.417,2.240,1,1.453,-4.1
1790510006.037,2,1,-1.767,-14.433,178.5,52.956,1.702,1,1.428,-4.1
1790510008.036,2,1,-1.206,-14.450,178.2,53.518,1.142,1,1.403,-4.1
1790510010.036,2,1,-0.632,-14.469,178.0,54.092,0.569,1,1.378,-4.1
1790510012.036,2,1,0.043,-14.492,177.9,54.677,0.052,1,1.279,-4.1
1790510014.036,2,1,0.617,-14.511,177.8,55.262,0.110,1,1.266,-4.1
1790510016.036,2,1,0.446,-14.504,177.7,55.433,0.129,1,1.273,-4.1
1790510018.036,2,1,0.305,-14.495,145.2,55.541,0.118,1,1.309,-4.1
1790510020.036,2,1,0.305,-14.445,95.7,55.595,0.082,1,1.298,-4.1
1790510022.036,2,1,0.342,-14.063,95.9,55.970,0.224,1,1.227,-3.7
1790510024.036,2,1,0.297,-13.396,95.8,56.636,0.168,1,1.182,-4.0
1790510026.036,2,1,0.239,-12.738,96.5,57.309,0.091,1,1.135,-3.6
1790510028.039,2,1,0.124,-12.276,96.6,58.001,0.131,1,0.992,-2.5
1790510030.036,2,1,0.144,-11.647,89.2,58.683,0.092,1,0.934,-2.4
1790510032.036,2,1,0.153,-10.924,89.5,59.451,0.048,1,0.884,-2.3
1790510034.036,2,1,0.160,-10.198,89.8,60.226,0.076,1,0.831,-2.2
1790510036.036,2,1,0.159,-9.447,90.1,61.012,0.056,1,0.788,-2.2
1790510038.036,2,1,0.164,-8.733,90.5,61.783,0.109,1,0.728,-2.1
1790510040.036,2,1,0.155,-7.995,90.9,62.573,0.087,1,0.679,-2.1
1790510042.036,2,1,0.157,-7.290,91.9,63.371,0.072,1,0.604,-1.4
1790510044.036,2,1,0.151,-6.528,85.9,64.148,0.080,1,0.583,-1.6
1790510046.036,2,1,0.219,-5.778,85.6,64.937,0.030,1,0.541,-1.8
1790510048.036,2,1,0.275,-4.982,85.9,65.738,0.063,1,0.518,-1.8
1790510050.037,2,1,0.338,-4.264,86.5,66.526,0.099,1,0.473,-1.5
1790510052.039,2,1,0.378,-3.565,87.3,67.322,0.145,1,0.460,-0.9
1790510054.037,2,1,0.387,-2.871,90.0,68.016,0.164,1,0.448,-0.9
1790510056.037,2,1,0.417,-2.279,90.3,68.655,0.205,1,0.413,-1.0
1790510058.036,2,1,0.432,-1.684,90.5,69.295,0.245,1,0.396,-1.1
1790510060.039,2,1,0.433,-1.050,90.9,69.948,0.210,1,0.383,-1.1
1790510062.039,2,1,0.428,-0.429,90.7,70.587,0.198,1,0.373,-1.6
1790510064.036,2,1,0.428,-0.069,90.7,70.953,0.104,1,0.362,-1.7
1790510066.036,2,1,0.427,-0.068,90.7,70.953,0.105,1,0.363,-1.6
1790510068.036,2,1,0.427,-0.069,90.7,70.954,0.104,1,0.363,-1.6
1790510070.035,2,1,0.427,-0.071,90.7,70.956,0.102,1,0.363,-1.6
1790510072.038,2,1,0.427,-0.070,84.8,70.957,0.103,1,0.363,-1.6
1790510074.035,2,1,0.506,-0.034,9.8,71.045,0.059,1,0.364,-1.6
1790510076.036,2,1,0.535,-0.147,-1.3,71.055,0.146,1,0.419,-2.5
1790510078.035,2,1,0.533,-0.147,-1.3,71.057,0.144,1,0.419,-2.5
1790510080.036,2,1,1.036,-0.162,-1.6,71.560,0.030,1,0.434,-2.5
1790510082.036,2,1,1.639,-0.222,-1.2,72.155,0.124,1,0.483,-2.2
1790510084.039,2,1,2.207,-0.241,-0.9,72.731,0.102,1,0.512,-2.1
1790510086.036,2,1,2.789,-0.255,-0.6,73.335,0.210,1,0.548,-2.0
1790510088.035,2,1,3.370,-0.259,-0.2,73.935,0.044,1,0.575,-1.9
1790510090.036,2,1,3.899,-0.257,0.0,74.526,0.090,1,0.626,-1.8
1790510092.036,2,1,4.453,-0.252,0.3,75.112,0.100,1,0.658,-1.7
1790510094.036,2,1,5.032,-0.243,0.7,75.722,0.110,1,0.689,-1.6
1790510096.035,2,1,5.680,-0.234,1.0,76.390,0.091,1,0.716,-1.5
1790510098.036,2,1,6.324,-0.219,1.3,77.056,0.178,1,0.742,-1.5
1790510100.036,2,1,6.969,-0.193,1.6,77.733,0.061,1,0.769,-1.4
1790510102.036,2,1,7.611,-0.177,1.9,78.390,0.043,1,0.792,-1.3
1790510104.036,2,1,8.263,-0.160,2.0,79.065,0.022,1,0.824,-1.4
1790510106.036,2,1,8.913,-0.119,2.2,79.741,0.096,1,0.842,-1.5
1790510108.038,2,1,9.576,-0.094,2.5,80.429,0.017,1,0.874,-1.4
1790510110.036,2,1,10.227,-0.064,2.9,81.105,0.104,1,0.902,-1.3
1790510112.036,2,1,10.880,-0.027,3.2,81.773,0.063,1,0.922,-1.3
1790510114.036,2,1,11.547,0.018,3.5,82.454,0.037,1,0.937,-1.2
1790510116.036,2,1,12.193,0.057,3.6,83.131,0.075,1,0.971,-1.3
1790510118.036,2,1,12.866,0.095,3.9,83.779,0.108,1,0.964,-1.2
1790510120.035,2,1,13.506,0.147,4.3,84.421,0.128,1,0.973,-1.2
1790510122.036,2,1,13.988,0.179,4.4,84.905,0.160,1,0.980,-1.2
1790510124.035,2,1,13.989,0.179,4.5,84.906,0.160,1,0.980,-1.2
1790510126.036,2,1,13.989,0.179,4.5,84.906,0.161,1,0.980,-1.2
1790510128.038,2,1,13.990,0.179,4.6,84.906,0.161,1,0.980,-1.2
1790510130.036,2,1,13.990,0.179,4.5,84.906,0.161,1,0.980,-1.2
1790510132.036,2,1,13.990,0.179,4.5,84.906,0.161,1,0.980,-1.2
1790510134.036,2,1,13.990,0.179,4.5,84.906,0.161,1,0.980,-1.2
1790510136.037,2,1,13.990,0.179,4.5,84.906,0.161,1,0.980,-1.2
1790510138.036,2,1,13.990,0.179,4.6,84.906,0.161,1,0.980,-1.2
1790510140.036,2,1,13.990,0.179,4.6,84.906,0.161,1,0.980,-1.2
1790510142.036,2,1,13.990,0.179,4.6,84.906,0.161,1,0.980,-1.2
1790510144.037,2,1,13.990,0.179,4.6,84.906,0.161,1,0.980,-1.2
1790510146.036,2,1,13.990,0.179,4.6,84.906,0.161,1,0.980,-1.2
1790510148.036,2,1,13.990,0.179,4.6,84.906,0.161,1,0.980,-1.2
1790510150.036,2,1,13.990,0.179,4.6,84.906,0.161,1,0.980,-1.2
1790510152.036,2,1,13.989,0.179,6.4,84.907,0.161,1,0.980,-1.2
1790510154.037,2,1,13.992,0.182,81.9,84.911,0.165,1,0.980,-1.2
1790510156.036,2,1,14.364,0.161,84.3,84.913,0.010,1,0.795,-0.9
1790510158.036,2,1,14.364,0.160,84.3,84.914,0.008,1,0.795,-0.9
1790510160.036,2,1,14.405,0.607,84.9,85.363,0.086,1,0.793,-0.9
1790510162.036,2,1,14.480,1.187,84.0,85.959,0.150,1,0.795,-2.1
1790510164.036,2,1,14.546,1.825,87.8,86.622,0.142,1,0.810,-2.0
1790510166.036,2,1,14.555,2.385,89.1,87.180,0.060,1,0.802,-2.1
1790510168.036,2,1,14.549,2.885,89.6,87.723,0.083,1,0.842,-1.9
1790510170.036,2,1,14.549,3.423,89.8,88.268,0.163,1,0.844,-2.1
1790510172.037,2,1,14.550,4.013,90.0,88.857,0.134,1,0.839,-2.1
1790510174.036,2,1,14.540,4.631,90.3,89.483,0.183,1,0.843,-2.2
1790510176.038,2,1,14.540,5.187,90.3,90.060,0.204,1,0.859,-2.4
1790510178.036,2,1,14.546,5.829,89.1,90.694,0.199,1,0.848,-2.3
1790510180.036,2,1,14.550,6.485,89.2,91.364,0.223,1,0.860,-2.3
1790510182.036,2,1,14.555,7.083,89.5,91.962,0.217,1,0.858,-2.2
1790510184.036,2,1,14.561,7.660,89.7,92.543,0.162,1,0.861,-2.3
1790510186.036,2,1,14.559,8.212,89.8,93.107,0.195,1,0.872,-2.3
1790510188.036,2,1,14.561,8.769,89.4,93.679,0.198,1,0.887,-2.3
1790510190.035,2,1,14.570,9.260,88.1,94.201,0.187,1,0.919,-2.5
1790510192.040,2,1,14.586,9.763,87.9,94.730,0.178,1,0.947,-2.6
1790510194.036,2,1,14.584,9.812,84.8,94.816,0.209,1,0.982,-2.6
1790510196.036,2,1,14.586,9.818,52.3,94.822,0.206,1,0.971,-2.6
1790510198.036,2,1,14.597,9.800,4.7,94.833,0.194,1,0.984,-2.7
1790510200.036,2,1,14.598,9.800,-43.6,94.834,0.194,1,0.984,-2.7
1790510202.036,2,1,14.599,9.791,-88.5,94.843,0.186,1,0.984,-2.7
1790510204.037,2,1,14.610,9.773,-90.5,94.849,0.166,1,0.996,-1.9
1790510206.035,2,1,14.610,9.777,-90.5,94.854,0.169,1,0.996,-1.9
1790510208.039,2,1,14.610,9.777,-90.5,94.854,0.169,1,0.996,-1.9
1790510210.036,2,1,14.610,9.775,-90.5,94.857,0.167,1,0.996,-1.9
1790510212.039,2,1,14.610,9.773,-90.4,94.858,0.166,1,0.996,-1.9
1790510214.039,2,1,14.610,9.764,-90.5,94.867,0.160,1,0.996,-1.9
1790510216.037,2,1,14.612,9.274,-90.7,95.341,0.150,1,1.012,-2.0
1790510218.039,2,1,14.615,8.763,-90.4,95.875,0.151,1,0.988,-1.8
1790510220.036,2,1,14.612,8.251,-90.3,96.392,0.130,1,0.982,-1.9
1790510222.036,2,1,14.613,7.734,-90.1,96.917,0.136,1,0.974,-1.9
1790510224.036,2,1,14.613,7.244,-89.9,97.442,0.136,1,0.938,-1.8
1790510226.038,2,1,14.616,6.718,-89.7,97.963,0.155,1,0.943,-1.9
1790510228.036,2,1,14.620,6.225,-89.5,98.463,0.143,1,0.937,-1.9
1790510230.036,2,1,14.623,5.703,-89.3,99.006,0.099,1,0.917,-1.9
1790510232.036,2,1,14.628,5.194,-89.3,99.522,0.116,1,0.911,-2.0
1790510234.036,2,1,14.643,4.691,-89.0,100.055,0.111,1,0.882,-1.9
1790510236.036,2,1,14.651,4.172,-88.9,100.584,0.067,1,0.875,-2.0
1790510238.038,2,1,14.665,3.679,-88.6,101.106,0.117,1,0.848,-2.0
1790510240.036,2,1,14.676,3.241,-88.5,101.561,0.074,1,0.835,-2.1
1790510242.036,2,1,14.691,2.707,-88.4,102.081,0.049,1,0.852,-2.2
1790510244.036,2,1,14.706,2.240,-88.2,102.548,0.146,1,0.856,-2.2
1790510246.036,2,1,14.724,1.768,-88.1,103.005,0.046,1,0.874,-2.3
1790510248.036,2,1,14.726,1.354,-94.3,103.448,0.038,1,0.850,-2.3
1790510250.039,2,1,14.676,0.960,-95.9,103.839,0.095,1,0.858,-2.4
1790510252.035,2,1,14.626,0.475,-95.8,104.344,0.191,1,0.845,-2.3
1790510254.036,2,1,14.641,0.034,-94.2,104.820,0.027,1,0.801,-0.9
1790510256.036,2,1,14.600,-0.379,-94.7,105.226,0.176,1,0.813,-1.5
1790510258.036,2,1,14.554,-0.788,-93.4,105.618,0.206,1,0.838,-2.1
1790510260.036,2,1,14.525,-1.244,-93.1,106.069,0.210,1,0.849,-2.1
1790510262.037,2,1,14.503,-1.741,-92.9,106.570,0.247,1,0.849,-2.1
1790510264.036,2,1,14.478,-2.236,-92.7,107.071,0.268,1,0.851,-2.1
1790510266.036,2,1,14.456,-2.722,-92.4,107.566,0.274,1,0.848,-2.1
1790510268.036,2,1,14.436,-3.166,-92.2,108.006,0.299,1,0.860,-2.1
1790510270.036,2,1,14.428,-3.508,-91.9,108.393,0.314,1,0.821,-2.0
1790510272.039,2,1,14.399,-3.978,-92.0,108.836,0.312,1,0.859,-2.3
1790510274.036,2,1,14.384,-4.438,-91.8,109.295,0.350,1,0.866,-2.3
1790510276.039,2,1,14.369,-4.902,-91.7,109.760,0.325,1,0.874,-2.3
1790510278.036,2,1,14.367,-5.302,-91.1,110.211,0.337,1,0.833,-1.9
1790510280.035,2,1,14.359,-5.754,-90.9,110.666,0.331,1,0.839,-1.9
1790510282.038,2,1,14.353,-6.216,-90.7,111.128,0.353,1,0.847,-1.9
1790510284.036,2,1,14.348,-6.671,-90.6,111.582,0.357,1,0.855,-1.9
1790510286.036,2,1,14.344,-7.127,-90.4,112.038,0.350,1,0.863,-1.9
1790510288.036,2,1,14.354,-7.445,-90.1,112.490,0.339,1,0.757,-1.8
1790510290.036,2,1,14.351,-7.943,-89.9,113.013,0.309,1,0.751,-1.9
1790510292.036,2,1,14.352,-8.475,-89.7,113.544,0.287,1,0.762,-1.9
1790510294.039,2,1,14.342,-8.988,-89.5,114.090,0.286,1,0.761,-1.9
1790510296.036,2,1,14.344,-9.507,-89.2,114.636,0.269,1,0.758,-1.8
1790510298.036,2,1,14.354,-10.081,-89.0,115.210,0.217,1,0.772,-1.8
1790510300.036,2,1,14.365,-10.646,-88.8,115.776,0.176,1,0.786,-1.8
1790510302.036,2,1,14.376,-11.179,-88.7,116.372,0.142,1,0.765,-2.0
1790510304.036,2,1,14.392,-11.797,-88.4,116.991,0.090,1,0.783,-2.0
1790510306.037,2,1,14.417,-12.389,-88.2,117.618,0.083,1,0.777,-2.0
1790510308.036,2,1,14.437,-12.806,-88.2,118.047,0.065,1,0.779,-2.1
1790510310.036,2,1,14.449,-12.807,-55.1,118.054,0.058,1,0.769,-2.1
1790510312.036,2,1,14.503,-12.787,-12.1,118.092,0.031,1,0.735,-2.2
1790510314.036,2,1,14.523,-12.786,-0.5,118.112,0.045,1,0.736,-2.2
1790510316.039,2,1,14.524,-12.786,-0.5,118.113,0.046,1,0.736,-2.2
1790510318.039,2,1,14.983,-12.787,0.0,118.572,0.071,1,0.744,-2.2
1790510320.036,2,1,15.536,-12.784,0.3,119.126,0.606,1,0.755,-2.2
1790510322.036,2,1,16.006,-12.780,0.5,119.596,1.075,1,0.765,-2.2
1790510324.039,2,1,15.979,-12.779,-3.8,119.623,1.048,1,0.764,-2.2
1790510326.036,2,1,15.966,-12.756,-50.4,119.649,1.037,1,0.763,-2.2
1790510328.035,2,1,15.958,-12.737,-92.4,119.670,1.030,1,0.762,-2.2
1790510330.037,2,1,15.949,-12.929,-92.6,119.863,1.004,1,0.768,-2.2
1790510332.039,2,1,15.921,-13.591,-92.3,120.526,0.919,1,0.790,-2.2
1790510334.036,2,1,15.894,-14.307,-92.1,121.243,0.880,1,0.813,-2.2
1790510336.039,2,1,15.869,-15.023,-91.9,121.959,0.950,1,0.837,-2.2
1790510338.036,2,1,15.860,-15.316,-91.7,122.252,1.046,1,0.847,-2.2
1790510340.036,2,1,15.859,-15.322,-104.9,122.258,1.048,1,0.847,-2.2
1790510342.036,2,1,15.850,-15.335,-138.4,122.274,1.046,1,0.847,-2.2
1790510344.037,2,1,15.815,-15.344,-174.0,122.309,1.021,1,0.847,-2.2
1790510346.035,2,1,15.732,-15.338,175.7,122.393,0.947,1,0.845,-2.2
1790510348.036,2,1,15.158,-15.295,175.8,122.969,0.503,1,0.833,-2.2
1790510350.036,2,1,14.576,-15.254,176.0,123.552,0.270,1,0.822,-2.2
1790510352.036,2,1,14.009,-15.198,170.6,124.122,0.223,1,0.811,-2.2
1790510354.037,2,1,13.408,-15.094,170.3,124.732,0.184,1,0.798,-2.2
1790510356.036,2,1,12.668,-14.799,168.8,125.464,0.133,1,0.753,-4.0
1790510358.038,2,1,11.918,-14.656,169.3,126.235,0.062,1,0.732,-4.0
1790510360.036,2,1,11.215,-14.615,177.2,126.966,0.075,1,0.700,-3.8
1790510362.035,2,1,10.499,-14.583,177.4,127.690,0.046,1,0.692,-4.0
1790510364.036,2,1,9.780,-14.560,177.8,128.445,0.058,1,0.659,-3.9
1790510366.036,2,1,9.013,-14.541,178.3,129.223,0.069,1,0.655,-3.8
1790510368.035,2,1,8.266,-14.525,178.6,130.008,0.122,1,0.628,-3.8
1790510370.036,2,1,7.513,-14.513,178.9,130.788,0.082,1,0.616,-3.8
1790510372.036,2,1,6.831,-14.504,179.2,131.497,0.112,1,0.607,-3.8
1790510374.036,2,1,6.174,-14.500,179.5,132.181,0.120,1,0.603,-3.7
1790510376.035,2,1,5.510,-14.499,179.8,132.857,0.092,1,0.615,-3.7
1790510378.037,2,1,4.858,-14.503,-179.8,133.533,0.030,1,0.618,-3.6
1790510380.036,2,1,4.142,-14.507,-179.5,134.250,0.056,1,0.647,-3.6
1790510382.037,2,1,3.490,-14.517,-179.3,134.936,0.041,1,0.650,-3.6
1790510384.036,2,1,2.857,-14.529,-179.0,135.604,0.022,1,0.658,-3.6
1790510386.036,2,1,2.227,-14.544,-178.7,136.266,0.035,1,0.671,-3.5
1790510388.036,2,1,1.588,-14.565,-178.4,136.928,0.033,1,0.688,-3.5
1790510390.036,2,1,0.992,-14.585,-178.1,137.546,0.064,1,0.710,-3.5
1790510392.036,2,1,0.416,-14.563,174.7,138.141,0.068,1,0.731,-3.5
1790510394.038,2,1,-0.325,-14.499,174.7,138.899,0.260,1,0.761,-3.5
1790510396.036,2,1,-1.031,-14.437,175.0,139.608,0.969,1,0.798,-3.5
1790510398.036,2,1,-1.690,-14.381,175.4,140.270,1.626,1,0.834,-3.4
1790510400.036,2,1,-2.373,-14.329,175.7,140.955,2.307,1,0.872,-3.4
1790510402.037,2,1,-2.945,-14.286,175.9,141.528,2.878,1,0.903,-3.4
1790510404.036,2,1,-2.938,-14.287,175.9,141.535,2.871,1,0.903,-3.4
1790510406.036,2,1,-2.937,-14.287,175.9,141.537,2.870,1,0.903,-3.4
1790510408.036,2,1,-2.935,-14.287,175.9,141.538,2.868,1,0.903,-3.4
1790510410.036,2,1,-2.934,-14.287,175.9,141.539,2.867,1,0.902,-3.4
1790510412.036,2,1,-2.935,-14.287,176.0,141.540,2.868,1,0.903,-3.4
1790510414.036,2,1,-2.617,-14.295,179.7,141.858,2.550,1,0.885,-3.4
1790510416.040,2,1,-1.977,-14.297,179.7,142.498,1.910,1,0.849,-3.4
1790510418.039,2,1,-1.284,-14.301,179.5,143.191,1.217,1,0.810,-3.4
1790510420.035,2,1,-0.584,-14.309,179.3,143.891,0.518,1,0.771,-3.4
1790510422.035,2,1,0.009,-14.318,179.1,144.484,0.062,1,0.739,-3.4
1790510424.036,2,1,-0.061,-14.336,150.5,144.501,0.017,1,0.743,-3.6
1790510426.036,2,1,-0.104,-14.213,95.3,144.601,0.085,1,0.773,-3.8
1790510428.037,2,1,-0.014,-14.043,88.5,144.777,0.050,1,0.726,-3.7
1790510430.036,2,1,0.005,-13.262,88.8,145.558,0.071,1,0.708,-3.7
1790510432.037,2,1,-0.031,-12.774,90.0,146.338,0.123,1,0.443,-2.7
1790510434.036,2,1,-0.043,-12.057,90.6,147.115,0.196,1,0.377,-2.5
1790510436.037,2,1,-0.064,-11.320,91.0,147.903,0.178,1,0.324,-2.3
1790510438.035,2,1,-0.086,-10.569,91.2,148.677,0.165,1,0.292,-2.2
1790510440.035,2,1,-0.087,-9.785,90.1,149.462,0.168,1,0.278,-2.1
1790510442.037,2,1,-0.101,-9.062,90.5,150.254,0.086,1,0.208,-2.0
1790510444.036,2,1,-0.110,-8.287,90.6,151.039,0.099,1,0.188,-2.1
1790510446.037,2,1,-0.126,-7.533,91.0,151.835,0.117,1,0.141,-2.0
1790510448.036,2,1,-0.144,-6.821,91.4,152.579,0.156,1,0.104,-1.9
1790510450.037,2,1,-0.170,-6.046,91.8,153.367,0.053,1,0.088,-1.8
1790510452.037,2,1,-0.204,-5.325,92.2,154.157,0.043,1,0.024,-1.8
1790510454.036,2,1,-0.206,-4.688,88.7,154.849,0.152,1,0.046,-1.8
1790510456.036,2,1,-0.192,-4.004,88.9,155.554,0.148,1,0.076,-1.8
1790510458.036,2,1,-0.185,-3.332,89.2,156.254,0.041,1,0.109,-1.8
1790510460.037,2,1,-0.180,-2.677,89.4,156.937,0.051,1,0.142,-1.8
1790510462.036,2,1,-0.151,-2.076,86.8,157.590,0.191,1,0.193,-1.8
1790510464.036,2,1,-0.123,-1.443,87.1,158.255,0.084,1,0.228,-1.7
1790510466.036,2,1,-0.093,-0.778,87.4,158.914,0.058,1,0.231,-1.6
1790510468.036,2,1,-0.074,-0.278,87.5,159.421,0.075,1,0.244,-1.6
1790510470.036,2,1,-0.053,-0.258,52.2,159.459,0.103,1,0.258,-1.7
1790510472.036,2,1,0.120,-0.293,29.4,159.601,0.135,1,0.380,-2.1
1790510474.039,2,1,0.689,0.022,29.8,160.235,0.093,1,0.408,-1.7
1790510476.037,2,1,0.852,0.108,11.5,160.427,0.095,1,0.412,-1.6
1790510478.039,2,1,0.858,0.078,-3.6,160.457,0.065,1,0.426,-1.9
1790510480.036,2,1,0.855,0.058,-1.5,160.460,0.047,1,0.441,-1.6
1790510482.036,2,1,0.497,0.066,-1.3,160.817,0.080,1,0.432,-1.6
1790510484.036,2,1,0.187,0.038,-3.7,161.079,0.024,1,0.437,-1.7
1790510486.038,2,1,0.232,-0.002,-53.0,161.120,0.019,1,0.458,-1.9
1790510488.038,2,1,0.231,-0.030,-92.2,161.148,0.045,1,0.458,-1.9
1790510490.036,2,1,0.223,-0.006,-92.3,161.150,0.021,1,0.431,-2.0
1790510492.035,2,1,0.205,-0.427,-92.5,161.572,0.027,1,0.425,-2.0
1790510494.037,2,1,0.180,-1.075,-92.3,162.217,0.082,1,0.421,-2.0
1790510496.036,2,1,0.158,-1.685,-92.1,162.845,0.124,1,0.399,-2.0
1790510498.035,2,1,0.139,-2.256,-91.9,163.416,0.151,1,0.395,-2.0
1790510500.036,2,1,0.125,-2.877,-91.8,164.082,0.162,1,0.347,-2.2
1790510502.037,2,1,0.092,-3.560,-91.5,164.762,0.116,1,0.346,-2.1
1790510504.037,2,1,0.080,-4.225,-91.1,165.441,0.166,1,0.331,-2.0
1790510506.036,2,1,0.068,-4.900,-90.9,166.117,0.214,1,0.332,-2.0
1790510508.037,2,1,0.070,-5.548,-90.3,166.788,0.153,1,0.310,-1.7
1790510510.036,2,1,0.068,-6.198,-90.1,167.439,0.126,1,0.314,-1.7
1790510512.037,2,1,0.069,-6.856,-89.8,168.096,0.029,1,0.318,-1.7
1790510514.036,2,1,0.073,-7.529,-89.6,168.769,0.132,1,0.325,-1.7
1790510516.036,2,1,0.079,-8.185,-89.3,169.425,0.123,1,0.332,-1.7
1790510518.036,2,1,0.089,-8.850,-89.1,170.091,0.152,1,0.340,-1.7
1790510520.036,2,1,0.100,-9.531,-88.9,170.772,0.047,1,0.349,-1.7
1790510522.036,2,1,0.099,-10.186,-90.5,171.426,0.126,1,0.359,-1.7
1790510524.036,2,1,0.095,-10.850,-90.3,172.090,0.068,1,0.369,-1.7
1790510526.036,2,1,0.093,-11.515,-90.1,172.755,0.087,1,0.380,-1.7
1790510528.036,2,1,0.085,-12.168,-91.0,173.408,0.123,1,0.392,-1.7
1790510530.036,2,1,0.074,-12.795,-90.9,174.036,0.071,1,0.404,-1.7
1790510532.036,2,1,0.066,-13.472,-90.6,174.712,0.052,1,0.417,-1.7
1790510534.039,2,1,0.062,-14.104,-90.4,175.344,0.053,1,0.429,-1.7
1790510536.036,2,1,0.059,-14.787,-90.2,176.027,0.001,1,0.444,-1.7
1790510538.036,2,1,0.058,-15.097,-90.1,176.338,0.105,1,0.451,-1.7
1790510540.036,2,1,0.058,-15.097,-90.1,176.338,0.105,1,0.451,-1.7
1790510542.036,2,1,0.058,-15.097,-90.1,176.338,0.105,1,0.451,-1.7
1790510544.036,2,1,0.058,-15.098,-83.0,176.339,0.105,1,0.451,-1.7
1790510546.036,2,1,0.085,-15.130,-49.0,176.381,0.125,1,0.452,-1.7
1790510548.036,2,1,0.114,-15.146,-13.7,176.414,0.137,1,0.453,-1.7
1790510550.036,2,1,0.132,-15.145,-0.7,176.432,0.138,1,0.453,-1.7
1790510552.035,2,1,0.056,-14.409,-2.1,176.433,0.039,1,0.586,-3.0
1790510554.036,2,1,0.296,-14.417,-1.8,176.674,0.063,1,0.577,-3.0
1790510556.036,2,1,0.847,-14.452,-1.2,177.226,0.075,1,0.544,-2.7
1790510558.036,2,1,1.394,-14.449,-1.0,177.801,0.068,1,0.556,-2.8
1790510560.036,2,1,1.979,-14.465,-1.0,178.407,0.072,1,0.550,-3.1
1790510562.036,2,1,2.563,-14.484,-3.3,179.014,0.081,1,0.552,-3.6
1790510564.036,2,1,3.127,-14.519,-3.5,179.606,0.067,1,0.559,-3.7
1790510566.036,2,1,3.727,-14.551,-4.0,180.234,0.131,1,0.570,-4.5
1790510568.036,2,1,4.341,-14.573,-2.4,180.861,0.154,1,0.573,-3.1
1790510570.037,2,1,4.951,-14.581,-1.8,181.497,0.094,1,0.594,-2.9
1790510572.036,2,1,5.601,-14.599,-1.7,182.173,0.091,1,0.611,-3.0
1790510574.036,2,1,6.244,-14.615,-1.5,182.835,0.137,1,0.624,-3.0
1790510576.036,2,1,6.900,-14.624,-1.0,183.514,0.170,1,0.643,-2.7
1790510578.036,2,1,7.533,-14.631,-0.8,184.196,0.186,1,0.689,-2.8
1790510580.036,2,1,8.179,-14.633,-0.7,184.873,0.128,1,0.719,-3.0
1790510582.037,2,1,8.885,-14.638,-0.1,185.598,0.115,1,0.737,-2.8
1790510584.036,2,1,9.647,-14.561,6.8,186.373,0.117,1,0.745,-2.8
1790510586.036,2,1,10.406,-14.466,7.3,187.138,0.110,1,0.744,-2.8
1790510588.036,2,1,11.064,-14.456,-4.2,187.796,0.068,1,0.748,-2.8
1790510590.036,2,1,11.721,-14.505,-4.3,188.455,0.021,1,0.757,-2.8
1790510592.036,2,1,12.476,-14.566,-4.2,189.261,0.135,1,0.816,-3.0
1790510594.037,2,1,13.230,-14.621,-4.0,190.039,0.154,1,0.850,-3.1
1790510596.039,2,1,13.980,-14.677,-3.8,190.809,0.160,1,0.884,-3.2
1790510598.039,2,1,14.729,-14.724,-3.5,191.559,0.133,1,0.900,-3.2
1790510600.036,2,1,14.743,-14.714,-3.5,191.640,0.145,1,0.958,-3.2
1790510602.036,2,1,14.736,-14.712,-3.5,191.652,0.144,1,0.976,-3.1
1790510604.035,2,1,14.738,-14.712,-3.5,191.654,0.145,1,0.976,-3.1
1790510606.035,2,1,14.737,-14.712,-3.4,191.655,0.144,1,0.976,-3.1
1790510608.036,2,1,14.729,-14.711,-3.4,191.663,0.139,1,0.975,-3.1
1790510610.036,2,1,14.730,-14.712,-3.5,191.664,0.139,1,0.975,-3.1
1790510612.036,2,1,14.730,-14.712,-3.5,191.664,0.139,1,0.975,-3.1
1790510614.039,2,1,14.728,-14.711,-3.5,191.666,0.138,1,0.975,-3.1
1790510616.036,2,1,14.728,-14.711,-3.4,191.667,0.138,1,0.975,-3.1
1790510618.037,2,1,14.728,-14.711,-2.8,191.667,0.138,1,0.975,-3.1
1790510620.036,2,1,14.778,-14.686,40.7,191.723,0.132,1,0.975,-3.1
1790510622.039,2,1,14.809,-14.548,88.2,191.817,0.056,1,0.947,-3.0
1790510624.038,2,1,14.818,-14.191,88.6,192.174,0.140,1,0.929,-3.0
1790510626.037,2,1,14.716,-13.526,91.9,192.925,0.197,1,1.032,-0.1
1790510628.038,2,1,14.675,-12.775,91.3,193.725,0.175,1,1.060,-1.1
1790510630.036,2,1,14.655,-12.018,91.4,194.503,0.151,1,1.054,-1.3
1790510632.036,2,1,14.633,-11.231,91.7,195.307,0.132,1,1.045,-1.4
1790510634.037,2,1,14.609,-10.510,91.9,196.073,0.079,1,1.048,-1.4
1790510636.039,2,1,14.577,-9.757,92.2,196.857,0.067,1,1.048,-1.4
1790510638.036,2,1,14.543,-9.002,92.5,197.643,0.118,1,1.047,-1.5
1790510640.036,2,1,14.529,-8.228,89.8,198.417,0.172,1,1.031,-1.5
1790510642.038,2,1,14.531,-7.462,89.8,199.201,0.160,1,1.025,-1.5
1790510644.040,2,1,14.529,-6.678,90.0,200.007,0.189,1,1.023,-1.6
1790510646.036,2,1,14.525,-5.931,90.2,200.780,0.189,1,1.023,-1.6
1790510648.036,2,1,14.520,-5.151,90.5,201.559,0.180,1,1.005,-1.6
1790510650.038,2,1,14.497,-4.481,90.7,202.339,0.237,1,1.070,-1.7
1790510652.037,2,1,14.480,-3.745,90.9,203.093,0.240,1,1.070,-1.7
1790510654.036,2,1,14.491,-3.039,87.2,203.799,0.236,1,1.055,-1.7
1790510656.037,2,1,14.522,-2.422,87.0,204.509,0.212,1,1.111,-2.0
1790510658.036,2,1,14.547,-1.779,87.2,205.211,0.193,1,1.148,-1.9
1790510660.036,2,1,14.569,-1.123,87.6,205.889,0.191,1,1.158,-1.8
1790510662.040,2,1,14.591,-0.475,88.0,206.557,0.175,1,1.164,-1.6
1790510664.037,2,1,14.596,0.188,88.3,207.258,0.168,1,1.193,-1.5
1790510666.038,2,1,14.616,0.888,88.4,207.982,0.177,1,1.203,-1.7
1790510668.036,2,1,14.638,1.632,88.4,208.729,0.113,1,1.192,-1.9
1790510670.035,2,1,14.652,2.305,88.7,209.446,0.117,1,1.220,-1.8
1790510672.038,2,1,14.663,3.087,89.2,210.266,0.060,1,1.242,-1.7
1790510674.036,2,1,14.670,3.806,89.3,211.016,0.041,1,1.259,-1.8
1790510676.036,2,1,14.677,4.538,89.5,211.775,0.021,1,1.273,-1.9
1790510678.036,2,1,14.685,5.281,89.6,212.538,0.095,1,1.278,-2.1
1790510680.037,2,1,14.682,5.978,89.9,213.275,0.034,1,1.306,-2.1
1790510682.036,2,1,14.682,6.675,90.1,213.974,0.111,1,1.299,-2.1
1790510684.035,2,1,14.675,7.404,90.3,214.718,0.085,1,1.303,-2.1
1790510686.039,2,1,14.698,8.066,86.8,215.396,0.104,1,1.310,-2.1
1790510688.036,2,1,14.741,8.844,87.0,216.176,0.013,1,1.303,-2.1
1790510690.036,2,1,14.772,9.571,87.2,216.936,0.081,1,1.329,-2.0
1790510692.036,2,1,14.791,10.023,87.4,217.432,0.162,1,1.368,-2.0
1790510694.036,2,1,14.786,9.995,98.3,217.439,0.134,1,1.401,-2.1
1790510696.036,2,1,14.744,10.049,150.5,217.504,0.193,1,1.401,-1.9
1790510698.036,2,1,14.742,10.050,-150.2,217.506,0.194,1,1.401,-1.9
1790510700.036,2,1,14.744,10.042,-88.5,217.511,0.186,1,1.404,-1.6
1790510702.036,2,1,14.772,9.986,-88.9,217.527,0.125,1,1.436,-1.4
1790510704.035,2,1,14.759,9.622,-94.3,217.891,0.041,1,1.438,-1.4
1790510706.036,2,1,14.735,9.058,-94.6,218.443,0.081,1,1.449,-1.6
1790510708.036,2,1,14.738,8.491,-88.1,219.014,0.020,1,1.444,-1.6
1790510710.036,2,1,14.767,7.963,-87.6,219.559,0.031,1,1.431,-1.7
1790510712.039,2,1,14.764,7.307,-91.8,220.234,0.039,1,1.417,-1.8
1790510714.036,2,1,14.743,6.623,-91.8,220.955,0.037,1,1.387,-1.7
1790510716.036,2,1,14.725,5.991,-91.7,221.600,0.045,1,1.381,-1.8
1790510718.036,2,1,14.708,5.311,-91.4,222.318,0.090,1,1.350,-1.7
1790510720.036,2,1,14.695,4.552,-91.1,223.080,0.014,1,1.353,-1.7
1790510722.036,2,1,14.684,3.765,-90.7,223.876,0.042,1,1.354,-1.7
1790510724.036,2,1,14.680,3.020,-90.5,224.665,0.093,1,1.319,-1.7
1790510726.035,2,1,14.675,2.281,-90.2,225.448,0.122,1,1.288,-1.8
1790510728.036,2,1,14.677,1.535,-90.0,226.224,0.142,1,1.270,-1.8
1790510730.038,2,1,14.684,0.784,-89.7,227.007,0.177,1,1.250,-1.9
1790510732.037,2,1,14.627,0.197,-108.9,227.628,0.188,1,1.229,-1.9
1790510734.036,2,1,14.330,-0.116,-147.2,228.096,0.062,1,1.191,-1.4
1790510736.036,2,1,13.911,-0.191,176.6,228.476,0.103,1,1.226,-2.1
1790510738.036,2,1,13.900,-0.229,176.9,228.485,0.138,1,1.269,-1.8
1790510740.037,2,1,13.852,-0.227,176.9,228.534,0.138,1,1.268,-1.8
1790510742.039,2,1,13.106,-0.182,177.0,229.282,0.145,1,1.242,-1.7
1790510744.036,2,1,12.318,-0.140,177.0,230.073,0.156,1,1.217,-2.1
1790510746.036,2,1,11.576,-0.109,177.4,230.869,0.098,1,1.174,-1.9
1790510748.036,2,1,10.840,-0.081,177.8,231.636,0.072,1,1.139,-1.9
1790510750.039,2,1,10.102,-0.054,177.9,232.426,0.110,1,1.095,-2.0
1790510752.036,2,1,9.339,-0.029,178.3,233.211,0.137,1,1.061,-2.0
1790510754.036,2,1,8.588,-0.011,178.7,234.003,0.042,1,1.022,-1.9
1790510756.037,2,1,7.924,-0.008,178.8,234.786,0.078,1,0.968,-2.0
1790510758.037,2,1,7.161,0.006,179.0,235.590,0.170,1,0.930,-2.0
1790510760.039,2,1,6.447,0.010,179.2,236.385,0.121,1,0.892,-2.1
1790510762.036,2,1,5.723,0.007,179.5,237.171,0.086,1,0.865,-2.1
1790510764.037,2,1,4.985,0.004,-180.0,237.956,0.098,1,0.838,-1.9
1790510766.035,2,1,4.264,-0.005,-179.8,238.733,0.095,1,0.817,-2.0
1790510768.036,2,1,3.520,-0.011,-179.5,239.526,0.059,1,0.793,-1.9
1790510770.037,2,1,2.801,-0.024,-179.1,240.308,0.033,1,0.775,-1.8
1790510772.036,2,1,2.054,-0.051,-178.7,241.097,0.066,1,0.769,-1.6
1790510774.039,2,1,1.296,-0.078,-178.4,241.893,0.089,1,0.759,-1.7
1790510776.036,2,1,0.563,-0.108,-177.9,242.638,0.112,1,0.746,-1.6
1790510778.036,2,1,0.384,-0.114,-178.0,242.862,0.052,1,0.751,-1.7
1790510780.036,2,1,0.383,-0.114,-178.0,242.863,0.053,1,0.751,-1.7
1790510782.035,2,1,0.333,-0.139,-149.3,242.919,0.063,1,0.750,-1.7
1790510784.037,2,1,0.358,-0.206,-108.4,242.974,0.051,1,0.786,-1.3
1790510786.036,2,1,0.441,-0.359,-63.8,243.103,0.199,1,0.830,-1.3
1790510788.036,2,1,0.449,-0.365,-9.5,243.113,0.207,1,0.830,-1.3
1790510790.036,2,1,0.419,-0.291,-2.4,243.119,0.128,1,0.748,-0.7
1790510792.036,2,1,0.419,-0.291,-2.5,243.120,0.128,1,0.748,-0.7
1790510794.036,2,1,0.647,-0.299,-2.0,243.348,0.130,1,0.750,-0.7
1790510796.036,2,1,1.310,-0.281,-1.7,244.010,0.111,1,0.723,-0.8
1790510798.037,2,1,1.546,-0.278,-1.7,244.265,0.181,1,0.709,-0.9
1790510800.036,2,1,1.532,-0.276,-10.4,244.273,0.168,1,0.707,-0.8
1790510802.037,2,1,1.052,-0.197,-10.8,244.718,0.038,1,0.690,-0.9
1790510804.035,2,1,0.571,-0.107,-10.9,245.205,0.113,1,0.685,-0.9
1790510806.036,2,1,0.232,-0.065,-3.1,245.548,0.042,1,0.681,-1.0
1790510808.036,2,1,-0.010,-0.046,-3.1,245.804,0.015,1,0.676,-1.0
1790510810.038,2,1,0.024,-0.041,-1.4,245.809,0.033,1,0.682,-1.0
1790510812.036,2,1,0.025,-0.041,-1.4,245.810,0.033,1,0.682,-1.0
1790510814.038,2,1,0.023,-0.041,-1.4,245.812,0.032,1,0.682,-1.0
1790510816.035,2,1,0.024,-0.041,-1.4,245.813,0.033,1,0.682,-1.0
1790510818.036,2,1,0.024,-0.041,-1.4,245.813,0.033,1,0.682,-1.0
1790510820.036,2,1,0.025,-0.041,-1.4,245.815,0.034,1,0.682,-1.0
1790510822.038,2,1,0.026,-0.041,-1.4,245.815,0.035,1,0.682,-1.0
1790510824.037,2,1,0.027,-0.041,-1.4,245.816,0.036,1,0.682,-1.0
1790510826.036,2,1,0.028,-0.041,-1.4,245.817,0.036,1,0.682,-1.0
1790510828.036,2,1,0.029,-0.041,-1.4,245.818,0.037,1,0.682,-1.0
1790510830.036,2,1,0.028,-0.041,-1.4,245.818,0.037,1,0.682,-1.0
1790510832.035,2,1,0.029,-0.041,-1.4,245.819,0.037,1,0.682,-1.0
1790510834.038,2,1,0.028,-0.041,-1.4,245.819,0.037,1,0.682,-1.0
1790510836.037,2,1,0.030,-0.041,-1.4,245.822,0.039,1,0.682,-1.0
1790510838.036,2,1,0.031,-0.041,-1.4,245.822,0.039,1,0.682,-1.0
1790510840.037,2,1,0.032,-0.041,-1.4,245.823,0.040,1,0.682,-1.0
1790510842.036,2,1,0.032,-0.041,-1.4,245.823,0.040,1,0.682,-1.0
1790510844.036,2,1,0.034,-0.041,-1.4,245.825,0.041,1,0.682,-1.0
1790510846.036,2,1,0.032,-0.041,-1.4,245.827,0.040,1,0.682,-1.0
1790510848.037,2,1,0.032,-0.041,-1.4,245.827,0.040,1,0.682,-1.0
1790510850.036,2,1,0.031,-0.041,-1.4,245.828,0.040,1,0.682,-1.0
1790510852.039,2,1,0.030,-0.041,-1.4,245.829,0.039,1,0.682,-1.0
1790510854.035,2,1,0.032,-0.041,-1.4,245.830,0.040,1,0.682,-1.0
1790510856.039,2,1,0.032,-0.041,-1.4,245.831,0.041,1,0.682,-1.0
1790510858.037,2,1,0.034,-0.041,-1.4,245.832,0.041,1,0.682,-1.0
1790510860.037,2,1,0.033,-0.041,-1.4,245.833,0.041,1,0.682,-1.0
1790510862.036,2,1,0.033,-0.041,-1.4,245.833,0.041,1,0.682,-1.0
1790510864.036,2,1,0.033,-0.041,-1.4,245.833,0.042,1,0.682,-1.0
1790510866.036,2,1,0.032,-0.041,-1.4,245.834,0.041,1,0.682,-1.0
1790510868.035,2,1,0.032,-0.041,-1.4,245.834,0.041,1,0.682,-1.0
1790510870.035,2,1,0.032,-0.041,-1.4,245.834,0.041,1,0.682,-1.0
1790510872.038,2,1,0.032,-0.041,-1.4,245.835,0.040,1,0.682,-1.0
1790510874.036,2,1,0.034,-0.041,-1.4,245.837,0.041,1,0.682,-1.0
1790510876.036,2,1,0.034,-0.041,-1.4,245.837,0.041,1,0.682,-1.0
1790510878.036,2,1,0.034,-0.041,-1.4,245.837,0.041,1,0.682,-1.0
1790510880.036,2,1,0.034,-0.041,-1.4,245.837,0.041,1,0.682,-1.0
1790510882.036,2,1,0.034,-0.041,-1.4,245.837,0.041,1,0.682,-1.0
1790510884.036,2,1,0.034,-0.041,-1.4,245.837,0.041,1,0.682,-1.0
1790510886.036,2,1,0.034,-0.041,-1.4,245.837,0.041,1,0.682,-1.0
1790510888.036,2,1,0.034,-0.041,-1.4,245.837,0.041,1,0.682,-1.0
1790510890.037,2,1,0.034,-0.041,-1.4,245.837,0.041,1,0.682,-1.0
1790510892.037,2,1,0.034,-0.041,-1.4,245.837,0.041,1,0.682,-1.0
1790510894.036,2,1,0.034,-0.041,-1.4,245.837,0.041,1,0.682,-1.0
