t_epoch,start,mark,kind,loop_id,prox_id,ref_id,map_x,map_y,map_yaw_deg,jump_m,first_fix,suspect,dist_to_map_path_m,nearest_node,inliers,odom_m_since_start,s_since_start
1790509198.597,1,start_mark,uncertainty,,,0,0.004,-0.031,-3.0,,1,0,0.012,1500,,0.000,34.8
1790509198.601,1,start_mark,pending,,cache link 1561->138 (pending),1586,,,,,0,0,,,,0.000,34.9
1790509393.607,2,start_mark,pending,,cache link 1561->138 (pending),1561,,,,,0,0,,,,0.000,1.2
1790509578.599,2,start_mark,pending,,cache link 1736->489 (pending),1736,,,,,0,0,,,,1.552,186.2
1790509592.980,2,start_mark,pending,,cache link 1750->496 (pending),1750,,,,,0,0,,,,3.997,200.6
1790509604.392,2,start_mark,pending,,cache link 1761->167 (pending),1761,,,,,0,0,,,,6.069,212.0
1790509605.545,2,start_mark,uncertainty,,,0,5.895,-0.165,-0.2,,1,0,0.135,500,,6.069,213.1
1790509605.852,2,start_mark,recognised,167,0,1762,6.120,-0.166,-0.2,57.454,0,1,0.051,501,122.0,6.069,213.5
1790509606.939,2,start_mark,nearby,0,168,1763,6.313,-0.167,0.0,0.001,0,0,0.173,501,131.0,6.414,214.5
1790509607.965,2,start_mark,nearby,0,168,1764,6.489,-0.166,0.1,0.004,0,0,0.057,502,129.0,6.414,215.6
1790509609.077,2,start_mark,nearby,0,170,1765,6.681,-0.154,0.2,0.011,0,0,0.154,502,133.0,6.765,216.7
1790509610.051,2,start_mark,nearby,0,171,1766,6.849,-0.158,0.3,0.005,0,0,0.049,1371,144.0,7.115,217.7
1790509610.975,2,start_mark,nearby,0,502,1767,7.010,-0.160,0.4,0.006,0,0,0.106,503,200.0,7.115,218.6
1790509612.189,2,start_mark,recognised,503,172,1768,7.210,-0.159,0.5,0.009,0,0,0.053,1370,134.0,7.464,219.8
1790509613.215,2,start_mark,recognised,504,171,1769,7.254,-0.160,0.5,0.006,0,0,0.026,1370,110.0,7.464,220.8
1790509614.279,2,start_mark,recognised,504,171,1770,7.239,-0.160,0.5,0.018,0,0,0.032,1370,94.0,7.544,221.9
1790509614.740,2,start_mark,pending,,cache link 1762->167 (pending),1771,,,,,0,0,,,,7.544,222.3
1790509628.765,2,start_mark,recognised,174,504,1784,7.650,-0.157,0.7,0.002,0,0,0.023,1369,220.0,7.833,236.4
1790509629.753,2,start_mark,recognised,503,171,1785,7.820,-0.144,0.4,0.011,0,0,0.046,505,55.0,7.833,237.4
1790509630.744,2,start_mark,recognised,505,505,1786,7.980,-0.154,0.5,0.015,0,0,0.030,1368,250.0,8.183,238.3
1790509631.844,2,start_mark,nearby,0,178,1787,8.178,-0.151,0.7,0.005,0,0,0.064,506,82.0,8.183,239.4
1790509632.828,2,start_mark,recognised,506,176,1788,8.337,-0.144,0.9,0.015,0,0,0.055,1367,96.0,8.540,240.4
1790509633.852,2,start_mark,recognised,506,176,1789,8.501,-0.136,1.0,0.015,0,0,0.131,1367,76.0,8.540,241.5
1790509634.817,2,start_mark,recognised,506,178,1790,8.673,-0.137,1.1,0.006,0,0,0.041,507,84.0,8.890,242.4
1790509635.866,2,start_mark,recognised,507,179,1791,8.844,-0.134,1.2,0.007,0,0,0.165,508,82.0,8.890,243.5
1790509636.872,2,start_mark,recognised,508,180,1792,9.022,-0.129,1.3,0.008,0,0,0.014,508,79.0,9.244,244.5
1790509637.975,2,start_mark,recognised,508,179,1793,9.205,-0.117,1.2,0.016,0,0,0.145,256,55.0,9.244,245.6
1790509638.964,2,start_mark,recognised,508,179,1794,9.237,-0.117,1.3,0.002,0,0,0.147,256,54.0,9.599,246.6
1790509639.882,2,start_mark,nearby,0,507,1795,9.224,-0.117,1.1,0.013,0,0,0.145,256,97.0,9.599,247.5
1790509640.442,2,start_mark,pending,,cache link 1786->505 (pending),1796,,,,,0,0,,,,9.626,248.0
1790509793.037,2,start_mark,nearby,0,509,1943,9.563,-0.115,1.1,0.016,0,0,0.025,509,169.0,9.853,400.6
1790509794.089,2,start_mark,recognised,509,509,1944,9.541,-0.115,1.1,0.022,0,0,0.047,509,220.0,9.973,401.7
1790509794.663,2,start_mark,pending,,cache link 1943->509 (pending),1945,,,,,0,0,,,,9.973,402.3
1790509797.235,2,start_mark,recognised,509,509,1947,9.896,-0.106,1.2,0.014,0,0,0.081,510,186.0,10.036,404.8
1790509798.270,2,start_mark,recognised,509,509,1948,10.107,-0.099,1.2,0.008,0,0,0.132,510,133.0,10.483,405.9
1790509799.389,2,start_mark,recognised,510,510,1949,10.299,-0.096,1.3,0.012,0,0,0.072,511,183.0,10.483,407.0
1790509800.445,2,start_mark,recognised,510,510,1950,10.502,-0.088,1.3,0.006,0,0,0.112,252,109.0,10.864,408.0
1790509801.547,2,start_mark,recognised,511,511,1951,10.709,-0.084,1.5,0.006,0,0,0.072,512,163.0,10.864,409.2
1790509802.547,2,start_mark,recognised,512,512,1952,10.876,-0.077,1.7,0.007,0,0,0.101,251,113.0,11.246,410.2
1790509803.627,2,start_mark,nearby,0,512,1953,11.074,-0.070,1.8,0.002,0,0,0.085,513,105.0,11.246,411.2
1790509804.623,2,start_mark,nearby,0,512,1954,11.255,-0.062,1.9,0.006,0,0,0.111,513,51.0,11.609,412.2
1790509805.736,2,start_mark,nearby,0,513,1955,11.466,-0.053,2.1,0.010,0,0,0.054,249,83.0,11.609,413.3
1790509806.672,2,start_mark,nearby,0,514,1956,11.653,-0.052,2.2,0.012,0,0,0.118,514,63.0,12.002,414.3
1790509807.784,2,start_mark,nearby,0,193,1957,11.903,-0.042,2.4,0.008,0,0,0.102,248,47.0,12.002,415.4
1790509808.893,2,start_mark,nearby,0,194,1958,12.169,-0.025,3.3,0.019,0,0,0.050,247,64.0,12.456,416.5
1790509809.785,2,start_mark,nearby,0,515,1959,12.387,-0.024,2.7,0.013,0,0,0.035,246,150.0,12.456,417.4
1790509810.945,2,start_mark,nearby,0,195,1960,12.598,0.004,2.9,0.051,0,0,0.058,516,44.0,12.921,418.5
1790509811.554,2,start_mark,pending,,cache link 1951->511 (pending),1961,,,,,0,0,,,,12.921,419.2
1790509826.417,2,start_mark,pending,,cache link 1975->215 (pending),1975,,,,,0,0,,,,15.367,434.0
1790509828.707,2,start_mark,nearby,0,650,1977,14.487,-0.238,-95.5,0.413,0,0,0.080,215,67.0,15.369,436.3
1790509829.321,2,start_mark,pending,,cache link 1977->650 (pending),1978,,,,,0,0,,,,15.369,436.9
1790509831.922,2,start_mark,nearby,0,215,1980,14.471,-0.601,-92.3,0.015,0,0,0.262,944,46.0,15.446,439.5
1790509832.942,2,start_mark,nearby,0,215,1981,14.470,-0.598,-92.3,0.002,0,0,0.263,944,53.0,15.741,440.5
1790509833.404,2,start_mark,pending,,cache link 1980->215 (pending),1982,,,,,0,0,,,,15.741,441.0
1790509867.926,2,start_mark,nearby,0,215,2015,14.459,-0.952,-92.0,0.009,0,0,0.281,943,49.0,15.767,475.5
1790509868.941,2,start_mark,nearby,0,550,2016,14.454,-1.159,-91.9,0.005,0,0,0.286,942,35.0,16.140,476.5
1790509869.782,2,start_mark,nearby,0,215,2017,14.439,-1.345,-91.6,0.010,0,0,0.320,942,42.0,16.140,477.4
1790509870.808,2,start_mark,nearby,0,653,2018,14.439,-1.574,-91.6,0.007,0,0,0.298,941,47.0,16.574,478.4
1790509871.813,2,start_mark,nearby,0,651,2019,14.433,-1.803,-91.5,0.001,0,0,0.300,940,41.0,16.574,479.4
1790509872.427,2,start_mark,pending,,cache link 2015->215 (pending),2020,,,,,0,0,,,,17.015,480.0
1790509873.879,2,start_mark,nearby,0,657,2021,14.422,-2.237,-91.2,0.005,0,0,0.322,939,46.0,17.015,481.5
1790509874.462,2,start_mark,pending,,cache link 2021->657 (pending),2022,,,,,0,0,,,,17.462,482.1
1790509876.882,2,start_mark,nearby,0,656,2024,14.411,-2.905,-90.9,0.006,0,0,0.343,937,52.0,17.898,484.5
1790509877.539,2,start_mark,pending,,cache link 2024->656 (pending),2025,,,,,0,0,,,,17.898,485.1
1790509879.980,2,start_mark,nearby,0,659,2027,14.405,-3.505,-90.2,0.094,0,0,0.334,935,58.0,18.358,487.6
1790509881.003,2,start_mark,nearby,0,659,2028,14.402,-3.730,-90.3,0.004,0,0,0.314,934,48.0,18.801,488.6
1790509881.624,2,start_mark,pending,,cache link 2027->659 (pending),2029,,,,,0,0,,,,18.801,489.2
1790509883.028,2,start_mark,nearby,0,661,2030,14.401,-4.146,-90.2,0.004,0,0,0.341,932,63.0,19.222,490.6
1790509884.131,2,start_mark,nearby,0,662,2031,14.402,-4.375,-90.1,0.002,0,0,0.313,932,47.0,19.635,491.7
1790509885.121,2,start_mark,nearby,0,664,2032,14.405,-4.562,-89.9,0.020,0,0,0.298,931,46.0,19.635,492.7
1790509886.133,2,start_mark,nearby,0,662,2033,14.405,-4.768,-89.8,0.006,0,0,0.325,930,46.0,20.056,493.7
1790509887.231,2,start_mark,nearby,0,661,2034,14.408,-5.057,-89.8,0.004,0,0,0.318,930,43.0,20.056,494.8
1790509888.273,2,start_mark,nearby,0,666,2035,14.407,-5.344,-89.6,0.007,0,0,0.309,928,41.0,20.608,495.9
1790509889.279,2,start_mark,nearby,0,665,2036,14.410,-5.605,-89.5,0.007,0,0,0.305,928,53.0,20.608,496.9
1790509890.333,2,start_mark,nearby,0,668,2037,14.414,-5.903,-89.3,0.006,0,0,0.301,926,46.0,21.148,497.9
1790509890.948,2,start_mark,pending,,cache link 2030->661 (pending),2038,,,,,0,0,,,,21.148,498.6
1790509895.596,2,start_mark,nearby,0,670,2042,14.438,-7.246,-88.5,0.114,0,0,0.267,922,58.0,22.263,503.2
1790509896.664,2,start_mark,nearby,0,671,2043,14.446,-7.549,-88.4,0.004,0,0,0.257,921,51.0,22.814,504.3
1790509897.330,2,start_mark,pending,,cache link 2042->670 (pending),2044,,,,,0,0,,,,22.814,504.9
1790509898.734,2,start_mark,nearby,0,673,2045,14.456,-8.082,-88.5,0.051,0,0,0.175,1300,52.0,23.379,506.3
1790509899.260,2,start_mark,pending,,cache link 2045->673 (pending),2046,,,,,0,0,,,,23.379,506.9
1790509900.844,2,start_mark,nearby,0,673,2047,14.475,-8.630,-88.2,0.036,0,0,0.219,674,52.0,23.939,508.4
1790509901.924,2,start_mark,nearby,0,674,2048,14.475,-8.884,-89.2,0.031,0,0,0.150,675,89.0,23.939,509.5
1790509902.581,2,start_mark,pending,,cache link 2047->673 (pending),2049,,,,,0,0,,,,24.471,510.2
1790509905.089,2,start_mark,nearby,0,695,2051,14.480,-9.696,-89.3,0.046,0,0,0.091,696,124.0,25.010,512.7
1790509905.771,2,start_mark,pending,,cache link 2051->695 (pending),2052,,,,,0,0,,,,25.010,513.4
1790509907.260,2,start_mark,nearby,0,697,2053,14.492,-10.358,-89.0,0.022,0,0,0.065,698,154.0,25.602,514.9
1790509908.462,2,start_mark,nearby,0,698,2054,14.500,-10.729,-88.9,0.010,0,0,0.022,705,191.0,26.232,516.1
1790509909.685,2,start_mark,nearby,0,704,2055,14.508,-11.124,-88.8,0.011,0,0,0.123,707,177.0,26.232,517.3
1790509910.900,2,start_mark,nearby,0,706,2056,14.518,-11.498,-88.6,0.014,0,0,0.035,708,112.0,26.885,518.5
1790509912.119,2,start_mark,nearby,0,709,2057,14.529,-11.888,-88.5,0.003,0,0,0.098,709,85.0,27.525,519.7
1790509912.987,2,start_mark,pending,,cache link 2053->697 (pending),2058,,,,,0,0,,,,27.525,520.6
1790509915.493,2,start_mark,nearby,0,716,2060,14.586,-12.870,-87.9,0.037,0,0,0.148,713,91.0,28.135,523.1
1790509916.549,2,start_mark,nearby,0,713,2061,14.605,-13.184,-88.3,0.015,0,0,0.165,717,105.0,28.719,524.2
1790509917.172,2,start_mark,pending,,cache link 2060->716 (pending),2062,,,,,0,0,,,,28.719,524.8
1790509918.459,2,start_mark,nearby,0,718,2063,14.617,-13.796,-88.1,0.024,0,0,0.169,719,118.0,29.387,526.1
1790509919.378,2,start_mark,nearby,0,718,2064,14.633,-14.092,-88.1,0.011,0,0,0.199,720,117.0,29.387,527.0
1790509920.292,2,start_mark,nearby,0,720,2065,14.650,-14.390,-88.0,0.017,0,0,0.212,894,111.0,30.039,527.9
1790509921.164,2,start_mark,nearby,0,719,2066,14.668,-14.670,-88.3,0.013,0,0,0.072,894,72.0,30.039,528.8
1790509922.114,2,start_mark,nearby,0,720,2067,14.677,-14.946,-88.2,0.006,0,0,0.100,1253,66.0,30.686,529.7
1790509923.136,2,start_mark,nearby,0,722,2068,14.683,-14.979,-88.2,0.004,0,0,0.129,1253,59.0,30.686,530.7
1790509923.801,2,start_mark,pending,,cache link 2063->718 (pending),2069,,,,,0,0,,,,30.686,531.4
1790509926.197,2,start_mark,nearby,0,723,2071,14.676,-14.961,-107.6,0.012,0,0,0.114,1253,67.0,30.764,533.8
1790509926.887,2,start_mark,pending,,cache link 2071->723 (pending),2072,,,,,0,0,,,,30.764,534.5
1790509937.489,2,start_mark,nearby,0,786,2082,13.993,-14.957,178.0,0.043,0,0,0.076,787,44.0,31.075,545.1
1790509938.508,2,start_mark,nearby,0,789,2083,13.758,-14.948,178.3,0.030,0,0,0.010,788,48.0,31.614,546.1
1790509939.529,2,start_mark,nearby,0,788,2084,13.542,-14.945,176.5,0.005,0,0,0.074,890,40.0,31.614,547.1
1790509940.514,2,start_mark,nearby,0,789,2085,13.342,-14.908,168.6,0.006,0,0,0.078,889,50.0,32.040,548.1
1790509941.600,2,start_mark,nearby,0,789,2086,13.019,-14.842,168.4,0.008,0,0,0.123,888,66.0,32.040,549.2
1790509942.886,2,start_mark,nearby,0,791,2087,12.613,-14.762,168.6,0.009,0,0,0.070,792,131.0,32.626,550.5
1790509943.921,2,start_mark,nearby,0,792,2088,12.266,-14.692,168.7,0.002,0,0,0.068,793,128.0,32.626,551.5
1790509944.645,2,start_mark,pending,,cache link 2082->786 (pending),2089,,,,,0,0,,,,33.290,552.2
1790509946.022,2,start_mark,nearby,0,793,2090,11.559,-14.557,168.9,0.018,0,0,0.026,795,141.0,33.290,553.6
1790509947.036,2,start_mark,nearby,0,794,2091,11.232,-14.502,172.4,0.018,0,0,0.062,796,147.0,33.992,554.6
1790509948.023,2,start_mark,nearby,0,795,2092,10.963,-14.477,176.2,0.008,0,0,0.093,1242,129.0,33.992,555.6
1790509948.606,2,start_mark,pending,,cache link 2090->793 (pending),2093,,,,,0,0,,,,34.623,556.2
1790509950.032,2,start_mark,nearby,0,797,2094,10.381,-14.469,178.1,0.036,0,0,0.093,1239,127.0,34.623,557.6
1790509951.038,2,start_mark,nearby,0,798,2095,10.083,-14.462,178.3,0.009,0,0,0.052,1238,102.0,35.233,558.6
1790509951.703,2,start_mark,pending,,cache link 2094->797 (pending),2096,,,,,0,0,,,,35.233,559.3
1790509953.214,2,start_mark,nearby,0,801,2097,9.426,-14.450,178.7,0.028,0,0,0.116,801,103.0,35.851,560.8
1790509954.252,2,start_mark,nearby,0,802,2098,9.114,-14.447,178.9,0.019,0,0,0.076,1234,95.0,36.482,561.9
1790509955.238,2,start_mark,nearby,0,801,2099,8.799,-14.443,179.0,0.012,0,0,0.036,1233,126.0,36.482,562.8
1790509956.344,2,start_mark,nearby,0,803,2100,8.465,-14.440,179.2,0.017,0,0,0.086,804,126.0,37.132,563.9
1790509957.373,2,start_mark,nearby,0,803,2101,8.111,-14.436,179.3,0.013,0,0,0.029,1230,131.0,37.132,565.0
1790509958.434,2,start_mark,nearby,0,806,2102,7.760,-14.431,179.4,0.002,0,0,0.060,1228,84.0,37.825,566.0
1790509959.402,2,start_mark,nearby,0,804,2103,7.448,-14.431,179.6,0.014,0,0,0.054,1227,62.0,37.825,567.0
1790509960.368,2,start_mark,nearby,0,807,2104,7.145,-14.427,179.7,0.016,0,0,0.045,1225,67.0,38.498,568.0
1790509961.342,2,start_mark,nearby,0,807,2105,6.824,-14.426,179.9,0.005,0,0,0.070,1224,97.0,38.498,568.9
1790509962.412,2,start_mark,nearby,0,807,2106,6.483,-14.428,180.0,0.014,0,0,0.060,1222,67.0,39.161,570.0
1790509963.515,2,start_mark,nearby,0,810,2107,6.122,-14.429,-179.8,0.010,0,0,0.068,1219,75.0,39.161,571.1
1790509964.584,2,start_mark,nearby,0,810,2108,5.779,-14.431,-179.6,0.006,0,0,0.080,1217,82.0,39.813,572.2
1790509965.633,2,start_mark,nearby,0,811,2109,5.443,-14.435,-179.5,0.013,0,0,0.089,1216,112.0,39.813,573.2
1790509966.637,2,start_mark,nearby,0,812,2110,5.130,-14.439,-179.4,0.005,0,0,0.077,1214,113.0,40.464,574.2
1790509967.624,2,start_mark,nearby,0,814,2111,4.801,-14.442,-179.3,0.002,0,0,0.086,1212,76.0,40.464,575.2
1790509968.597,2,start_mark,nearby,0,814,2112,4.485,-14.448,-179.2,0.004,0,0,0.082,815,73.0,41.140,576.2
1790509969.754,2,start_mark,nearby,0,817,2113,4.104,-14.453,-179.1,0.003,0,0,0.066,1207,90.0,41.140,577.4
1790509970.872,2,start_mark,nearby,0,817,2114,3.754,-14.461,-178.9,0.017,0,0,0.079,1205,95.0,41.792,578.5
1790509971.892,2,start_mark,nearby,0,817,2115,3.427,-14.469,-178.7,0.003,0,0,0.076,1203,98.0,41.792,579.5
1790509972.871,2,start_mark,nearby,0,820,2116,3.120,-14.478,-178.6,0.009,0,0,0.095,819,99.0,42.435,580.5
1790509973.893,2,start_mark,nearby,0,818,2117,2.825,-14.487,-178.4,0.034,0,0,0.073,820,114.0,42.435,581.5
1790509974.905,2,start_mark,nearby,0,820,2118,2.518,-14.496,-178.3,0.016,0,0,0.064,821,128.0,43.081,582.5
1790509976.014,2,start_mark,nearby,0,823,2119,2.169,-14.508,-178.1,0.005,0,0,0.073,822,123.0,43.081,583.6
1790509977.036,2,start_mark,nearby,0,823,2120,1.857,-14.522,-178.0,0.012,0,0,0.069,823,129.0,43.719,584.6
1790509977.602,2,start_mark,pending,,cache link 2111->814 (pending),2121,,,,,0,0,,,,43.719,585.2
1790509979.023,2,start_mark,nearby,0,826,2122,1.313,-14.542,-177.8,0.036,0,0,0.082,825,119.0,44.320,586.6
1790509980.057,2,start_mark,nearby,0,825,2123,1.100,-14.537,177.7,0.039,0,0,0.156,1194,152.0,44.859,587.7
1790509980.999,2,start_mark,nearby,0,825,2124,0.797,-14.520,177.6,0.030,0,0,0.144,1193,147.0,44.859,588.6
1790509982.141,2,start_mark,nearby,0,825,2125,0.422,-14.504,177.7,0.012,0,0,0.114,828,127.0,45.542,589.7
1790509983.270,2,start_mark,nearby,0,827,2126,0.041,-14.490,177.8,0.015,0,0,0.052,1181,161.0,45.542,590.9
1790509984.210,2,start_mark,nearby,0,828,2127,-0.303,-14.478,177.9,0.004,0,0,0.242,844,174.0,46.255,591.8
1790509984.905,2,start_mark,pending,,cache link 2122->826 (pending),2128,,,,,0,0,,,,46.255,592.5
1790509986.465,2,start_mark,nearby,0,829,2129,-1.145,-14.449,178.3,0.025,0,0,1.082,844,122.0,47.032,594.1
1790509987.031,2,start_mark,pending,,cache link 2129->829 (pending),2130,,,,,0,0,,,,47.032,594.6
1790510010.923,2,start_mark,pending,,cache link 2153->829 (pending),2153,,,,,0,0,,,,54.092,618.5
1790510012.244,2,start_mark,nearby,0,829,2154,0.102,-14.494,177.8,0.091,0,0,0.054,1181,117.0,54.677,619.8
1790510013.183,2,start_mark,nearby,0,826,2155,0.385,-14.503,177.7,0.003,0,0,0.101,828,96.0,54.677,620.8
1790510014.213,2,start_mark,nearby,0,828,2156,0.667,-14.513,177.6,0.013,0,0,0.119,827,187.0,55.262,621.8
1790510014.965,2,start_mark,pending,,cache link 2154->829 (pending),2157,,,,,0,0,,,,55.262,622.6
1790510016.369,2,start_mark,nearby,0,828,2158,0.334,-14.500,177.7,0.030,0,0,0.103,828,185.0,55.433,624.0
1790510017.398,2,start_mark,nearby,0,829,2159,0.301,-14.492,170.7,0.007,0,0,0.123,828,131.0,55.433,625.0
1790510018.406,2,start_mark,nearby,0,828,2160,0.316,-14.503,132.0,0.009,0,0,0.106,828,207.0,55.541,626.0
1790510018.987,2,start_mark,pending,,cache link 2158->828 (pending),2161,,,,,0,0,,,,55.541,626.6
1790510021.400,2,start_mark,nearby,0,406,2163,0.321,-14.313,96.4,0.052,0,0,0.059,1191,42.0,55.595,629.0
1790510022.294,2,start_mark,nearby,0,843,2164,0.333,-13.976,95.9,0.067,0,0,0.166,372,65.0,55.970,629.9
1790510023.286,2,start_mark,nearby,0,833,2165,0.323,-13.651,95.7,0.024,0,0,0.150,371,70.0,55.970,630.9
1790510024.161,2,start_mark,pending,,cache link 2163->406 (pending),2166,,,,,0,0,,,,56.636,631.8
1790510025.466,2,start_mark,nearby,0,833,2167,0.262,-12.939,96.3,0.018,0,0,0.063,369,54.0,56.636,633.1
1790510026.534,2,start_mark,nearby,0,414,2168,0.195,-12.804,97.6,0.239,0,0,0.100,369,85.0,57.309,634.1
1790510027.496,2,start_mark,nearby,0,416,2169,0.147,-12.443,97.8,0.013,0,0,0.094,367,74.0,57.309,635.1
1790510028.519,2,start_mark,nearby,0,416,2170,0.132,-12.225,89.4,0.074,0,0,0.126,366,102.0,58.001,636.1
1790510029.604,2,start_mark,nearby,0,418,2171,0.142,-11.808,89.2,0.022,0,0,0.072,365,76.0,58.001,637.2
1790510030.648,2,start_mark,nearby,0,417,2172,0.147,-11.465,89.4,0.047,0,0,0.061,1167,101.0,58.683,638.3
1790510031.678,2,start_mark,nearby,0,416,2173,0.151,-11.062,89.4,0.002,0,0,0.089,362,74.0,58.683,639.3
1790510032.279,2,start_mark,pending,,cache link 2167->833 (pending),2174,,,,,0,0,,,,59.451,639.9
1790510033.765,2,start_mark,nearby,0,418,2175,0.159,-10.295,89.8,0.050,0,0,0.154,359,82.0,59.451,641.4
1790510034.432,2,start_mark,pending,,cache link 2175->418 (pending),2176,,,,,0,0,,,,60.226,642.0
1790510035.790,2,start_mark,nearby,0,421,2177,0.160,-9.549,90.1,0.034,0,0,0.069,1161,84.0,60.226,643.4
1790510036.587,2,start_mark,pending,,cache link 2177->421 (pending),2178,,,,,0,0,,,,61.012,644.2
1790510037.932,2,start_mark,nearby,0,424,2179,0.164,-8.761,90.5,0.058,0,0,0.090,355,87.0,61.012,645.5
1790510038.903,2,start_mark,nearby,0,424,2180,0.157,-8.448,90.8,0.052,0,0,0.099,354,89.0,61.783,646.5
1790510040.002,2,start_mark,nearby,0,426,2181,0.155,-7.999,90.9,0.005,0,0,0.083,1159,84.0,61.783,647.6
1790510040.604,2,start_mark,pending,,cache link 2179->424 (pending),2182,,,,,0,0,,,,62.573,648.2
1790510042.133,2,start_mark,nearby,0,426,2183,0.156,-7.248,91.9,0.095,0,0,0.058,1157,85.0,63.371,649.7
1790510042.694,2,start_mark,pending,,cache link 2183->426 (pending),2184,,,,,0,0,,,,63.371,650.3
1790510044.187,2,start_mark,nearby,0,430,2185,0.156,-6.471,85.9,0.014,0,0,0.061,1155,119.0,64.148,651.8
1790510044.746,2,start_mark,pending,,cache link 2185->430 (pending),2186,,,,,0,0,,,,64.148,652.3
1790510046.146,2,start_mark,nearby,0,434,2187,0.222,-5.737,85.7,0.038,0,0,0.023,346,117.0,64.937,653.8
1790510047.226,2,start_mark,nearby,0,432,2188,0.252,-5.312,85.8,0.004,0,0,0.085,345,102.0,64.937,654.8
1790510047.776,2,start_mark,pending,,cache link 2187->434 (pending),2189,,,,,0,0,,,,64.937,655.4
1790510049.144,2,start_mark,nearby,0,437,2190,0.310,-4.570,86.2,0.022,0,0,0.091,343,93.0,65.738,656.7
1790510050.249,2,start_mark,nearby,0,438,2191,0.343,-4.186,86.5,0.047,0,0,0.133,342,99.0,66.526,657.9
1790510051.191,2,start_mark,nearby,0,439,2192,0.365,-3.775,86.7,0.017,0,0,0.188,341,101.0,66.526,658.8
1790510052.268,2,start_mark,nearby,0,437,2193,0.381,-3.485,87.4,0.112,0,0,0.148,340,83.0,67.322,659.9
1790510052.853,2,start_mark,pending,,cache link 2190->437 (pending),2194,,,,,0,0,,,,67.322,660.5
1790510055.407,2,start_mark,nearby,0,442,2196,0.418,-2.490,90.2,0.057,0,0,0.161,337,114.0,68.016,663.0
1790510055.962,2,start_mark,pending,,cache link 2196->442 (pending),2197,,,,,0,0,,,,68.016,663.6
1790510057.415,2,start_mark,nearby,0,444,2198,0.434,-1.880,90.4,0.049,0,0,0.191,335,132.0,68.655,665.0
1790510058.471,2,start_mark,nearby,0,444,2199,0.434,-1.547,90.6,0.014,0,0,0.201,334,149.0,69.295,666.1
1790510059.464,2,start_mark,nearby,0,445,2200,0.436,-1.238,90.8,0.009,0,0,0.224,333,126.0,69.295,667.1
1790510060.480,2,start_mark,nearby,0,445,2201,0.428,-0.920,90.4,0.014,0,0,0.242,332,85.0,69.948,668.1
1790510061.513,2,start_mark,nearby,0,446,2202,0.429,-0.582,90.6,0.006,0,0,0.246,331,69.0,69.948,669.1
1790510062.174,2,start_mark,pending,,cache link 2198->444 (pending),2203,,,,,0,0,,,,70.587,669.8
1790510063.572,2,start_mark,nearby,0,452,2204,0.428,-0.070,90.7,0.007,0,0,0.104,488,46.0,70.587,671.2
1790510064.559,2,start_mark,nearby,0,448,2205,0.427,-0.069,90.8,0.001,0,0,0.104,488,45.0,70.953,672.2
1790510065.216,2,start_mark,pending,,cache link 2204->452 (pending),2206,,,,,0,0,,,,70.953,672.8
1790510075.249,2,start_mark,nearby,0,1491,2215,0.543,-0.105,-1.2,0.075,0,0,0.110,139,110.0,71.045,682.9
1790510076.267,2,start_mark,nearby,0,142,2216,0.534,-0.147,-1.3,0.042,0,0,0.145,488,108.0,71.055,683.9
1790510076.781,2,start_mark,pending,,cache link 2215->471 (pending),2217,,,,,0,0,,,,71.055,684.4
1790510080.533,2,start_mark,nearby,0,144,2220,1.200,-0.170,-1.5,0.015,0,0,0.179,142,97.0,71.560,688.1
1790510081.640,2,start_mark,nearby,0,1490,2221,1.523,-0.220,-1.2,0.042,0,0,0.141,491,108.0,71.560,689.2
1790510082.659,2,start_mark,nearby,0,145,2222,1.823,-0.216,-1.2,0.010,0,0,0.062,492,100.0,72.155,690.3
1790510083.649,2,start_mark,nearby,0,148,2223,2.093,-0.239,-0.9,0.020,0,0,0.213,493,113.0,72.155,691.3
1790510084.635,2,start_mark,nearby,0,147,2224,2.366,-0.254,-0.7,0.022,0,0,0.078,493,114.0,72.731,692.2
1790510085.624,2,start_mark,recognised,493,148,2225,2.666,-0.254,-0.6,0.004,0,0,0.291,151,122.0,72.731,693.2
1790510086.556,2,start_mark,nearby,0,152,2226,2.944,-0.255,-0.5,0.007,0,0,0.064,494,108.0,73.335,694.2
1790510087.581,2,start_mark,nearby,0,151,2227,3.231,-0.258,-0.2,0.012,0,0,0.164,495,101.0,73.335,695.2
1790510088.622,2,start_mark,nearby,0,494,2228,3.510,-0.256,-0.1,0.030,0,0,0.125,495,163.0,73.935,696.2
1790510089.619,2,start_mark,recognised,495,156,2229,3.776,-0.257,-0.0,0.032,0,0,0.210,496,98.0,73.935,697.2
1790510090.623,2,start_mark,nearby,0,156,2230,4.065,-0.255,0.2,0.008,0,0,0.089,496,128.0,74.526,698.2
1790510091.581,2,start_mark,recognised,496,159,2231,4.312,-0.253,0.3,0.025,0,0,0.053,497,120.0,74.526,699.2
1790510092.669,2,start_mark,nearby,0,159,2232,4.626,-0.250,0.5,0.013,0,0,0.110,498,121.0,75.112,700.3
1790510093.730,2,start_mark,recognised,497,162,2233,4.931,-0.244,0.6,0.018,0,0,0.200,498,128.0,75.112,701.3
1790510094.698,2,start_mark,recognised,498,163,2234,5.234,-0.241,0.8,0.015,0,0,0.097,499,113.0,75.722,702.3
1790510095.762,2,start_mark,nearby,0,499,2235,5.591,-0.236,0.9,0.005,0,0,0.179,500,177.0,75.722,703.4
1790510096.817,2,start_mark,nearby,0,501,2236,5.946,-0.229,1.1,0.003,0,0,0.178,500,132.0,76.390,704.4
1790510097.877,2,start_mark,recognised,500,169,2237,6.271,-0.220,1.3,0.019,0,0,0.125,501,98.0,76.390,705.5
1790510098.933,2,start_mark,recognised,502,170,2238,6.620,-0.212,1.5,0.016,0,0,0.087,502,107.0,77.056,706.5
1790510099.930,2,start_mark,recognised,501,168,2239,6.931,-0.194,1.5,0.017,0,0,0.023,503,121.0,77.056,707.5
1790510100.982,2,start_mark,nearby,0,170,2240,7.291,-0.187,1.7,0.003,0,0,0.008,504,134.0,77.733,708.6
1790510101.980,2,start_mark,nearby,0,172,2241,7.594,-0.177,1.9,0.013,0,0,0.054,1369,120.0,77.733,709.6
1790510102.975,2,start_mark,recognised,504,174,2242,7.927,-0.169,1.9,0.011,0,0,0.073,505,113.0,78.390,710.6
1790510103.809,2,start_mark,nearby,0,505,2243,8.189,-0.163,2.0,0.013,0,0,0.054,506,235.0,78.390,711.4
1790510104.908,2,start_mark,nearby,0,177,2244,8.542,-0.142,2.4,0.014,0,0,0.091,507,83.0,79.065,712.5
1790510105.864,2,start_mark,recognised,506,175,2245,8.853,-0.121,2.2,0.015,0,0,0.155,508,72.0,79.065,713.5
1790510106.893,2,start_mark,recognised,507,179,2246,9.196,-0.111,2.5,0.011,0,0,0.140,256,77.0,79.741,714.5
1790510107.853,2,start_mark,recognised,508,178,2247,9.510,-0.097,2.4,0.014,0,0,0.078,509,68.0,79.741,715.5
1790510108.865,2,start_mark,nearby,0,180,2248,9.846,-0.085,2.8,0.012,0,0,0.115,254,54.0,80.429,716.5
1790510109.838,2,start_mark,recognised,510,510,2249,10.160,-0.067,2.8,0.012,0,0,0.095,253,149.0,80.429,717.4
1790510110.818,2,start_mark,recognised,510,510,2250,10.479,-0.050,3.0,0.006,0,0,0.080,252,188.0,81.105,718.4
1790510111.805,2,start_mark,recognised,511,511,2251,10.806,-0.032,3.1,0.008,0,0,0.038,512,173.0,81.105,719.4
1790510112.785,2,start_mark,recognised,512,512,2252,11.117,-0.013,3.3,0.004,0,0,0.036,513,126.0,81.773,720.4
1790510113.866,2,start_mark,recognised,513,513,2253,11.483,0.014,3.5,0.010,0,0,0.016,249,99.0,81.773,721.5
1790510114.886,2,start_mark,recognised,514,192,2254,11.815,0.027,3.6,0.014,0,0,0.040,248,34.0,82.454,722.5
1790510115.903,2,start_mark,nearby,0,193,2255,12.145,0.054,3.6,0.018,0,0,0.041,515,46.0,82.454,723.5
1790510116.990,2,start_mark,nearby,0,515,2256,12.533,0.073,3.8,0.026,0,0,0.038,516,116.0,83.131,724.6
1790510117.558,2,start_mark,pending,,cache link 2247->178 (pending),2257,,,,,0,0,,,,83.131,725.2
1790510155.236,2,start_mark,nearby,0,208,2293,14.364,0.162,84.3,0.372,0,0,0.011,532,77.0,84.911,762.8
1790510155.662,2,start_mark,pending,,cache link 2293->208 (pending),2294,,,,,0,0,,,,84.911,763.3
1790510160.390,2,start_mark,nearby,0,566,2298,14.427,0.710,84.0,0.013,0,0,0.190,566,113.0,85.363,768.0
1790510161.441,2,start_mark,nearby,0,1309,2299,14.461,1.001,83.9,0.012,0,0,0.067,567,34.0,85.363,769.0
1790510162.331,2,start_mark,nearby,0,567,2300,14.492,1.281,84.0,0.007,0,0,0.100,568,114.0,85.959,769.9
1790510163.452,2,start_mark,nearby,0,1310,2301,14.531,1.630,84.3,0.016,0,0,0.089,569,51.0,85.959,771.1
1790510164.380,2,start_mark,nearby,0,1311,2302,14.546,1.917,88.7,0.003,0,0,0.117,570,67.0,86.622,772.0
1790510164.995,2,start_mark,pending,,cache link 2298->566 (pending),2303,,,,,0,0,,,,86.622,772.6
1790510166.466,2,start_mark,nearby,0,571,2304,14.546,2.468,89.4,0.042,0,0,0.139,571,127.0,87.180,774.1
1790510167.510,2,start_mark,nearby,0,1312,2305,14.548,2.757,89.6,0.003,0,0,0.103,572,43.0,87.180,775.1
1790510168.479,2,start_mark,nearby,0,574,2306,14.549,3.002,89.7,0.002,0,0,0.050,573,82.0,87.723,776.1
1790510169.631,2,start_mark,nearby,0,1313,2307,14.549,3.324,89.7,0.004,0,0,0.086,574,49.0,87.723,777.2
1790510170.576,2,start_mark,nearby,0,575,2308,14.548,3.604,89.9,0.002,0,0,0.086,575,75.0,88.268,778.2
1790510171.578,2,start_mark,nearby,0,1314,2309,14.550,3.907,90.0,0.002,0,0,0.118,576,63.0,88.268,779.2
1790510172.594,2,start_mark,nearby,0,580,2310,14.550,4.173,90.1,0.001,0,0,0.150,577,47.0,88.857,780.2
1790510173.686,2,start_mark,nearby,0,1314,2311,14.542,4.479,90.2,0.010,0,0,0.168,579,56.0,88.857,781.3
1790510174.569,2,start_mark,nearby,0,579,2312,14.540,4.780,90.3,0.002,0,0,0.176,580,99.0,89.483,782.2
1790510175.679,2,start_mark,nearby,0,577,2313,14.540,5.092,90.2,0.019,0,0,0.211,637,55.0,89.483,783.3
1790510176.585,2,start_mark,nearby,0,1315,2314,14.538,5.363,90.2,0.012,0,0,0.216,583,70.0,90.060,784.2
1790510177.654,2,start_mark,nearby,0,1315,2315,14.545,5.710,89.2,0.004,0,0,0.171,1350,55.0,90.060,785.3
1790510178.758,2,start_mark,nearby,0,585,2316,14.547,6.060,89.1,0.003,0,0,0.191,1349,82.0,90.694,786.4
1790510179.707,2,start_mark,nearby,0,586,2317,14.549,6.377,89.2,0.015,0,0,0.202,588,101.0,90.694,787.3
1790510180.778,2,start_mark,nearby,0,1317,2318,14.554,6.687,89.2,0.007,0,0,0.220,589,64.0,91.364,788.4
1790510181.786,2,start_mark,nearby,0,589,2319,14.555,7.006,89.5,0.008,0,0,0.206,591,86.0,91.364,789.4
1790510182.694,2,start_mark,nearby,0,1318,2320,14.558,7.288,89.5,0.001,0,0,0.165,1348,54.0,91.962,790.3
1790510183.766,2,start_mark,nearby,0,1322,2321,14.560,7.570,89.6,0.004,0,0,0.182,1347,87.0,91.962,791.4
1790510184.903,2,start_mark,nearby,0,1321,2322,14.558,7.885,89.7,0.016,0,0,0.189,1346,100.0,92.543,792.5
1790510185.810,2,start_mark,nearby,0,1324,2323,14.559,8.152,89.8,0.003,0,0,0.208,1323,77.0,92.543,793.4
1790510186.857,2,start_mark,nearby,0,1323,2324,14.556,8.441,89.8,0.015,0,0,0.209,1324,119.0,93.107,794.5
1790510187.988,2,start_mark,nearby,0,602,2325,14.561,8.754,89.4,0.004,0,0,0.204,1325,75.0,93.107,795.6
1790510188.450,2,start_mark,pending,,cache link 2316->585 (pending),2326,,,,,0,0,,,,93.679,796.1
1790510189.979,2,start_mark,nearby,0,1325,2327,14.570,9.250,88.1,0.031,0,0,0.186,1342,116.0,93.679,797.6
1790510191.110,2,start_mark,nearby,0,603,2328,14.579,9.542,87.9,0.014,0,0,0.181,1327,94.0,94.201,798.7
1790510192.046,2,start_mark,nearby,0,1331,2329,14.586,9.763,87.9,0.013,0,0,0.178,1328,121.0,94.730,799.7
1790510193.149,2,start_mark,nearby,0,1333,2330,14.587,9.842,87.8,0.005,0,0,0.201,609,79.0,94.730,800.8
1790510194.203,2,start_mark,nearby,0,603,2331,14.584,9.817,83.7,0.031,0,0,0.208,609,56.0,94.816,801.8
1790510194.691,2,start_mark,pending,,cache link 2327->1325 (pending),2332,,,,,0,0,,,,94.816,802.3
1790510196.192,2,start_mark,nearby,0,1326,2333,14.589,9.821,49.1,0.013,0,0,0.203,609,60.0,94.822,803.8
1790510197.145,2,start_mark,nearby,0,1328,2334,14.597,9.800,26.8,0.023,0,0,0.194,1328,55.0,94.822,804.7
1790510197.477,2,start_mark,pending,,cache link 2333->1326 (pending),2335,,,,,0,0,,,,94.822,805.1
1790510202.523,2,start_mark,nearby,0,625,2339,14.623,9.766,-90.9,0.030,0,0,0.152,1328,56.0,94.843,810.1
1790510203.512,2,start_mark,nearby,0,1342,2340,14.610,9.774,-90.5,0.014,0,0,0.167,1328,53.0,94.843,811.1
1790510204.052,2,start_mark,pending,,cache link 2339->625 (pending),2341,,,,,0,0,,,,94.849,811.7
1790510215.955,2,start_mark,nearby,0,623,2352,14.612,9.296,-90.7,0.017,0,0,0.159,1342,70.0,94.867,823.6
1790510216.998,2,start_mark,nearby,0,624,2353,14.614,9.029,-90.6,0.009,0,0,0.157,1343,79.0,95.341,824.6
1790510217.879,2,start_mark,nearby,0,625,2354,14.615,8.804,-90.4,0.016,0,0,0.137,1325,80.0,95.341,825.5
1790510219.005,2,start_mark,nearby,0,626,2355,14.613,8.516,-90.3,0.002,0,0,0.143,1324,84.0,95.875,826.6
1790510220.061,2,start_mark,nearby,0,627,2356,14.612,8.251,-90.3,0.003,0,0,0.130,1345,82.0,96.392,827.7
1790510220.950,2,start_mark,nearby,0,1344,2357,14.614,8.019,-90.2,0.002,0,0,0.128,1346,88.0,96.392,828.6
1790510222.014,2,start_mark,nearby,0,1343,2358,14.613,7.740,-90.1,0.008,0,0,0.140,1347,59.0,96.392,829.6
1790510223.201,2,start_mark,nearby,0,1348,2359,14.612,7.440,-90.0,0.017,0,0,0.152,1348,84.0,96.917,830.8
1790510224.274,2,start_mark,nearby,0,1346,2360,14.613,7.181,-89.9,0.018,0,0,0.150,592,87.0,97.442,831.9
1790510225.228,2,start_mark,nearby,0,1348,2361,14.615,6.940,-89.8,0.005,0,0,0.143,591,113.0,97.442,832.8
1790510226.398,2,start_mark,nearby,0,629,2362,14.616,6.625,-89.7,0.001,0,0,0.139,589,52.0,97.963,834.0
1790510227.479,2,start_mark,nearby,0,634,2363,14.619,6.369,-89.6,0.006,0,0,0.133,588,75.0,97.963,835.1
1790510228.328,2,start_mark,nearby,0,633,2364,14.621,6.144,-89.5,0.008,0,0,0.132,587,132.0,98.463,835.9
1790510229.462,2,start_mark,nearby,0,1349,2365,14.622,5.850,-89.4,0.013,0,0,0.130,1349,120.0,98.463,837.1
1790510230.468,2,start_mark,nearby,0,632,2366,14.627,5.607,-89.4,0.009,0,0,0.084,1350,65.0,99.006,838.1
1790510231.477,2,start_mark,nearby,0,637,2367,14.626,5.326,-89.3,0.003,0,0,0.141,583,77.0,99.006,839.1
1790510232.577,2,start_mark,nearby,0,1349,2368,14.636,5.070,-89.1,0.030,0,0,0.117,637,84.0,99.522,840.2
1790510233.462,2,start_mark,nearby,0,636,2369,14.641,4.841,-89.0,0.001,0,0,0.100,580,105.0,99.522,841.1
1790510234.597,2,start_mark,nearby,0,1351,2370,14.644,4.544,-89.0,0.006,0,0,0.054,579,77.0,100.055,842.2
1790510235.584,2,start_mark,nearby,0,640,2371,14.649,4.286,-88.9,0.004,0,0,0.040,578,95.0,100.055,843.2
1790510236.643,2,start_mark,nearby,0,638,2372,14.657,4.038,-88.9,0.018,0,0,0.042,577,129.0,100.584,844.2
1790510237.744,2,start_mark,nearby,0,638,2373,14.662,3.761,-88.7,0.012,0,0,0.061,1352,87.0,100.584,845.3
1790510238.734,2,start_mark,nearby,0,1352,2374,14.669,3.537,-88.6,0.009,0,0,0.053,575,175.0,101.106,846.3
1790510239.718,2,start_mark,nearby,0,641,2375,14.675,3.283,-88.6,0.008,0,0,0.075,574,167.0,101.106,847.3
1790510240.738,2,start_mark,nearby,0,1354,2376,14.683,3.033,-88.5,0.014,0,0,0.081,1354,154.0,101.561,848.3
1790510241.794,2,start_mark,nearby,0,1353,2377,14.689,2.779,-88.5,0.001,0,0,0.053,1355,150.0,101.561,849.4
1790510242.860,2,start_mark,nearby,0,1355,2378,14.698,2.519,-88.3,0.007,0,0,0.071,644,184.0,102.081,850.5
1790510243.797,2,start_mark,recognised,644,1356,2379,14.704,2.295,-88.2,0.006,0,0,0.098,1356,170.0,102.081,851.4
1790510244.831,2,start_mark,nearby,0,1356,2380,14.714,2.055,-88.2,0.003,0,0,0.037,1357,188.0,102.548,852.4
1790510245.830,2,start_mark,nearby,0,646,2381,14.723,1.794,-88.1,0.013,0,0,0.067,646,153.0,102.548,853.4
1790510246.778,2,start_mark,nearby,0,644,2382,14.730,1.642,-88.0,0.023,0,0,0.024,1358,109.0,103.005,854.4
1790510247.795,2,start_mark,nearby,0,646,2383,14.735,1.400,-91.0,0.006,0,0,0.048,647,196.0,103.005,855.4
1790510248.774,2,start_mark,nearby,0,1359,2384,14.712,1.254,-95.8,0.016,0,0,0.080,1359,195.0,103.448,856.4
1790510249.949,2,start_mark,nearby,0,647,2385,14.678,0.990,-95.9,0.023,0,0,0.091,1360,202.0,103.448,857.6
1790510250.859,2,start_mark,nearby,0,1359,2386,14.660,0.795,-95.9,0.022,0,0,0.198,1309,188.0,103.839,858.5
1790510251.869,2,start_mark,nearby,0,1359,2387,14.632,0.529,-95.8,0.006,0,0,0.157,649,134.0,103.839,859.5
1790510253.065,2,start_mark,nearby,0,649,2388,14.602,0.231,-95.7,0.002,0,0,0.185,546,97.0,104.344,860.7
1790510254.149,2,start_mark,nearby,0,648,2389,14.641,0.029,-94.2,0.070,0,0,0.023,968,70.0,104.820,861.8
1790510255.204,2,start_mark,nearby,0,1362,2390,14.620,-0.197,-94.9,0.007,0,0,0.052,216,58.0,104.820,862.8
1790510256.091,2,start_mark,nearby,0,551,2391,14.599,-0.389,-94.7,0.007,0,0,0.183,945,69.0,105.226,863.7
1790510257.258,2,start_mark,nearby,0,650,2392,14.554,-0.645,-93.8,0.036,0,0,0.191,944,63.0,105.226,864.9
1790510258.282,2,start_mark,nearby,0,215,2393,14.551,-0.831,-93.4,0.009,0,0,0.191,943,56.0,105.618,865.9
1790510259.138,2,start_mark,nearby,0,215,2394,14.541,-1.019,-93.3,0.004,0,0,0.233,943,54.0,105.618,866.7
1790510260.177,2,start_mark,nearby,0,551,2395,14.524,-1.261,-93.1,0.005,0,0,0.213,942,36.0,106.069,867.8
1790510261.224,2,start_mark,nearby,0,652,2396,14.513,-1.531,-93.0,0.006,0,0,0.221,941,49.0,106.069,868.8
1790510261.718,2,start_mark,pending,,cache link 2387->1359 (pending),2397,,,,,0,0,,,,106.069,869.3
1790510263.172,2,start_mark,nearby,0,655,2398,14.489,-2.012,-92.7,0.005,0,0,0.274,939,57.0,106.570,870.8
1790510263.707,2,start_mark,pending,,cache link 2398->655 (pending),2399,,,,,0,0,,,,106.570,871.3
1790510266.172,2,start_mark,nearby,0,658,2401,14.455,-2.759,-92.4,0.009,0,0,0.272,937,45.0,107.566,873.8
1790510267.259,2,start_mark,nearby,0,658,2402,14.444,-2.981,-92.3,0.006,0,0,0.297,936,45.0,107.566,874.9
1790510268.330,2,start_mark,nearby,0,657,2403,14.439,-3.164,-92.1,0.046,0,0,0.295,936,43.0,108.006,875.9
1790510268.982,2,start_mark,pending,,cache link 2401->658 (pending),2404,,,,,0,0,,,,108.006,876.6
1790510270.366,2,start_mark,nearby,0,658,2405,14.421,-3.583,-91.9,0.016,0,0,0.313,934,36.0,108.393,878.0
1790510271.433,2,start_mark,nearby,0,660,2406,14.404,-3.842,-92.1,0.015,0,0,0.344,933,45.0,108.393,879.0
1790510272.127,2,start_mark,pending,,cache link 2405->658 (pending),2407,,,,,0,0,,,,108.836,879.7
1790510276.606,2,start_mark,nearby,0,663,2411,14.374,-4.974,-91.2,0.051,0,0,0.325,930,55.0,109.760,884.2
1790510277.236,2,start_mark,pending,,cache link 2411->663 (pending),2412,,,,,0,0,,,,109.760,884.8
1790510278.640,2,start_mark,nearby,0,664,2413,14.363,-5.439,-91.0,0.007,0,0,0.326,928,41.0,110.211,886.2
1790510279.670,2,start_mark,nearby,0,665,2414,14.360,-5.681,-91.0,0.004,0,0,0.335,927,43.0,110.211,887.3
1790510280.343,2,start_mark,pending,,cache link 2413->664 (pending),2415,,,,,0,0,,,,110.666,887.9
1790510286.923,2,start_mark,nearby,0,670,2421,14.346,-7.206,-89.8,0.121,0,0,0.349,922,55.0,112.038,894.5
1790510287.962,2,start_mark,nearby,0,670,2422,14.354,-7.426,-90.1,0.014,0,0,0.341,921,47.0,112.038,895.6
1790510289.060,2,start_mark,nearby,0,671,2423,14.351,-7.704,-90.1,0.003,0,0,0.336,672,46.0,112.490,896.7
1790510290.096,2,start_mark,nearby,0,672,2424,14.351,-7.970,-89.9,0.025,0,0,0.298,1300,41.0,113.013,897.7
1790510290.771,2,start_mark,pending,,cache link 2421->670 (pending),2425,,,,,0,0,,,,113.013,898.4
1790510293.312,2,start_mark,nearby,0,674,2427,14.340,-8.791,-89.6,0.036,0,0,0.281,675,64.0,113.544,900.9
1790510293.881,2,start_mark,pending,,cache link 2427->674 (pending),2428,,,,,0,0,,,,113.544,901.5
1790510295.350,2,start_mark,nearby,0,675,2429,14.342,-9.315,-89.3,0.027,0,0,0.257,695,69.0,114.090,903.0
1790510296.001,2,start_mark,pending,,cache link 2429->675 (pending),2430,,,,,0,0,,,,114.090,903.6
1790510300.803,2,start_mark,nearby,0,698,2434,14.368,-10.812,-88.8,0.064,0,0,0.176,705,170.0,115.776,908.4
1790510301.706,2,start_mark,pending,,cache link 2434->698 (pending),2435,,,,,0,0,,,,115.776,909.3
1790510305.331,2,start_mark,nearby,0,708,2438,14.410,-12.169,-88.3,0.036,0,0,0.111,710,103.0,116.991,912.9
1790510306.070,2,start_mark,pending,,cache link 2438->708 (pending),2439,,,,,0,0,,,,117.618,913.7
1790510307.518,2,start_mark,nearby,0,711,2440,14.437,-12.807,-88.2,0.012,0,0,0.066,713,104.0,117.618,915.1
1790510308.622,2,start_mark,nearby,0,713,2441,14.445,-12.801,-80.0,0.010,0,0,0.056,713,110.0,118.047,916.2
1790510309.319,2,start_mark,pending,,cache link 2440->711 (pending),2442,,,,,0,0,,,,118.047,916.9
1790510310.685,2,start_mark,nearby,0,711,2443,14.470,-12.774,-41.5,0.041,0,0,0.019,713,75.0,118.054,918.3
1790510311.406,2,start_mark,pending,,cache link 2443->711 (pending),2444,,,,,0,0,,,,118.054,919.0
1790510353.660,2,start_mark,pending,,cache link 2486->791 (pending),2486,,,,,0,0,,,,124.122,961.3
1790510355.025,2,start_mark,nearby,0,791,2487,13.022,-14.867,168.7,0.171,0,0,0.140,888,76.0,124.732,962.6
1790510356.152,2,start_mark,nearby,0,791,2488,12.627,-14.791,168.9,0.017,0,0,0.092,792,162.0,125.464,963.8
1790510357.286,2,start_mark,nearby,0,791,2489,12.211,-14.712,169.0,0.007,0,0,0.031,793,190.0,125.464,964.9
1790510358.340,2,start_mark,nearby,0,791,2490,11.806,-14.637,171.7,0.004,0,0,0.066,794,128.0,126.235,965.9
1790510359.305,2,start_mark,nearby,0,793,2491,11.461,-14.622,176.7,0.011,0,0,0.103,795,174.0,126.235,966.9
1790510360.280,2,start_mark,nearby,0,797,2492,11.125,-14.610,177.2,0.015,0,0,0.090,796,86.0,126.966,967.9
1790510361.336,2,start_mark,nearby,0,795,2493,10.772,-14.595,177.3,0.007,0,0,0.082,1241,104.0,126.966,968.9
1790510362.402,2,start_mark,nearby,0,797,2494,10.387,-14.582,177.5,0.027,0,0,0.112,798,157.0,127.690,970.0
1790510363.437,2,start_mark,nearby,0,798,2495,10.014,-14.569,177.7,0.009,0,0,0.076,1238,161.0,127.690,971.0
1790510364.418,2,start_mark,nearby,0,800,2496,9.632,-14.558,178.0,0.010,0,0,0.104,1236,125.0,128.445,972.0
1790510365.414,2,start_mark,recognised,800,800,2497,9.250,-14.549,178.1,0.003,0,0,0.074,1235,136.0,128.445,973.0
1790510366.558,2,start_mark,nearby,0,802,2498,8.836,-14.539,178.4,0.022,0,0,0.011,803,145.0,129.223,974.2
1790510367.540,2,start_mark,nearby,0,803,2499,8.460,-14.530,178.6,0.016,0,0,0.018,804,157.0,129.223,975.1
1790510368.629,2,start_mark,recognised,804,804,2500,8.049,-14.522,178.8,0.014,0,0,0.074,805,138.0,130.008,976.2
1790510369.654,2,start_mark,recognised,804,804,2501,7.650,-14.516,178.9,0.013,0,0,0.091,1228,110.0,130.008,977.3
1790510370.582,2,start_mark,recognised,806,806,2502,7.312,-14.510,179.0,0.006,0,0,0.082,807,114.0,130.788,978.2
1790510371.621,2,start_mark,recognised,806,806,2503,6.969,-14.506,179.2,0.022,0,0,0.054,808,65.0,130.788,979.2
1790510372.627,2,start_mark,recognised,808,808,2504,6.636,-14.503,179.3,0.007,0,0,0.037,809,108.0,131.497,980.2
1790510373.673,2,start_mark,recognised,809,809,2505,6.301,-14.501,179.5,0.020,0,0,0.025,810,91.0,131.497,981.3
1790510374.766,2,start_mark,nearby,0,810,2506,5.947,-14.501,179.7,0.015,0,0,0.016,811,98.0,132.181,982.4
1790510375.797,2,start_mark,nearby,0,809,2507,5.599,-14.500,179.8,0.004,0,0,0.008,812,52.0,132.181,983.4
1790510376.878,2,start_mark,nearby,0,812,2508,5.249,-14.503,-180.0,0.026,0,0,0.011,813,119.0,132.857,984.5
1790510377.518,2,start_mark,pending,,cache link 2499->803 (pending),2509,,,,,0,0,,,,132.857,985.1
1790510381.013,2,start_mark,nearby,0,815,2512,3.819,-14.512,-179.4,0.029,0,0,0.042,817,105.0,134.250,988.6
1790510382.057,2,start_mark,nearby,0,817,2513,3.486,-14.517,-179.3,0.006,0,0,0.045,818,117.0,134.936,989.7
1790510383.025,2,start_mark,nearby,0,817,2514,3.190,-14.523,-179.1,0.022,0,0,0.019,819,125.0,134.936,990.6
1790510384.074,2,start_mark,nearby,0,819,2515,2.840,-14.529,-179.0,0.013,0,0,0.029,820,131.0,135.604,991.7
1790510385.053,2,start_mark,nearby,0,820,2516,2.523,-14.535,-178.8,0.004,0,0,0.025,821,131.0,135.604,992.7
1790510386.114,2,start_mark,nearby,0,821,2517,2.206,-14.544,-178.7,0.027,0,0,0.027,822,159.0,136.266,993.7
1790510387.138,2,start_mark,nearby,0,822,2518,1.903,-14.555,-178.5,0.030,0,0,0.064,823,151.0,136.266,994.7
1790510388.198,2,start_mark,nearby,0,823,2519,1.553,-14.566,-178.4,0.006,0,0,0.032,824,154.0,136.928,995.8
1790510389.134,2,start_mark,nearby,0,824,2520,1.259,-14.575,-178.2,0.005,0,0,0.028,825,160.0,136.928,996.7
1790510390.152,2,start_mark,nearby,0,826,2521,0.959,-14.587,-178.1,0.016,0,0,0.039,826,140.0,137.546,997.8
1790510391.185,2,start_mark,nearby,0,826,2522,0.657,-14.598,-178.5,0.019,0,0,0.048,827,160.0,137.546,998.8
1790510392.336,2,start_mark,nearby,0,827,2523,0.315,-14.557,174.6,0.006,0,0,0.061,828,165.0,138.141,999.9
1790510393.263,2,start_mark,nearby,0,828,2524,-0.014,-14.530,174.7,0.018,0,0,0.052,844,191.0,138.141,1000.9
1790510394.236,2,start_mark,nearby,0,827,2525,-0.385,-14.494,174.8,0.004,0,0,0.320,844,117.0,138.899,1001.8
1790510395.027,2,start_mark,pending,,cache link 2516->820 (pending),2526,,,,,0,0,,,,138.899,1002.6
1790510396.485,2,start_mark,nearby,0,829,2527,-1.170,-14.424,175.2,0.001,0,0,1.109,844,106.0,139.608,1004.1
1790510397.069,2,start_mark,pending,,cache link 2527->829 (pending),2528,,,,,0,0,,,,139.608,1004.7
1790510420.704,2,start_mark,pending,,cache link 2551->829 (pending),2551,,,,,0,0,,,,143.891,1028.3
1790510423.005,2,start_mark,nearby,0,827,2553,-0.051,-14.341,178.7,0.058,0,0,0.011,843,89.0,144.484,1030.6
1790510423.605,2,start_mark,pending,,cache link 2553->827 (pending),2554,,,,,0,0,,,,144.484,1031.2
1790510425.058,2,start_mark,nearby,0,829,2555,-0.102,-14.252,117.0,0.031,0,0,0.051,831,103.0,144.501,1032.7
1790510425.398,2,start_mark,pending,,cache link 2555->829 (pending),2556,,,,,0,0,,,,144.501,1033.0
1790510426.974,2,start_mark,nearby,0,412,2557,-0.017,-14.210,88.6,0.086,0,0,0.082,836,54.0,144.601,1034.6
1790510427.743,2,start_mark,pending,,cache link 2557->412 (pending),2558,,,,,0,0,,,,144.601,1035.3
1790510432.096,2,start_mark,nearby,0,414,2562,-0.031,-12.755,90.1,0.297,0,0,0.117,1169,93.0,146.338,1039.7
1790510433.075,2,start_mark,nearby,0,416,2563,-0.035,-12.346,90.4,0.031,0,0,0.098,416,88.0,146.338,1040.7
1790510434.075,2,start_mark,nearby,0,415,2564,-0.043,-12.045,90.6,0.092,0,0,0.184,417,116.0,147.115,1041.7
1790510435.077,2,start_mark,nearby,0,415,2565,-0.049,-11.651,90.8,0.001,0,0,0.153,1168,82.0,147.115,1042.7
1790510436.077,2,start_mark,nearby,0,417,2566,-0.064,-11.313,91.1,0.051,0,0,0.185,418,103.0,147.903,1043.7
1790510437.099,2,start_mark,nearby,0,418,2567,-0.074,-10.909,91.3,0.001,0,0,0.179,1165,125.0,147.903,1044.7
1790510438.162,2,start_mark,nearby,0,419,2568,-0.087,-10.514,91.0,0.024,0,0,0.190,421,104.0,148.677,1045.8
1790510439.186,2,start_mark,nearby,0,422,2569,-0.088,-10.131,90.1,0.002,0,0,0.182,422,104.0,148.677,1046.8
1790510440.126,2,start_mark,nearby,0,421,2570,-0.087,-9.746,90.1,0.002,0,0,0.199,423,114.0,149.462,1047.7
1790510440.798,2,start_mark,pending,,cache link 2562->414 (pending),2571,,,,,0,0,,,,149.462,1048.4
1790510442.303,2,start_mark,nearby,0,423,2572,-0.102,-8.966,90.5,0.070,0,0,0.182,424,124.0,150.254,1049.9
1790510443.272,2,start_mark,nearby,0,422,2573,-0.107,-8.590,90.5,0.010,0,0,0.161,425,81.0,150.254,1050.9
1790510444.343,2,start_mark,nearby,0,426,2574,-0.113,-8.200,90.8,0.033,0,0,0.186,426,140.0,151.039,1051.9
1790510445.429,2,start_mark,nearby,0,425,2575,-0.122,-7.771,91.0,0.009,0,0,0.124,428,111.0,151.039,1053.0
1790510445.975,2,start_mark,pending,,cache link 2572->423 (pending),2576,,,,,0,0,,,,151.039,1053.6
1790510447.423,2,start_mark,nearby,0,428,2577,-0.138,-7.039,91.3,0.032,0,0,0.067,430,156.0,151.835,1055.0
1790510448.454,2,start_mark,nearby,0,429,2578,-0.151,-6.681,91.5,0.003,0,0,0.055,431,147.0,152.579,1056.1
1790510449.442,2,start_mark,nearby,0,431,2579,-0.163,-6.272,91.7,0.011,0,0,0.027,432,171.0,152.579,1057.0
1790510450.468,2,start_mark,recognised,432,432,2580,-0.175,-5.897,91.9,0.011,0,0,0.096,433,194.0,153.367,1058.1
1790510451.459,2,start_mark,nearby,0,434,2581,-0.195,-5.558,92.1,0.058,0,0,0.092,434,175.0,153.367,1059.1
1790510452.474,2,start_mark,nearby,0,434,2582,-0.213,-5.198,92.2,0.033,0,0,0.104,435,207.0,154.157,1060.1
1790510453.511,2,start_mark,nearby,0,434,2583,-0.210,-4.864,88.8,0.022,0,0,0.075,436,162.0,154.157,1061.1
1790510454.536,2,start_mark,nearby,0,436,2584,-0.203,-4.511,88.7,0.001,0,0,0.041,437,204.0,154.849,1062.1
1790510455.538,2,start_mark,nearby,0,437,2585,-0.196,-4.175,88.8,0.020,0,0,0.030,438,199.0,154.849,1063.1
1790510456.565,2,start_mark,nearby,0,438,2586,-0.191,-3.824,89.0,0.008,0,0,0.063,439,212.0,155.554,1064.2
1790510457.596,2,start_mark,recognised,439,439,2587,-0.187,-3.486,89.2,0.020,0,0,0.112,440,195.0,155.554,1065.2
1790510458.677,2,start_mark,nearby,0,440,2588,-0.183,-3.130,89.3,0.011,0,0,0.133,441,237.0,156.254,1066.3
1790510459.672,2,start_mark,recognised,440,440,2589,-0.181,-2.796,89.5,0.016,0,0,0.170,442,243.0,156.254,1067.3
1790510460.709,2,start_mark,recognised,441,441,2590,-0.175,-2.460,87.1,0.021,0,0,0.166,442,251.0,156.937,1068.3
1790510461.734,2,start_mark,recognised,442,442,2591,-0.157,-2.175,86.9,0.030,0,0,0.092,443,259.0,156.937,1069.3
1790510462.734,2,start_mark,recognised,443,443,2592,-0.143,-1.853,86.9,0.020,0,0,0.041,444,311.0,157.590,1070.3
1790510463.794,2,start_mark,recognised,444,444,2593,-0.127,-1.529,87.1,0.012,0,0,0.036,445,289.0,157.590,1071.4
1790510464.768,2,start_mark,recognised,445,445,2594,-0.113,-1.212,87.2,0.003,0,0,0.073,446,304.0,158.255,1072.4
1790510465.749,2,start_mark,recognised,446,446,2595,-0.098,-0.878,87.3,0.005,0,0,0.098,447,247.0,158.255,1073.4
1790510466.780,2,start_mark,recognised,447,447,2596,-0.086,-0.551,87.5,0.011,0,0,0.112,448,234.0,158.914,1074.4
1790510467.748,2,start_mark,recognised,448,448,2597,-0.074,-0.260,87.4,0.003,0,0,0.084,449,197.0,158.914,1075.4
1790510468.775,2,start_mark,nearby,0,454,2598,-0.076,-0.290,80.4,0.016,0,0,0.069,449,110.0,159.421,1076.4
1790510469.848,2,start_mark,nearby,0,454,2599,-0.056,-0.261,56.6,0.006,0,0,0.099,449,99.0,159.421,1077.5
1790510471.031,2,start_mark,recognised,455,455,2600,0.022,-0.286,30.9,0.065,0,0,0.166,449,90.0,159.459,1078.6
1790510472.298,2,start_mark,recognised,456,1500,2601,0.182,-0.257,29.3,0.058,0,0,0.106,471,52.0,159.601,1079.9
1790510473.303,2,start_mark,recognised,456,1490,2602,0.479,-0.103,29.5,0.020,0,0,0.109,488,79.0,159.601,1080.9
1790510474.270,2,start_mark,nearby,0,1499,2603,0.745,0.055,29.8,0.006,0,0,0.061,140,83.0,160.235,1081.9
1790510475.290,2,start_mark,nearby,0,1498,2604,0.829,0.102,27.6,0.007,0,0,0.098,1383,86.0,160.235,1082.9
1790510476.197,2,start_mark,nearby,0,1498,2605,0.863,0.109,8.3,0.001,0,0,0.094,1383,69.0,160.427,1083.8
1790510477.541,2,start_mark,nearby,0,1500,2606,0.859,0.078,-3.6,0.038,0,0,0.065,1383,112.0,160.427,1085.1
1790510478.728,2,start_mark,nearby,0,1498,2607,0.855,0.058,-3.3,0.021,0,0,0.047,1383,122.0,160.457,1086.3
1790510479.224,2,start_mark,pending,,cache link 2598->454 (pending),2608,,,,,0,0,,,,160.457,1086.8
1790510482.766,2,start_mark,nearby,0,1500,2611,0.306,0.049,-1.3,0.039,0,0,0.033,1385,130.0,160.817,1090.4
1790510483.850,2,start_mark,recognised,139,1491,2612,0.185,0.038,-1.4,0.020,0,0,0.026,328,144.0,160.817,1091.5
1790510484.976,2,start_mark,recognised,141,457,2613,0.216,0.028,-27.0,0.007,0,0,0.013,328,128.0,161.079,1092.6
1790510486.121,2,start_mark,nearby,0,458,2614,0.231,-0.001,-55.7,0.017,0,0,0.018,329,132.0,161.120,1093.7
1790510486.546,2,start_mark,pending,,cache link 2611->141 (pending),2615,,,,,0,0,,,,161.120,1094.2
1790510488.705,2,start_mark,nearby,0,329,2617,0.239,-0.003,-92.4,0.027,0,0,0.023,329,53.0,161.148,1096.3
1790510489.790,2,start_mark,nearby,0,1143,2618,0.223,-0.006,-92.3,0.015,0,0,0.021,329,66.0,161.148,1097.4
1790510490.265,2,start_mark,pending,,cache link 2617->329 (pending),2619,,,,,0,0,,,,161.150,1097.9
1790510492.820,2,start_mark,nearby,0,330,2621,0.196,-0.675,-92.4,0.005,0,0,0.105,332,46.0,161.572,1100.4
1790510493.824,2,start_mark,nearby,0,332,2622,0.182,-1.008,-92.3,0.002,0,0,0.136,333,43.0,161.572,1101.4
1790510494.756,2,start_mark,nearby,0,1144,2623,0.173,-1.297,-92.2,0.014,0,0,0.109,1146,38.0,162.217,1102.4
1790510495.763,2,start_mark,nearby,0,333,2624,0.161,-1.607,-92.1,0.004,0,0,0.066,1147,60.0,162.217,1103.4
1790510496.338,2,start_mark,pending,,cache link 2621->330 (pending),2625,,,,,0,0,,,,162.845,1103.9
1790510498.843,2,start_mark,nearby,0,336,2627,0.139,-2.455,-91.9,0.051,0,0,0.121,337,43.0,163.416,1106.4
1790510499.772,2,start_mark,nearby,0,336,2628,0.127,-2.782,-91.8,0.006,0,0,0.125,338,28.0,163.416,1107.4
1790510500.898,2,start_mark,nearby,0,338,2629,0.108,-3.159,-91.7,0.009,0,0,0.142,339,34.0,164.082,1108.5
1790510501.943,2,start_mark,nearby,0,1149,2630,0.092,-3.528,-91.6,0.007,0,0,0.145,1150,38.0,164.082,1109.5
1790510502.541,2,start_mark,pending,,cache link 2627->336 (pending),2631,,,,,0,0,,,,164.762,1110.1
1790510503.935,2,start_mark,nearby,0,1150,2632,0.080,-4.187,-91.1,0.015,0,0,0.157,1151,68.0,164.762,1111.5
1790510504.703,2,start_mark,pending,,cache link 2632->1150 (pending),2633,,,,,0,0,,,,165.441,1112.3
1790510507.042,2,start_mark,nearby,0,343,2635,0.072,-5.219,-90.5,0.025,0,0,0.114,1152,28.0,166.117,1114.6
1790510507.719,2,start_mark,pending,,cache link 2635->343 (pending),2636,,,,,0,0,,,,166.117,1115.3
1790510549.109,2,start_mark,pending,,cache link 2676->852 (pending),2676,,,,,0,0,,,,176.414,1156.7
1790510550.507,2,start_mark,nearby,0,853,2677,0.055,-14.409,-2.0,0.741,0,0,0.040,1180,70.0,176.432,1158.1
1790510550.970,2,start_mark,pending,,cache link 2677->853 (pending),2678,,,,,0,0,,,,176.432,1158.6
1790510555.324,2,start_mark,nearby,0,1184,2682,0.645,-14.448,-1.2,0.021,0,0,0.111,1192,108.0,176.674,1162.9
1790510556.479,2,start_mark,nearby,0,854,2683,0.971,-14.435,-1.4,0.023,0,0,0.153,1193,71.0,177.226,1164.1
1790510557.641,2,start_mark,nearby,0,853,2684,1.280,-14.447,-1.1,0.016,0,0,0.155,1194,73.0,177.226,1165.2
1790510558.672,2,start_mark,nearby,0,854,2685,1.592,-14.432,-1.2,0.021,0,0,0.114,1196,67.0,177.801,1166.3
1790510559.728,2,start_mark,nearby,0,855,2686,1.878,-14.463,-1.0,0.032,0,0,0.129,1197,73.0,177.801,1167.3
1790510560.805,2,start_mark,nearby,0,856,2687,2.207,-14.465,-1.7,0.018,0,0,0.090,1198,73.0,178.407,1168.4
1790510561.805,2,start_mark,nearby,0,855,2688,2.495,-14.481,-3.3,0.006,0,0,0.086,821,60.0,178.407,1169.4
1790510562.728,2,start_mark,nearby,0,1202,2689,2.753,-14.497,-3.3,0.004,0,0,0.107,1200,67.0,179.014,1170.3
1790510563.772,2,start_mark,nearby,0,858,2690,3.052,-14.514,-3.5,0.022,0,0,0.122,1201,58.0,179.014,1171.4
1790510564.646,2,start_mark,nearby,0,1199,2691,3.308,-14.533,-2.8,0.005,0,0,0.119,819,99.0,179.606,1172.3
1790510565.661,2,start_mark,nearby,0,858,2692,3.620,-14.543,-4.1,0.023,0,0,0.093,818,47.0,179.606,1173.3
1790510566.710,2,start_mark,nearby,0,1208,2693,3.934,-14.543,-3.0,0.023,0,0,0.079,817,76.0,180.234,1174.3
1790510567.633,2,start_mark,nearby,0,1202,2694,4.226,-14.568,-2.4,0.014,0,0,0.055,816,87.0,180.234,1175.2
1790510568.798,2,start_mark,nearby,0,863,2695,4.561,-14.568,-1.9,0.024,0,0,0.061,815,70.0,180.861,1176.4
1790510569.845,2,start_mark,nearby,0,864,2696,4.885,-14.579,-1.8,0.007,0,0,0.066,814,68.0,180.861,1177.4
1790510570.881,2,start_mark,nearby,0,864,2697,5.230,-14.596,-1.9,0.018,0,0,0.085,813,68.0,181.497,1178.5
1790510571.890,2,start_mark,nearby,0,865,2698,5.546,-14.598,-1.7,0.012,0,0,0.106,812,68.0,181.497,1179.5
1790510572.790,2,start_mark,nearby,0,866,2699,5.855,-14.606,-1.8,0.002,0,0,0.147,811,68.0,182.173,1180.4
1790510573.804,2,start_mark,nearby,0,1216,2700,6.175,-14.613,-1.5,0.020,0,0,0.186,810,81.0,182.173,1181.4
1790510574.662,2,start_mark,nearby,0,868,2701,6.452,-14.613,-1.6,0.008,0,0,0.165,810,66.0,182.835,1182.3
1790510575.789,2,start_mark,nearby,0,1221,2702,6.816,-14.623,-1.0,0.020,0,0,0.185,809,60.0,182.835,1183.4
1790510576.876,2,start_mark,nearby,0,870,2703,7.183,-14.629,-1.4,0.009,0,0,0.202,808,54.0,183.514,1184.5
1790510577.968,2,start_mark,nearby,0,871,2704,7.499,-14.631,-0.8,0.040,0,0,0.161,807,38.0,183.514,1185.6
1790510578.917,2,start_mark,nearby,0,1225,2705,7.817,-14.630,-0.5,0.016,0,0,0.129,806,62.0,184.196,1186.5
1790510580.006,2,start_mark,nearby,0,872,2706,8.164,-14.633,-0.7,0.016,0,0,0.122,805,44.0,184.196,1187.6
1790510580.490,2,start_mark,pending,,cache link 2697->864 (pending),2707,,,,,0,0,,,,184.873,1188.1
1790510581.961,2,start_mark,nearby,0,1231,2708,8.845,-14.638,-0.1,0.018,0,0,0.107,803,64.0,184.873,1189.6
1790510582.892,2,start_mark,nearby,0,1233,2709,9.195,-14.615,6.3,0.011,0,0,0.082,802,52.0,185.598,1190.5
1790510583.678,2,start_mark,pending,,cache link 2708->1231 (pending),2710,,,,,0,0,,,,185.598,1191.3
1790510590.550,2,start_mark,nearby,0,1243,2716,11.868,-14.521,-4.5,0.052,0,0,0.095,1245,87.0,188.455,1198.2
1790510591.703,2,start_mark,nearby,0,886,2717,12.324,-14.554,-4.3,0.004,0,0,0.105,886,59.0,188.455,1199.3
1790510592.846,2,start_mark,nearby,0,886,2718,12.776,-14.589,-4.1,0.005,0,0,0.051,1246,59.0,189.261,1200.5
1790510594.210,2,start_mark,nearby,0,887,2719,13.304,-14.626,-4.0,0.017,0,0,0.146,1248,82.0,190.039,1201.8
1790510595.403,2,start_mark,nearby,0,889,2720,13.733,-14.660,-3.9,0.018,0,0,0.145,1249,61.0,190.039,1203.0
1790510596.349,2,start_mark,pending,,cache link 2716->883 (pending),2721,,,,,0,0,,,,190.809,1204.0
1790510598.674,2,start_mark,nearby,0,1251,2723,14.758,-14.717,-3.6,0.060,0,0,0.144,1253,93.0,191.559,1206.3
1790510599.582,2,start_mark,nearby,0,1253,2724,14.748,-14.714,-3.5,0.008,0,0,0.145,1253,91.0,191.559,1207.2
1790510600.520,2,start_mark,nearby,0,1253,2725,14.728,-14.711,-3.5,0.019,0,0,0.138,894,104.0,191.640,1208.1
1790510601.036,2,start_mark,pending,,cache link 2723->1251 (pending),2726,,,,,0,0,,,,191.640,1208.6
1790510621.115,2,start_mark,nearby,0,894,2745,14.809,-14.593,71.3,0.048,0,0,0.072,1279,21.0,191.723,1228.7
1790510621.715,2,start_mark,pending,,cache link 2745->894 (pending),2746,,,,,0,0,,,,191.723,1229.3
1790510625.968,2,start_mark,nearby,0,1282,2750,14.718,-13.572,91.8,0.143,0,0,0.234,1281,41.0,192.174,1233.6
1790510626.918,2,start_mark,nearby,0,900,2751,14.688,-13.206,91.2,0.033,0,0,0.158,1282,80.0,192.925,1234.5
1790510628.009,2,start_mark,nearby,0,902,2752,14.675,-12.796,91.3,0.020,0,0,0.163,1283,87.0,192.925,1235.6
1790510628.995,2,start_mark,nearby,0,902,2753,14.667,-12.425,91.2,0.014,0,0,0.134,1285,96.0,193.725,1236.6
1790510630.013,2,start_mark,nearby,0,905,2754,14.656,-12.024,91.4,0.007,0,0,0.147,1286,69.0,193.725,1237.6
1790510630.931,2,start_mark,nearby,0,1287,2755,14.647,-11.675,91.5,0.006,0,0,0.116,1288,88.0,194.503,1238.5
1790510632.044,2,start_mark,nearby,0,1289,2756,14.633,-11.231,91.7,0.011,0,0,0.132,909,78.0,195.307,1239.6
1790510633.094,2,start_mark,nearby,0,1290,2757,14.621,-10.861,91.8,0.016,0,0,0.111,1291,81.0,195.307,1240.7
1790510634.185,2,start_mark,nearby,0,910,2758,14.607,-10.448,91.9,0.028,0,0,0.085,704,88.0,196.073,1241.8
1790510635.168,2,start_mark,nearby,0,1292,2759,14.590,-10.104,92.1,0.038,0,0,0.094,913,103.0,196.073,1242.8
1790510636.182,2,start_mark,nearby,0,915,2760,14.575,-9.693,92.3,0.007,0,0,0.004,696,69.0,196.857,1243.8
1790510637.312,2,start_mark,nearby,0,1295,2761,14.555,-9.281,92.4,0.030,0,0,0.114,695,89.0,196.857,1244.9
1790510637.798,2,start_mark,pending,,cache link 2752->902 (pending),2762,,,,,0,0,,,,196.857,1245.4
1790510641.350,2,start_mark,nearby,0,1298,2765,14.530,-7.729,89.7,0.018,0,0,0.155,672,59.0,198.417,1249.0
1790510641.884,2,start_mark,pending,,cache link 2765->1298 (pending),2766,,,,,0,0,,,,198.417,1249.5
1790510643.383,2,start_mark,nearby,0,1300,2767,14.529,-6.942,89.9,0.022,0,0,0.183,923,61.0,199.201,1251.0
1790510643.927,2,start_mark,pending,,cache link 2767->1300 (pending),2768,,,,,0,0,,,,199.201,1251.5
1790510645.353,2,start_mark,nearby,0,924,2769,14.526,-6.198,90.1,0.026,0,0,0.198,1302,74.0,200.007,1253.0
1790510645.963,2,start_mark,pending,,cache link 2769->924 (pending),2770,,,,,0,0,,,,200.007,1253.6
1790510649.477,2,start_mark,nearby,0,928,2773,14.500,-4.689,90.7,0.110,0,0,0.213,931,79.0,201.559,1257.1
1790510650.069,2,start_mark,pending,,cache link 2773->928 (pending),2774,,,,,0,0,,,,202.339,1257.7
1790510651.510,2,start_mark,nearby,0,929,2775,14.483,-3.935,90.9,0.019,0,0,0.236,933,46.0,202.339,1259.1
1790510652.129,2,start_mark,pending,,cache link 2775->929 (pending),2776,,,,,0,0,,,,203.093,1259.7
1790510655.583,2,start_mark,nearby,0,934,2779,14.514,-2.580,86.9,0.092,0,0,0.243,938,55.0,203.799,1263.2
1790510656.717,2,start_mark,nearby,0,1305,2780,14.526,-2.221,87.2,0.048,0,0,0.218,939,58.0,204.509,1264.3
1790510657.787,2,start_mark,nearby,0,1306,2781,14.542,-1.872,87.2,0.011,0,0,0.193,940,64.0,204.509,1265.4
1790510658.637,2,start_mark,nearby,0,940,2782,14.551,-1.576,87.4,0.014,0,0,0.188,941,89.0,205.211,1266.2
1790510659.731,2,start_mark,nearby,0,940,2783,14.565,-1.223,87.5,0.010,0,0,0.169,942,90.0,205.211,1267.3
1790510660.657,2,start_mark,nearby,0,1307,2784,14.579,-0.908,87.6,0.002,0,0,0.156,943,46.0,205.889,1268.3
1790510661.800,2,start_mark,nearby,0,208,2785,14.589,-0.532,88.0,0.019,0,0,0.150,944,45.0,205.889,1269.4
1790510662.847,2,start_mark,nearby,0,208,2786,14.597,-0.198,88.1,0.006,0,0,0.031,216,47.0,206.557,1270.5
1790510663.832,2,start_mark,nearby,0,944,2787,14.594,0.116,88.3,0.035,0,0,0.121,208,86.0,206.557,1271.4
1790510664.762,2,start_mark,nearby,0,222,2788,14.594,0.411,88.1,0.030,0,0,0.257,649,121.0,207.258,1272.4
1790510665.987,2,start_mark,nearby,0,1309,2789,14.614,0.844,88.4,0.008,0,0,0.203,648,51.0,207.258,1273.6
1790510666.963,2,start_mark,nearby,0,1309,2790,14.628,1.208,88.2,0.008,0,0,0.171,1359,71.0,207.982,1274.6
1790510667.842,2,start_mark,nearby,0,1311,2791,14.636,1.534,88.4,0.006,0,0,0.167,1358,58.0,207.982,1275.4
1790510668.526,2,start_mark,pending,,cache link 2782->940 (pending),2792,,,,,0,0,,,,208.729,1276.1
1790510669.963,2,start_mark,nearby,0,568,2793,14.652,2.349,88.8,0.045,0,0,0.089,1356,59.0,208.729,1277.6
1790510671.054,2,start_mark,nearby,0,572,2794,14.661,2.741,88.9,0.017,0,0,0.064,1355,66.0,209.446,1278.7
1790510671.891,2,start_mark,nearby,0,572,2795,14.662,3.015,89.2,0.054,0,0,0.098,573,141.0,209.446,1279.5
1790510673.016,2,start_mark,nearby,0,1313,2796,14.665,3.430,89.3,0.030,0,0,0.053,1353,62.0,210.266,1280.6
1790510673.549,2,start_mark,pending,,cache link 2793->568 (pending),2797,,,,,0,0,,,,210.266,1281.2
1790510675.012,2,start_mark,nearby,0,576,2798,14.675,4.153,89.5,0.017,0,0,0.037,1351,114.0,211.016,1282.6
1790510676.086,2,start_mark,nearby,0,1314,2799,14.678,4.560,89.5,0.011,0,0,0.029,579,77.0,211.775,1283.7
1790510677.136,2,start_mark,nearby,0,1314,2800,14.680,4.963,89.6,0.004,0,0,0.058,581,52.0,211.775,1284.7
1790510678.046,2,start_mark,nearby,0,1315,2801,14.685,5.281,89.6,0.017,0,0,0.095,582,68.0,212.538,1285.7
1790510679.108,2,start_mark,nearby,0,585,2802,14.681,5.665,89.8,0.006,0,0,0.030,1350,74.0,212.538,1286.7
1790510680.247,2,start_mark,nearby,0,1316,2803,14.683,6.045,89.9,0.042,0,0,0.096,1349,92.0,213.275,1287.9
1790510681.104,2,start_mark,nearby,0,587,2804,14.682,6.349,90.0,0.003,0,0,0.076,588,118.0,213.275,1288.7
1790510681.791,2,start_mark,pending,,cache link 2798->576 (pending),2805,,,,,0,0,,,,213.275,1289.4
1790510683.238,2,start_mark,nearby,0,1319,2806,14.678,7.106,90.3,0.007,0,0,0.096,592,117.0,213.974,1290.8
1790510684.265,2,start_mark,nearby,0,1319,2807,14.674,7.486,90.3,0.008,0,0,0.117,594,95.0,214.718,1291.9
1790510685.232,2,start_mark,nearby,0,598,2808,14.686,7.837,86.9,0.004,0,0,0.097,1322,71.0,214.718,1292.8
1790510686.316,2,start_mark,nearby,0,598,2809,14.705,8.189,86.8,0.020,0,0,0.072,1323,96.0,215.396,1293.9
1790510687.358,2,start_mark,nearby,0,592,2810,14.728,8.586,86.8,0.000,0,0,0.050,1344,53.0,215.396,1295.0
1790510688.320,2,start_mark,nearby,0,1325,2811,14.744,8.939,87.0,0.014,0,0,0.007,1343,135.0,216.176,1295.9
1790510689.491,2,start_mark,nearby,0,599,2812,14.762,9.370,87.2,0.019,0,0,0.085,1327,99.0,216.176,1297.1
1790510690.573,2,start_mark,nearby,0,1327,2813,14.781,9.764,87.3,0.020,0,0,0.079,615,146.0,216.936,1298.2
1790510691.609,2,start_mark,nearby,0,1328,2814,14.791,10.031,87.4,0.024,0,0,0.170,609,168.0,216.936,1299.2
1790510692.633,2,start_mark,nearby,0,608,2815,14.788,9.989,87.3,0.034,0,0,0.127,609,152.0,217.432,1300.2
1790510693.201,2,start_mark,pending,,cache link 2806->588 (pending),2816,,,,,0,0,,,,217.432,1300.8
1790510695.752,2,start_mark,nearby,0,1328,2818,14.743,10.050,142.0,0.006,0,0,0.194,609,70.0,217.439,1303.4
1790510696.047,2,start_mark,pending,,cache link 2818->1328 (pending),2819,,,,,0,0,,,,217.504,1303.7
1790510699.605,2,start_mark,nearby,0,615,2822,14.743,10.050,-101.2,0.004,0,0,0.193,609,29.0,217.506,1307.2
1790510700.788,2,start_mark,nearby,0,616,2823,14.772,9.986,-88.8,0.047,0,0,0.125,609,106.0,217.511,1308.4
1790510701.413,2,start_mark,pending,,cache link 2822->615 (pending),2824,,,,,0,0,,,,217.511,1309.0
1790510704.992,2,start_mark,nearby,0,1340,2827,14.763,9.323,-94.6,0.031,0,0,0.097,603,82.0,217.891,1312.6
1790510705.859,2,start_mark,nearby,0,615,2828,14.738,9.100,-94.6,0.008,0,0,0.070,1326,66.0,217.891,1313.5
1790510707.002,2,start_mark,nearby,0,628,2829,14.731,8.785,-93.9,0.017,0,0,0.052,1325,64.0,218.443,1314.6
1790510708.123,2,start_mark,nearby,0,1343,2830,14.739,8.467,-88.1,0.008,0,0,0.039,1324,117.0,219.014,1315.7
1790510709.110,2,start_mark,nearby,0,1343,2831,14.757,8.219,-87.8,0.014,0,0,0.069,1323,96.0,219.014,1316.7
1790510710.094,2,start_mark,nearby,0,625,2832,14.768,7.938,-87.6,0.005,0,0,0.016,596,62.0,219.559,1317.7
1790510711.078,2,start_mark,nearby,0,1345,2833,14.770,7.664,-90.0,0.003,0,0,0.046,630,94.0,219.559,1318.7
1790510712.231,2,start_mark,nearby,0,1347,2834,14.762,7.235,-91.9,0.016,0,0,0.050,631,108.0,220.234,1319.8
1790510713.119,2,start_mark,nearby,0,629,2835,14.751,6.911,-91.9,0.001,0,0,0.033,632,66.0,220.234,1320.7
1790510714.169,2,start_mark,nearby,0,632,2836,14.742,6.598,-91.8,0.038,0,0,0.013,589,146.0,220.955,1321.8
1790510715.384,2,start_mark,nearby,0,1349,2837,14.727,6.198,-91.7,0.007,0,0,0.038,587,76.0,220.955,1323.0
1790510716.237,2,start_mark,nearby,0,633,2838,14.724,5.931,-91.7,0.019,0,0,0.028,1349,131.0,221.600,1323.8
1790510717.336,2,start_mark,nearby,0,635,2839,14.715,5.593,-91.5,0.038,0,0,0.048,584,135.0,221.600,1324.9
1790510718.391,2,start_mark,nearby,0,636,2840,14.706,5.172,-91.4,0.002,0,0,0.051,582,107.0,222.318,1326.0
1790510719.322,2,start_mark,nearby,0,636,2841,14.701,4.824,-91.2,0.003,0,0,0.051,580,119.0,222.318,1326.9
1790510720.278,2,start_mark,nearby,0,639,2842,14.694,4.454,-91.0,0.002,0,0,0.085,579,86.0,223.080,1327.9
1790510721.481,2,start_mark,nearby,0,1351,2843,14.687,3.990,-90.8,0.008,0,0,0.058,640,113.0,223.080,1329.1
1790510722.476,2,start_mark,nearby,0,641,2844,14.686,3.613,-90.6,0.022,0,0,0.061,641,90.0,223.876,1330.1
1790510723.522,2,start_mark,nearby,0,640,2845,14.682,3.215,-90.6,0.023,0,0,0.063,642,129.0,223.876,1331.1
1790510724.514,2,start_mark,nearby,0,1356,2846,14.680,2.842,-90.4,0.026,0,0,0.066,643,88.0,224.665,1332.1
1790510725.612,2,start_mark,nearby,0,643,2847,14.676,2.441,-90.3,0.018,0,0,0.077,1356,175.0,224.665,1333.2
1790510726.564,2,start_mark,nearby,0,1355,2848,14.676,2.086,-90.2,0.009,0,0,0.077,645,177.0,225.448,1334.2
1790510727.676,2,start_mark,nearby,0,1357,2849,14.677,1.675,-90.0,0.020,0,0,0.074,1358,153.0,225.448,1335.3
1790510728.598,2,start_mark,nearby,0,1356,2850,14.679,1.335,-90.0,0.017,0,0,0.081,1359,110.0,226.224,1336.2
1790510729.564,2,start_mark,nearby,0,1359,2851,14.683,0.968,-89.7,0.016,0,0,0.087,1360,185.0,226.224,1337.2
1790510730.682,2,start_mark,nearby,0,1359,2852,14.686,0.559,-89.7,0.014,0,0,0.095,649,173.0,227.007,1338.3
1790510731.722,2,start_mark,nearby,0,1360,2853,14.655,0.264,-103.3,0.017,0,0,0.244,967,98.0,227.007,1339.3
1790510732.788,2,start_mark,nearby,0,551,2854,14.573,0.079,-121.9,0.059,0,0,0.085,208,46.0,227.628,1340.4
1790510733.821,2,start_mark,nearby,0,548,2855,14.373,-0.094,-142.7,0.022,0,0,0.029,239,158.0,227.628,1341.4
1790510734.642,2,start_mark,recognised,214,1362,2856,14.193,-0.163,-159.0,0.023,0,0,0.070,240,90.0,228.096,1342.2
1790510735.811,2,start_mark,nearby,0,212,2857,13.927,-0.196,176.2,0.030,0,0,0.113,241,92.0,228.096,1343.4
1790510736.983,2,start_mark,nearby,0,973,2858,13.897,-0.227,176.8,0.041,0,0,0.135,241,81.0,228.476,1344.6
1790510738.123,2,start_mark,nearby,0,973,2859,13.901,-0.229,176.9,0.003,0,0,0.138,241,62.0,228.485,1345.7
1790510738.572,2,start_mark,pending,,cache link 2850->645 (pending),2860,,,,,0,0,,,,228.485,1346.2
1790510742.168,2,start_mark,nearby,0,545,2863,13.064,-0.179,177.0,0.004,0,0,0.135,974,40.0,229.282,1349.8
1790510743.095,2,start_mark,nearby,0,1363,2864,12.673,-0.158,176.8,0.002,0,0,0.139,245,53.0,229.282,1350.7
1790510744.327,2,start_mark,nearby,0,1364,2865,12.232,-0.138,177.2,0.035,0,0,0.091,1364,105.0,230.073,1351.9
1790510745.394,2,start_mark,nearby,0,974,2866,11.820,-0.120,177.4,0.018,0,0,0.048,1365,72.0,230.073,1353.0
1790510746.332,2,start_mark,nearby,0,244,2867,11.458,-0.104,177.6,0.004,0,0,0.105,249,73.0,230.869,1353.9
1790510747.281,2,start_mark,nearby,0,248,2868,11.132,-0.092,177.6,0.036,0,0,0.065,513,108.0,230.869,1354.9
1790510748.345,2,start_mark,nearby,0,1365,2869,10.721,-0.079,177.9,0.004,0,0,0.059,512,111.0,231.636,1355.9
1790510749.467,2,start_mark,nearby,0,975,2870,10.325,-0.063,177.9,0.048,0,0,0.043,511,70.0,231.636,1357.1
1790510750.543,2,start_mark,nearby,0,975,2871,9.900,-0.046,178.1,0.002,0,0,0.087,510,83.0,232.426,1358.1
1790510751.598,2,start_mark,nearby,0,975,2872,9.504,-0.034,178.2,0.024,0,0,0.066,255,82.0,232.426,1359.2
1790510752.469,2,start_mark,nearby,0,975,2873,9.160,-0.023,178.3,0.016,0,0,0.075,256,79.0,233.211,1360.1
1790510753.652,2,start_mark,nearby,0,1366,2874,8.729,-0.014,178.6,0.057,0,0,0.155,258,94.0,233.211,1361.3
1790510754.709,2,start_mark,nearby,0,976,2875,8.382,-0.016,178.6,0.056,0,0,0.097,259,70.0,234.003,1362.3
1790510755.805,2,start_mark,nearby,0,976,2876,7.995,-0.009,178.8,0.062,0,0,0.037,260,83.0,234.003,1363.4
1790510756.830,2,start_mark,nearby,0,1367,2877,7.614,-0.004,179.1,0.022,0,0,0.065,261,122.0,234.786,1364.4
1790510757.822,2,start_mark,nearby,0,977,2878,7.244,0.005,179.0,0.020,0,0,0.105,262,79.0,234.786,1365.4
1790510758.967,2,start_mark,nearby,0,977,2879,6.837,0.006,179.1,0.044,0,0,0.135,1371,74.0,235.590,1366.6
1790510760.008,2,start_mark,nearby,0,977,2880,6.452,0.010,179.2,0.038,0,0,0.119,1372,79.0,235.590,1367.6
1790510761.047,2,start_mark,nearby,0,978,2881,6.053,0.010,179.5,0.007,0,0,0.094,266,70.0,236.385,1368.7
1790510762.217,2,start_mark,nearby,0,978,2882,5.644,0.007,179.6,0.056,0,0,0.029,267,76.0,237.171,1369.8
1790510763.194,2,start_mark,nearby,0,1372,2883,5.299,0.002,179.7,0.044,0,0,0.050,268,138.0,237.171,1370.8
1790510764.219,2,start_mark,nearby,0,1373,2884,4.912,0.004,-180.0,0.005,0,0,0.061,269,106.0,237.956,1371.8
1790510765.354,2,start_mark,nearby,0,1373,2885,4.528,-0.004,-179.9,0.056,0,0,0.084,270,138.0,237.956,1373.0
1790510766.438,2,start_mark,nearby,0,980,2886,4.132,-0.003,-179.7,0.024,0,0,0.098,271,77.0,238.733,1374.0
1790510767.512,2,start_mark,nearby,0,980,2887,3.723,-0.009,-179.5,0.026,0,0,0.098,157,77.0,238.733,1375.1
1790510768.479,2,start_mark,nearby,0,981,2888,3.366,-0.015,-179.4,0.021,0,0,0.076,155,76.0,239.526,1376.1
1790510769.407,2,start_mark,nearby,0,273,2889,3.021,-0.021,-179.2,0.020,0,0,0.076,153,108.0,239.526,1377.0
1790510770.259,2,start_mark,nearby,0,1377,2890,2.701,-0.026,-179.0,0.022,0,0,0.102,152,167.0,240.308,1377.9
1790510771.180,2,start_mark,nearby,0,984,2891,2.360,-0.037,-178.8,0.022,0,0,0.086,1379,92.0,240.308,1378.8
1790510772.209,2,start_mark,recognised,1379,986,2892,1.978,-0.052,-178.6,0.022,0,0,0.092,147,126.0,241.097,1379.8
1790510773.178,2,start_mark,recognised,1380,987,2893,1.607,-0.068,-178.4,0.017,0,0,0.081,145,132.0,241.097,1380.8
1790510774.192,2,start_mark,recognised,1381,987,2894,1.236,-0.080,-178.3,0.022,0,0,0.098,1382,117.0,241.893,1381.8
1790510775.101,2,start_mark,nearby,0,988,2895,0.906,-0.094,-178.1,0.008,0,0,0.114,1383,89.0,241.893,1382.7
1790510776.153,2,start_mark,nearby,0,989,2896,0.517,-0.109,-177.9,0.005,0,0,0.119,139,64.0,242.638,1383.8
1790510777.300,2,start_mark,nearby,0,990,2897,0.347,-0.116,-177.7,0.009,0,0,0.067,488,44.0,242.638,1384.9
1790510778.195,2,start_mark,nearby,0,326,2898,0.385,-0.114,-178.0,0.036,0,0,0.052,488,36.0,242.862,1385.8
1790510778.780,2,start_mark,pending,,cache link 2889->273 (pending),2899,,,,,0,0,,,,242.862,1386.4
1790510783.089,2,start_mark,nearby,0,1489,2903,0.371,-0.174,-128.5,0.057,0,0,0.021,488,42.0,242.919,1390.7
1790510783.980,2,start_mark,pending,,cache link 2903->326 (pending),2904,,,,,0,0,,,,242.919,1391.6
1790510785.550,2,start_mark,nearby,0,330,2905,0.408,-0.304,-75.2,0.050,0,0,0.138,488,49.0,242.974,1393.2
1790510786.189,2,start_mark,pending,,cache link 2905->330 (pending),2906,,,,,0,0,,,,243.103,1393.8
1790510788.342,2,start_mark,nearby,0,1490,2908,0.415,-0.329,-1.8,0.052,0,0,0.165,488,41.0,243.113,1395.9
1790510789.733,2,start_mark,nearby,0,471,2909,0.418,-0.291,-2.4,0.038,0,0,0.128,488,143.0,243.113,1397.3
1790510790.211,2,start_mark,pending,,cache link 2908->491 (pending),2910,,,,,0,0,,,,243.119,1397.8
1790510794.936,2,start_mark,nearby,0,141,2914,0.937,-0.275,-2.0,0.034,0,0,0.119,490,116.0,243.348,1402.5
1790510796.076,2,start_mark,nearby,0,1490,2915,1.315,-0.281,-1.7,0.007,0,0,0.108,491,108.0,244.010,1403.7
1790510797.159,2,start_mark,nearby,0,1490,2916,1.562,-0.285,-1.7,0.009,0,0,0.199,491,99.0,244.010,1404.8
1790510798.148,2,start_mark,nearby,0,145,2917,1.544,-0.278,-1.7,0.014,0,0,0.180,491,119.0,244.265,1405.8
1790510798.979,2,start_mark,nearby,0,492,2918,1.540,-0.278,-1.7,0.006,0,0,0.175,491,140.0,244.265,1406.6
1790510799.415,2,start_mark,pending,,cache link 2914->141 (pending),2919,,,,,0,0,,,,244.265,1407.0
1790510800.870,2,start_mark,nearby,0,147,2920,1.347,-0.251,-10.8,0.034,0,0,0.065,491,102.0,244.273,1408.5
1790510801.961,2,start_mark,nearby,0,147,2921,1.076,-0.202,-10.7,0.010,0,0,0.063,490,104.0,244.273,1409.6
1790510803.013,2,start_mark,nearby,0,1490,2922,0.806,-0.152,-10.8,0.007,0,0,0.124,489,99.0,244.718,1410.6
1790510804.049,2,start_mark,nearby,0,1498,2923,0.571,-0.107,-10.9,0.005,0,0,0.113,139,102.0,245.205,1411.7
1790510805.203,2,start_mark,recognised,1,1491,2924,0.320,-0.066,-3.7,0.001,0,0,0.080,138,126.0,245.205,1412.8
1790510806.324,2,start_mark,recognised,471,139,2925,0.193,-0.067,-3.1,0.010,0,0,0.005,1491,144.0,245.548,1413.9
1790510807.505,2,start_mark,recognised,457,140,2926,0.009,-0.047,-3.0,0.011,0,0,0.023,1500,132.0,245.548,1415.1
1790510808.627,2,start_mark,nearby,0,1499,2927,0.001,-0.041,-3.1,0.012,0,0,0.012,1500,157.0,245.804,1416.2
1790510809.760,2,start_mark,nearby,0,139,2928,0.024,-0.041,-1.5,0.018,0,0,0.033,1500,140.0,245.804,1417.4
1790510810.237,2,start_mark,pending,,cache link 2920->147 (pending),2929,,,,,0,0,,,,245.809,1417.8
