frame,hamilton_time,epoch_s,cam_http,cam_bytes,lidar_http,lidar_bytes,tracking,corrections,note
1,2026-09-27 07:40:02 EDT,1790509202.445,200,119305,200,26507,ok (132 matched features),"NONE YET - no place recognised a second time, so the map so far rests on step-by-step trac",
2,2026-09-27 07:40:05 EDT,1790509205.446,200,119305,200,26508,ok (134 matched features),"NONE YET - no place recognised a second time, so the map so far rests on step-by-step trac",
3,2026-09-27 07:40:08 EDT,1790509208.446,200,119305,200,26526,ok (130 matched features),"NONE YET - no place recognised a second time, so the map so far rests on step-by-step trac",
4,2026-09-27 07:40:11 EDT,1790509211.446,200,119305,200,26552,ok (127 matched features),"NONE YET - no place recognised a second time, so the map so far rests on step-by-step trac",
5,2026-09-27 07:40:14 EDT,1790509214.447,200,119305,200,26628,ok (117 matched features),"NONE YET - no place recognised a second time, so the map so far rests on step-by-step trac",
6,2026-09-27 07:40:17 EDT,1790509217.448,200,119305,200,26629,ok (127 matched features),"NONE YET - no place recognised a second time, so the map so far rests on step-by-step trac",
7,2026-09-27 07:40:20 EDT,1790509220.448,200,119305,200,26637,ok (121 matched features),"NONE YET - no place recognised a second time, so the map so far rests on step-by-step trac",
8,2026-09-27 07:40:23 EDT,1790509223.448,200,119305,200,26646,ok (132 matched features),"NONE YET - no place recognised a second time, so the map so far rests on step-by-step trac",
9,2026-09-27 07:40:26 EDT,1790509226.448,200,119305,200,26657,ok (126 matched features),"NONE YET - no place recognised a second time, so the map so far rests on step-by-step trac",
10,2026-09-27 07:40:29 EDT,1790509229.448,200,119305,200,26667,ok (130 matched features),"NONE YET - no place recognised a second time, so the map so far rests on step-by-step trac",
11,2026-09-27 07:40:32 EDT,1790509232.448,200,119305,200,26668,ok (131 matched features),"NONE YET - no place recognised a second time, so the map so far rests on step-by-step trac",
12,2026-09-27 07:40:35 EDT,1790509235.449,200,119305,200,26657,ok (119 matched features),"NONE YET - no place recognised a second time, so the map so far rests on step-by-step trac",
13,2026-09-27 07:40:39 EDT,1790509239.160,200,119305,200,26657,NO DATA for 4 s - the odometry node may have stopped,"NONE YET - no place recognised a second time, so the map so far rests on step-by-step trac",
14,2026-09-27 07:40:42 EDT,1790509242.160,200,119305,200,26665,ok (121 matched features),"NONE YET - no place recognised a second time, so the map so far rests on step-by-step trac",
15,2026-09-27 07:40:45 EDT,1790509245.161,200,119305,200,26690,ok (129 matched features),"NONE YET - no place recognised a second time, so the map so far rests on step-by-step trac",
16,2026-09-27 07:40:48 EDT,1790509248.161,200,119305,200,26690,ok (133 matched features),"NONE YET - no place recognised a second time, so the map so far rests on step-by-step trac",
17,2026-09-27 07:40:51 EDT,1790509251.161,200,119305,200,26717,ok (134 matched features),"NONE YET - no place recognised a second time, so the map so far rests on step-by-step trac",
18,2026-09-27 07:40:54 EDT,1790509254.853,200,119305,200,26783,ok (117 matched features),"NONE YET - no place recognised a second time, so the map so far rests on step-by-step trac",
19,2026-09-27 07:40:57 EDT,1790509257.853,200,119305,200,26794,ok (110 matched features),"NONE YET - no place recognised a second time, so the map so far rests on step-by-step trac",
20,2026-09-27 07:41:02 EDT,1790509262.241,200,119305,200,26806,ok (108 matched features),"NONE YET - no place recognised a second time, so the map so far rests on step-by-step trac",
21,2026-09-27 07:41:05 EDT,1790509265.241,200,119305,200,26884,ok (106 matched features),"NONE YET - no place recognised a second time, so the map so far rests on step-by-step trac",
22,2026-09-27 07:41:09 EDT,1790509269.707,200,119305,200,26884,ok (107 matched features),"NONE YET - no place recognised a second time, so the map so far rests on step-by-step trac",
23,2026-09-27 07:41:12 EDT,1790509272.708,200,119305,200,26911,ok (118 matched features),"NONE YET - no place recognised a second time, so the map so far rests on step-by-step trac",
24,2026-09-27 07:41:15 EDT,1790509275.708,200,119305,200,26925,ok (111 matched features),"NONE YET - no place recognised a second time, so the map so far rests on step-by-step trac",
25,2026-09-27 07:41:24 EDT,1790509284.901,200,119305,200,26980,ok (108 matched features),"NONE YET - no place recognised a second time, so the map so far rests on step-by-step trac",
26,2026-09-27 07:41:27 EDT,1790509287.902,200,119305,200,27070,ok (119 matched features),"NONE YET - no place recognised a second time, so the map so far rests on step-by-step trac",
27,2026-09-27 07:41:32 EDT,1790509292.990,200,119305,200,27073,NO DATA for 3 s - the odometry node may have stopped,"NONE YET - no place recognised a second time, so the map so far rests on step-by-step trac",
28,2026-09-27 07:41:35 EDT,1790509295.991,200,119305,200,27110,ok (119 matched features),"NONE YET - no place recognised a second time, so the map so far rests on step-by-step trac",
29,2026-09-27 07:41:38 EDT,1790509298.992,200,119305,200,27263,ok (120 matched features),"NONE YET - no place recognised a second time, so the map so far rests on step-by-step trac",
30,2026-09-27 07:41:41 EDT,1790509301.992,200,119305,200,27298,ok (110 matched features),"NONE YET - no place recognised a second time, so the map so far rests on step-by-step trac",
31,2026-09-27 07:41:47 EDT,1790509307.792,200,119305,200,27348,NO DATA for 4 s - the odometry node may have stopped,"NONE YET - no place recognised a second time, so the map so far rests on step-by-step trac",
32,2026-09-27 07:41:50 EDT,1790509310.792,200,119305,200,27334,ok (115 matched features),"NONE YET - no place recognised a second time, so the map so far rests on step-by-step trac",
33,2026-09-27 07:41:55 EDT,1790509315.333,200,119305,200,27359,NO DATA for 7 s - the odometry node may have stopped,"NONE YET - no place recognised a second time, so the map so far rests on step-by-step trac",
34,2026-09-27 07:41:58 EDT,1790509318.333,200,119305,200,27370,ok (117 matched features),"NONE YET - no place recognised a second time, so the map so far rests on step-by-step trac",
35,2026-09-27 07:42:02 EDT,1790509322.621,200,119305,200,27363,ok (110 matched features),"NONE YET - no place recognised a second time, so the map so far rests on step-by-step trac",
36,2026-09-27 07:42:05 EDT,1790509325.621,200,119305,200,27378,ok (113 matched features),"NONE YET - no place recognised a second time, so the map so far rests on step-by-step trac",
37,2026-09-27 07:42:09 EDT,1790509329.914,200,119305,200,27390,ok (115 matched features),"NONE YET - no place recognised a second time, so the map so far rests on step-by-step trac",
38,2026-09-27 07:42:12 EDT,1790509332.914,200,119305,200,27378,ok (108 matched features),"NONE YET - no place recognised a second time, so the map so far rests on step-by-step trac",
39,2026-09-27 07:42:17 EDT,1790509337.140,200,119305,200,27394,ok (105 matched features),"NONE YET - no place recognised a second time, so the map so far rests on step-by-step trac",
40,2026-09-27 07:42:20 EDT,1790509340.140,200,119305,200,27393,ok (108 matched features),"NONE YET - no place recognised a second time, so the map so far rests on step-by-step trac",
41,2026-09-27 07:42:24 EDT,1790509344.788,200,119305,200,27411,NO DATA for 6 s - the odometry node may have stopped,"NONE YET - no place recognised a second time, so the map so far rests on step-by-step trac",
42,2026-09-27 07:42:27 EDT,1790509347.788,200,119305,200,27415,ok (110 matched features),"NONE YET - no place recognised a second time, so the map so far rests on step-by-step trac",
43,2026-09-27 07:42:32 EDT,1790509352.126,200,119305,200,27472,ok (117 matched features),"NONE YET - no place recognised a second time, so the map so far rests on step-by-step trac",
44,2026-09-27 07:42:35 EDT,1790509355.131,200,119305,200,27521,ok (110 matched features),"NONE YET - no place recognised a second time, so the map so far rests on step-by-step trac",
45,2026-09-27 07:42:39 EDT,1790509359.748,200,119305,200,27524,ok (104 matched features),"NONE YET - no place recognised a second time, so the map so far rests on step-by-step trac",
46,2026-09-27 07:42:42 EDT,1790509362.748,200,119305,200,27507,ok (114 matched features),"NONE YET - no place recognised a second time, so the map so far rests on step-by-step trac",
47,2026-09-27 07:42:45 EDT,1790509365.748,200,119305,200,27503,ok (111 matched features),"NONE YET - no place recognised a second time, so the map so far rests on step-by-step trac",
48,2026-09-27 07:42:48 EDT,1790509368.748,200,119305,200,27503,ok (110 matched features),"NONE YET - no place recognised a second time, so the map so far rests on step-by-step trac",
49,2026-09-27 07:42:51 EDT,1790509371.749,200,119305,200,27532,ok (102 matched features),"NONE YET - no place recognised a second time, so the map so far rests on step-by-step trac",
50,2026-09-27 07:42:54 EDT,1790509374.749,200,119305,200,27516,ok (110 matched features),"NONE YET - no place recognised a second time, so the map so far rests on step-by-step trac",
51,2026-09-27 07:42:57 EDT,1790509377.750,200,119305,200,27516,ok (112 matched features),"NONE YET - no place recognised a second time, so the map so far rests on step-by-step trac",
52,2026-09-27 07:43:00 EDT,1790509380.750,200,119305,200,27505,ok (110 matched features),"NONE YET - no place recognised a second time, so the map so far rests on step-by-step trac",
53,2026-09-27 07:43:03 EDT,1790509383.750,200,119305,200,27481,ok (107 matched features),"NONE YET - no place recognised a second time, so the map so far rests on step-by-step trac",
54,2026-09-27 07:43:06 EDT,1790509386.751,200,119305,200,27481,ok (114 matched features),"NONE YET - no place recognised a second time, so the map so far rests on step-by-step trac",
55,2026-09-27 07:43:09 EDT,1790509389.751,200,119305,200,27498,ok (117 matched features),"NONE YET - no place recognised a second time, so the map so far rests on step-by-step trac",
56,2026-09-27 07:43:12 EDT,1790509392.751,200,119591,200,27514,ok (115 matched features),"NONE YET - no place recognised a second time, so the map so far rests on step-by-step trac",
57,2026-09-27 07:43:15 EDT,1790509395.752,200,119591,200,27493,ok (113 matched features),"NONE YET - no place recognised a second time, so the map so far rests on step-by-step trac",
58,2026-09-27 07:43:18 EDT,1790509398.752,200,119591,200,27486,ok (113 matched features),"NONE YET - no place recognised a second time, so the map so far rests on step-by-step trac",
59,2026-09-27 07:43:21 EDT,1790509401.753,200,119591,200,27518,ok (110 matched features),"NONE YET - no place recognised a second time, so the map so far rests on step-by-step trac",
60,2026-09-27 07:43:24 EDT,1790509404.753,200,119591,200,27555,ok (113 matched features),"NONE YET - no place recognised a second time, so the map so far rests on step-by-step trac",
61,2026-09-27 07:43:27 EDT,1790509407.753,200,119591,200,27555,ok (114 matched features),"NONE YET - no place recognised a second time, so the map so far rests on step-by-step trac",
62,2026-09-27 07:43:30 EDT,1790509410.754,200,119591,200,27555,ok (108 matched features),"NONE YET - no place recognised a second time, so the map so far rests on step-by-step trac",
63,2026-09-27 07:43:33 EDT,1790509413.754,200,119591,200,27555,ok (103 matched features),"NONE YET - no place recognised a second time, so the map so far rests on step-by-step trac",
64,2026-09-27 07:43:36 EDT,1790509416.754,200,119591,200,27555,ok (124 matched features),"NONE YET - no place recognised a second time, so the map so far rests on step-by-step trac",
65,2026-09-27 07:43:39 EDT,1790509419.756,200,119591,200,27576,ok (101 matched features),"NONE YET - no place recognised a second time, so the map so far rests on step-by-step trac",
66,2026-09-27 07:43:42 EDT,1790509422.756,200,119591,200,27576,ok (109 matched features),"NONE YET - no place recognised a second time, so the map so far rests on step-by-step trac",
67,2026-09-27 07:43:45 EDT,1790509425.756,200,119591,200,27576,ok (111 matched features),"NONE YET - no place recognised a second time, so the map so far rests on step-by-step trac",
68,2026-09-27 07:43:48 EDT,1790509428.757,200,119591,200,27583,ok (121 matched features),"NONE YET - no place recognised a second time, so the map so far rests on step-by-step trac",
69,2026-09-27 07:43:51 EDT,1790509431.757,200,119591,200,27585,ok (107 matched features),"NONE YET - no place recognised a second time, so the map so far rests on step-by-step trac",
70,2026-09-27 07:43:54 EDT,1790509434.758,200,119591,200,27589,ok (113 matched features),"NONE YET - no place recognised a second time, so the map so far rests on step-by-step trac",
71,2026-09-27 07:43:57 EDT,1790509437.758,200,119591,200,27590,ok (118 matched features),"NONE YET - no place recognised a second time, so the map so far rests on step-by-step trac",
72,2026-09-27 07:44:00 EDT,1790509440.758,200,119591,200,27600,ok (114 matched features),"NONE YET - no place recognised a second time, so the map so far rests on step-by-step trac",
73,2026-09-27 07:44:03 EDT,1790509443.758,200,119591,200,27600,ok (100 matched features),"NONE YET - no place recognised a second time, so the map so far rests on step-by-step trac",
74,2026-09-27 07:44:06 EDT,1790509446.758,200,119591,200,27599,ok (109 matched features),"NONE YET - no place recognised a second time, so the map so far rests on step-by-step trac",
75,2026-09-27 07:44:09 EDT,1790509449.759,200,119591,200,27599,ok (111 matched features),"NONE YET - no place recognised a second time, so the map so far rests on step-by-step trac",
76,2026-09-27 07:44:12 EDT,1790509452.759,200,119591,200,27612,ok (123 matched features),"NONE YET - no place recognised a second time, so the map so far rests on step-by-step trac",
77,2026-09-27 07:44:15 EDT,1790509455.759,200,119591,200,27613,ok (105 matched features),"NONE YET - no place recognised a second time, so the map so far rests on step-by-step trac",
78,2026-09-27 07:44:18 EDT,1790509458.760,200,119591,200,27612,ok (115 matched features),"NONE YET - no place recognised a second time, so the map so far rests on step-by-step trac",
79,2026-09-27 07:44:21 EDT,1790509461.760,200,119591,200,27633,ok (109 matched features),"NONE YET - no place recognised a second time, so the map so far rests on step-by-step trac",
80,2026-09-27 07:44:24 EDT,1790509464.760,200,119591,200,27633,ok (106 matched features),"NONE YET - no place recognised a second time, so the map so far rests on step-by-step trac",
81,2026-09-27 07:44:27 EDT,1790509467.760,200,119591,200,27633,ok (112 matched features),"NONE YET - no place recognised a second time, so the map so far rests on step-by-step trac",
82,2026-09-27 07:44:30 EDT,1790509470.760,200,119591,200,27621,ok (115 matched features),"NONE YET - no place recognised a second time, so the map so far rests on step-by-step trac",
83,2026-09-27 07:44:33 EDT,1790509473.761,200,119591,200,27620,ok (111 matched features),"NONE YET - no place recognised a second time, so the map so far rests on step-by-step trac",
84,2026-09-27 07:44:36 EDT,1790509476.761,200,119591,200,27620,ok (111 matched features),"NONE YET - no place recognised a second time, so the map so far rests on step-by-step trac",
85,2026-09-27 07:44:39 EDT,1790509479.761,200,119591,200,27634,ok (112 matched features),"NONE YET - no place recognised a second time, so the map so far rests on step-by-step trac",
86,2026-09-27 07:44:42 EDT,1790509482.761,200,119591,200,27634,ok (107 matched features),"NONE YET - no place recognised a second time, so the map so far rests on step-by-step trac",
87,2026-09-27 07:44:45 EDT,1790509485.762,200,119591,200,27625,ok (103 matched features),"NONE YET - no place recognised a second time, so the map so far rests on step-by-step trac",
88,2026-09-27 07:44:48 EDT,1790509488.762,200,119591,200,27625,ok (105 matched features),"NONE YET - no place recognised a second time, so the map so far rests on step-by-step trac",
89,2026-09-27 07:44:51 EDT,1790509491.763,200,119591,200,27625,ok (103 matched features),"NONE YET - no place recognised a second time, so the map so far rests on step-by-step trac",
90,2026-09-27 07:44:54 EDT,1790509494.763,200,119591,200,28914,ok (113 matched features),"NONE YET - no place recognised a second time, so the map so far rests on step-by-step trac",
91,2026-09-27 07:44:57 EDT,1790509497.763,200,119586,200,32074,ok (110 matched features),"NONE YET - no place recognised a second time, so the map so far rests on step-by-step trac",
92,2026-09-27 07:45:00 EDT,1790509500.763,200,119586,200,32602,ok (108 matched features),"NONE YET - no place recognised a second time, so the map so far rests on step-by-step trac",
93,2026-09-27 07:45:03 EDT,1790509503.765,200,119586,200,32785,ok (109 matched features),"NONE YET - no place recognised a second time, so the map so far rests on step-by-step trac",
94,2026-09-27 07:45:06 EDT,1790509506.766,200,119586,200,32850,ok (119 matched features),"NONE YET - no place recognised a second time, so the map so far rests on step-by-step trac",
95,2026-09-27 07:45:09 EDT,1790509509.766,200,119586,200,32941,ok (120 matched features),"NONE YET - no place recognised a second time, so the map so far rests on step-by-step trac",
96,2026-09-27 07:45:12 EDT,1790509512.766,200,119586,200,32951,ok (115 matched features),"NONE YET - no place recognised a second time, so the map so far rests on step-by-step trac",
97,2026-09-27 07:45:15 EDT,1790509515.766,200,119586,200,32947,ok (134 matched features),"NONE YET - no place recognised a second time, so the map so far rests on step-by-step trac",
98,2026-09-27 07:45:18 EDT,1790509518.767,200,119586,200,32955,ok (115 matched features),"NONE YET - no place recognised a second time, so the map so far rests on step-by-step trac",
99,2026-09-27 07:45:21 EDT,1790509521.767,200,119586,200,32977,ok (114 matched features),"NONE YET - no place recognised a second time, so the map so far rests on step-by-step trac",
100,2026-09-27 07:45:24 EDT,1790509524.768,200,119586,200,33025,ok (119 matched features),"NONE YET - no place recognised a second time, so the map so far rests on step-by-step trac",
101,2026-09-27 07:45:27 EDT,1790509527.768,200,119586,200,33038,ok (118 matched features),"NONE YET - no place recognised a second time, so the map so far rests on step-by-step trac",
102,2026-09-27 07:45:30 EDT,1790509530.768,200,119586,200,33026,ok (123 matched features),"NONE YET - no place recognised a second time, so the map so far rests on step-by-step trac",
103,2026-09-27 07:45:33 EDT,1790509533.768,200,119586,200,33017,ok (123 matched features),"NONE YET - no place recognised a second time, so the map so far rests on step-by-step trac",
104,2026-09-27 07:45:36 EDT,1790509536.769,200,119586,200,33047,ok (122 matched features),"NONE YET - no place recognised a second time, so the map so far rests on step-by-step trac",
105,2026-09-27 07:45:39 EDT,1790509539.769,200,119586,200,33074,ok (126 matched features),"NONE YET - no place recognised a second time, so the map so far rests on step-by-step trac",
106,2026-09-27 07:45:42 EDT,1790509542.771,200,119586,200,33076,ok (120 matched features),"NONE YET - no place recognised a second time, so the map so far rests on step-by-step trac",
107,2026-09-27 07:45:45 EDT,1790509545.772,200,119586,200,33098,ok (126 matched features),"NONE YET - no place recognised a second time, so the map so far rests on step-by-step trac",
108,2026-09-27 07:45:48 EDT,1790509548.772,200,119586,200,33084,ok (121 matched features),"NONE YET - no place recognised a second time, so the map so far rests on step-by-step trac",
109,2026-09-27 07:45:51 EDT,1790509551.772,200,119586,200,33087,ok (114 matched features),"NONE YET - no place recognised a second time, so the map so far rests on step-by-step trac",
110,2026-09-27 07:45:54 EDT,1790509554.772,200,119586,200,33085,ok (123 matched features),"NONE YET - no place recognised a second time, so the map so far rests on step-by-step trac",
111,2026-09-27 07:45:57 EDT,1790509557.773,200,119586,200,33088,ok (116 matched features),"NONE YET - no place recognised a second time, so the map so far rests on step-by-step trac",
112,2026-09-27 07:46:00 EDT,1790509560.773,200,119586,200,33089,ok (123 matched features),"NONE YET - no place recognised a second time, so the map so far rests on step-by-step trac",
113,2026-09-27 07:46:03 EDT,1790509563.773,200,119586,200,33138,ok (118 matched features),"NONE YET - no place recognised a second time, so the map so far rests on step-by-step trac",
114,2026-09-27 07:46:06 EDT,1790509566.774,200,119586,200,33132,ok (116 matched features),"NONE YET - no place recognised a second time, so the map so far rests on step-by-step trac",
115,2026-09-27 07:46:09 EDT,1790509569.774,200,119586,200,33131,ok (119 matched features),"NONE YET - no place recognised a second time, so the map so far rests on step-by-step trac",
116,2026-09-27 07:46:12 EDT,1790509572.774,200,119588,200,35175,ok (102 matched features),"NONE YET - no place recognised a second time, so the map so far rests on step-by-step trac",
117,2026-09-27 07:46:15 EDT,1790509575.775,200,119591,200,42233,ok (109 matched features),"NONE YET - no place recognised a second time, so the map so far rests on step-by-step trac",
118,2026-09-27 07:46:18 EDT,1790509578.775,200,119592,200,45029,ok (122 matched features),"NONE YET - no place recognised a second time, so the map so far rests on step-by-step trac",
119,2026-09-27 07:46:21 EDT,1790509581.775,200,119597,200,45209,ok (115 matched features),"NONE YET - no place recognised a second time, so the map so far rests on step-by-step trac",
120,2026-09-27 07:46:24 EDT,1790509584.775,200,119600,200,46345,ok (122 matched features),"NONE YET - no place recognised a second time, so the map so far rests on step-by-step trac",
121,2026-09-27 07:46:27 EDT,1790509587.775,200,119551,200,46792,ok (128 matched features),"NONE YET - no place recognised a second time, so the map so far rests on step-by-step trac",
122,2026-09-27 07:46:30 EDT,1790509590.775,200,119554,200,47017,ok (116 matched features),"NONE YET - no place recognised a second time, so the map so far rests on step-by-step trac",
123,2026-09-27 07:46:33 EDT,1790509593.776,200,119601,503,0,ok (122 matched features),"NONE YET - no place recognised a second time, so the map so far rests on step-by-step trac",
124,2026-09-27 07:46:36 EDT,1790509596.776,200,119590,200,47104,ok (131 matched features),"NONE YET - no place recognised a second time, so the map so far rests on step-by-step trac",
125,2026-09-27 07:46:39 EDT,1790509599.777,200,119597,200,46716,ok (111 matched features),"NONE YET - no place recognised a second time, so the map so far rests on step-by-step trac",
126,2026-09-27 07:46:42 EDT,1790509602.778,200,119594,200,47408,ok (113 matched features),"NONE YET - no place recognised a second time, so the map so far rests on step-by-step trac",
127,2026-09-27 07:46:45 EDT,1790509605.778,200,119308,200,46786,ok (106 matched features),"0 s ago (node 1762), 1 so far",
128,2026-09-27 07:46:48 EDT,1790509608.780,200,119264,200,46477,ok (110 matched features),"0 s ago (node 1765), 4 so far",
129,2026-09-27 07:46:51 EDT,1790509611.781,200,119272,200,46228,ok (132 matched features),"0 s ago (node 1768), 7 so far",
130,2026-09-27 07:46:54 EDT,1790509614.781,200,119272,200,45863,ok (148 matched features),"1 s ago (node 1770), 9 so far",
131,2026-09-27 07:46:57 EDT,1790509617.781,200,119272,200,45883,ok (153 matched features),"4 s ago (node 1770), 9 so far",
132,2026-09-27 07:47:00 EDT,1790509620.782,200,119272,200,45883,ok (154 matched features),"7 s ago (node 1770), 9 so far",
133,2026-09-27 07:47:03 EDT,1790509623.782,200,119272,200,45874,ok (150 matched features),"10 s ago (node 1770), 9 so far",
134,2026-09-27 07:47:06 EDT,1790509626.783,200,119272,200,45752,ok (136 matched features),"13 s ago (node 1770), 9 so far",
135,2026-09-27 07:47:09 EDT,1790509629.783,200,119266,200,44980,ok (127 matched features),"0 s ago (node 1785), 11 so far",
136,2026-09-27 07:47:12 EDT,1790509632.783,200,119266,200,43896,ok (112 matched features),"0 s ago (node 1788), 14 so far",
137,2026-09-27 07:47:15 EDT,1790509635.784,200,119274,200,43769,ok (135 matched features),"0 s ago (node 1791), 17 so far",
138,2026-09-27 07:47:18 EDT,1790509638.784,200,119268,200,43583,ok (128 matched features),"0 s ago (node 1794), 20 so far",
139,2026-09-27 07:47:21 EDT,1790509641.784,200,119269,200,43598,ok (138 matched features),"2 s ago (node 1795), 21 so far",
140,2026-09-27 07:47:24 EDT,1790509644.784,200,119268,200,43587,ok (142 matched features),"5 s ago (node 1795), 21 so far",
141,2026-09-27 07:47:27 EDT,1790509647.785,200,119269,200,43572,ok (136 matched features),"8 s ago (node 1795), 21 so far",
142,2026-09-27 07:47:30 EDT,1790509650.791,200,119268,200,43573,ok (131 matched features),"11 s ago (node 1795), 21 so far",
143,2026-09-27 07:47:33 EDT,1790509653.792,200,119268,200,43612,ok (140 matched features),"14 s ago (node 1795), 21 so far",
144,2026-09-27 07:47:36 EDT,1790509656.792,200,119269,200,43592,ok (134 matched features),"17 s ago (node 1795), 21 so far",
145,2026-09-27 07:47:39 EDT,1790509659.792,200,119269,200,43604,ok (144 matched features),"20 s ago (node 1795), 21 so far",
146,2026-09-27 07:47:42 EDT,1790509662.793,200,119269,200,43598,ok (145 matched features),"23 s ago (node 1795), 21 so far",
147,2026-09-27 07:47:45 EDT,1790509665.793,200,119269,200,43598,ok (134 matched features),"26 s ago (node 1795), 21 so far",
148,2026-09-27 07:47:48 EDT,1790509668.793,200,119269,200,43599,ok (138 matched features),"29 s ago (node 1795), 21 so far",
149,2026-09-27 07:47:51 EDT,1790509671.793,200,119269,200,43599,ok (136 matched features),"32 s ago (node 1795), 21 so far",
150,2026-09-27 07:47:54 EDT,1790509674.793,200,119269,200,43599,ok (148 matched features),"35 s ago (node 1795), 21 so far",
151,2026-09-27 07:47:57 EDT,1790509677.794,200,119269,200,43600,ok (140 matched features),"38 s ago (node 1795), 21 so far",
152,2026-09-27 07:48:00 EDT,1790509680.794,200,119269,200,43606,ok (144 matched features),"41 s ago (node 1795), 21 so far",
153,2026-09-27 07:48:03 EDT,1790509683.794,200,119269,200,43606,ok (153 matched features),"44 s ago (node 1795), 21 so far",
154,2026-09-27 07:48:06 EDT,1790509686.795,200,119269,200,43606,ok (140 matched features),"47 s ago (node 1795), 21 so far",
155,2026-09-27 07:48:09 EDT,1790509689.795,200,119269,200,43607,ok (145 matched features),"50 s ago (node 1795), 21 so far",
156,2026-09-27 07:48:12 EDT,1790509692.795,200,119269,200,43607,ok (150 matched features),"53 s ago (node 1795), 21 so far",
157,2026-09-27 07:48:15 EDT,1790509695.796,200,119269,200,43601,ok (141 matched features),"56 s ago (node 1795), 21 so far",
158,2026-09-27 07:48:18 EDT,1790509698.796,200,119269,200,43601,ok (142 matched features),"59 s ago (node 1795), 21 so far",
159,2026-09-27 07:48:21 EDT,1790509701.797,200,119269,200,43601,ok (140 matched features),"62 s ago (node 1795), 21 so far",
160,2026-09-27 07:48:24 EDT,1790509704.797,200,119269,200,43602,ok (145 matched features),"65 s ago (node 1795), 21 so far",
161,2026-09-27 07:48:27 EDT,1790509707.798,200,119269,200,43602,ok (149 matched features),"68 s ago (node 1795), 21 so far",
162,2026-09-27 07:48:30 EDT,1790509710.798,200,119268,200,43596,ok (136 matched features),"71 s ago (node 1795), 21 so far",
163,2026-09-27 07:48:33 EDT,1790509713.798,200,119269,200,43596,ok (133 matched features),"74 s ago (node 1795), 21 so far",
164,2026-09-27 07:48:36 EDT,1790509716.799,200,119269,200,43591,ok (140 matched features),"77 s ago (node 1795), 21 so far",
165,2026-09-27 07:48:39 EDT,1790509719.799,200,119269,200,43591,ok (151 matched features),"80 s ago (node 1795), 21 so far",
166,2026-09-27 07:48:42 EDT,1790509722.800,200,119269,200,43588,ok (141 matched features),"83 s ago (node 1795), 21 so far",
167,2026-09-27 07:48:45 EDT,1790509725.800,200,119269,200,43588,ok (143 matched features),"86 s ago (node 1795), 21 so far",
168,2026-09-27 07:48:48 EDT,1790509728.800,200,119269,200,43589,ok (141 matched features),"89 s ago (node 1795), 21 so far",
169,2026-09-27 07:48:51 EDT,1790509731.801,200,119269,200,43576,ok (141 matched features),"92 s ago (node 1795), 21 so far",
170,2026-09-27 07:48:54 EDT,1790509734.801,200,119269,200,43576,ok (146 matched features),"95 s ago (node 1795), 21 so far",
171,2026-09-27 07:48:57 EDT,1790509737.801,200,119269,200,43576,ok (139 matched features),"98 s ago (node 1795), 21 so far",
172,2026-09-27 07:49:00 EDT,1790509740.801,200,119269,200,43576,ok (141 matched features),"101 s ago (node 1795), 21 so far",
173,2026-09-27 07:49:03 EDT,1790509743.802,200,119269,200,43576,ok (137 matched features),"104 s ago (node 1795), 21 so far",
174,2026-09-27 07:49:06 EDT,1790509746.802,200,119269,200,43573,ok (134 matched features),"107 s ago (node 1795), 21 so far",
175,2026-09-27 07:49:09 EDT,1790509749.803,200,119269,200,43573,ok (139 matched features),"110 s ago (node 1795), 21 so far",
176,2026-09-27 07:49:12 EDT,1790509752.803,200,119269,200,43574,ok (139 matched features),"113 s ago (node 1795), 21 so far",
177,2026-09-27 07:49:15 EDT,1790509755.804,200,119269,200,43567,ok (134 matched features),"116 s ago (node 1795), 21 so far",
178,2026-09-27 07:49:18 EDT,1790509758.804,200,119269,200,43627,ok (139 matched features),"119 s ago (node 1795), 21 so far",
179,2026-09-27 07:49:21 EDT,1790509761.804,200,119269,200,43627,ok (145 matched features),"122 s ago (node 1795), 21 so far",
180,2026-09-27 07:49:24 EDT,1790509764.804,200,119269,200,43621,ok (143 matched features),"125 s ago (node 1795), 21 so far",
181,2026-09-27 07:49:27 EDT,1790509767.804,200,119269,200,43621,ok (149 matched features),"128 s ago (node 1795), 21 so far",
182,2026-09-27 07:49:30 EDT,1790509770.805,200,119269,200,43621,ok (147 matched features),"131 s ago (node 1795), 21 so far",
183,2026-09-27 07:49:33 EDT,1790509773.806,200,119269,200,43621,ok (138 matched features),"134 s ago (node 1795), 21 so far",
184,2026-09-27 07:49:36 EDT,1790509776.806,200,119269,200,43621,ok (139 matched features),"137 s ago (node 1795), 21 so far",
185,2026-09-27 07:49:39 EDT,1790509779.807,200,119269,200,43621,ok (131 matched features),"140 s ago (node 1795), 21 so far",
186,2026-09-27 07:49:42 EDT,1790509782.807,200,119269,200,43621,ok (143 matched features),"143 s ago (node 1795), 21 so far",
187,2026-09-27 07:49:45 EDT,1790509785.807,200,119269,200,43621,ok (140 matched features),"146 s ago (node 1795), 21 so far",
188,2026-09-27 07:49:48 EDT,1790509788.807,200,119269,200,43621,ok (145 matched features),"149 s ago (node 1795), 21 so far",
189,2026-09-27 07:49:51 EDT,1790509791.807,200,119271,200,43645,ok (127 matched features),"152 s ago (node 1795), 21 so far",
190,2026-09-27 07:49:54 EDT,1790509794.808,200,119270,200,43557,ok (130 matched features),"1 s ago (node 1944), 23 so far",
191,2026-09-27 07:49:57 EDT,1790509797.808,200,119273,200,43631,ok (141 matched features),"0 s ago (node 1948), 25 so far",
192,2026-09-27 07:50:00 EDT,1790509800.808,200,119265,200,44126,ok (171 matched features),"1 s ago (node 1950), 27 so far",
193,2026-09-27 07:50:03 EDT,1790509803.809,200,119264,200,44280,ok (154 matched features),"1 s ago (node 1953), 30 so far",
194,2026-09-27 07:50:06 EDT,1790509806.809,200,119272,200,43985,ok (108 matched features),"1 s ago (node 1956), 33 so far",
195,2026-09-27 07:50:09 EDT,1790509809.810,200,119275,200,44083,ok (81 matched features),"0 s ago (node 1959), 36 so far",
196,2026-09-27 07:50:12 EDT,1790509812.810,200,119271,200,44726,ok (122 matched features),"2 s ago (node 1960), 37 so far",
197,2026-09-27 07:50:15 EDT,1790509815.810,200,119264,200,46813,ok (65 matched features),"5 s ago (node 1960), 37 so far",
198,2026-09-27 07:50:18 EDT,1790509818.810,200,119439,200,52927,LOST for 1 s,"8 s ago (node 1960), 37 so far",
199,2026-09-27 07:50:21 EDT,1790509821.811,200,119435,200,56035,LOST for 1 s,"11 s ago (node 1960), 37 so far",
200,2026-09-27 07:50:24 EDT,1790509824.812,200,119415,200,62054,ok (58 matched features),"14 s ago (node 1960), 37 so far",
201,2026-09-27 07:50:27 EDT,1790509827.812,200,119468,200,66349,ok (172 matched features),"17 s ago (node 1960), 37 so far",
202,2026-09-27 07:50:30 EDT,1790509830.812,200,119462,200,67389,ok (167 matched features),"3 s ago (node 1977), 38 so far",
203,2026-09-27 07:50:33 EDT,1790509833.813,200,119461,200,67842,ok (142 matched features),"1 s ago (node 1981), 40 so far",
204,2026-09-27 07:50:36 EDT,1790509836.813,200,119461,200,67874,ok (149 matched features),"4 s ago (node 1981), 40 so far",
205,2026-09-27 07:50:39 EDT,1790509839.814,200,119461,200,67855,ok (146 matched features),"7 s ago (node 1981), 40 so far",
206,2026-09-27 07:50:42 EDT,1790509842.814,200,119461,200,67790,ok (146 matched features),"10 s ago (node 1981), 40 so far",
207,2026-09-27 07:50:45 EDT,1790509845.814,200,119461,200,67767,ok (143 matched features),"13 s ago (node 1981), 40 so far",
208,2026-09-27 07:50:48 EDT,1790509848.815,200,119461,200,67757,ok (159 matched features),"16 s ago (node 1981), 40 so far",
209,2026-09-27 07:50:51 EDT,1790509851.815,200,119461,200,67812,ok (147 matched features),"19 s ago (node 1981), 40 so far",
210,2026-09-27 07:50:54 EDT,1790509854.815,200,119461,200,67819,ok (154 matched features),"22 s ago (node 1981), 40 so far",
211,2026-09-27 07:50:57 EDT,1790509857.816,200,119461,200,67809,ok (163 matched features),"25 s ago (node 1981), 40 so far",
212,2026-09-27 07:51:00 EDT,1790509860.816,200,119461,200,67808,ok (151 matched features),"28 s ago (node 1981), 40 so far",
213,2026-09-27 07:51:03 EDT,1790509863.816,200,119461,200,67793,ok (156 matched features),"31 s ago (node 1981), 40 so far",
214,2026-09-27 07:51:06 EDT,1790509866.816,200,119482,200,68067,ok (113 matched features),"34 s ago (node 1981), 40 so far",
215,2026-09-27 07:51:09 EDT,1790509869.817,200,119476,200,69548,ok (105 matched features),"0 s ago (node 2017), 43 so far",
216,2026-09-27 07:51:12 EDT,1790509872.817,200,119471,200,70852,ok (98 matched features),"1 s ago (node 2019), 45 so far",
217,2026-09-27 07:51:15 EDT,1790509875.818,200,119470,200,72191,ok (100 matched features),"2 s ago (node 2021), 46 so far",
218,2026-09-27 07:51:18 EDT,1790509878.818,200,119494,200,73391,ok (74 matched features),"2 s ago (node 2024), 47 so far",
219,2026-09-27 07:51:21 EDT,1790509881.818,200,119507,200,74013,ok (81 matched features),"1 s ago (node 2028), 49 so far",
220,2026-09-27 07:51:24 EDT,1790509884.819,200,119497,200,74688,ok (78 matched features),"0 s ago (node 2032), 52 so far",
221,2026-09-27 07:51:27 EDT,1790509887.819,200,119495,200,74838,ok (65 matched features),"1 s ago (node 2034), 54 so far",
222,2026-09-27 07:51:30 EDT,1790509890.820,200,119497,200,75706,ok (81 matched features),"1 s ago (node 2037), 57 so far",
223,2026-09-27 07:51:33 EDT,1790509893.820,200,119522,200,76452,ok (74 matched features),"4 s ago (node 2037), 57 so far",
224,2026-09-27 07:51:36 EDT,1790509896.820,200,119511,200,77173,ok (71 matched features),"1 s ago (node 2043), 59 so far",
225,2026-09-27 07:51:39 EDT,1790509899.820,200,119511,200,79574,ok (84 matched features),"2 s ago (node 2045), 60 so far",
226,2026-09-27 07:51:42 EDT,1790509902.821,200,119503,200,81109,ok (105 matched features),"1 s ago (node 2048), 62 so far",
227,2026-09-27 07:51:45 EDT,1790509905.822,200,119486,200,82676,ok (160 matched features),"1 s ago (node 2051), 63 so far",
228,2026-09-27 07:51:48 EDT,1790509908.822,200,119472,200,84724,ok (150 matched features),"1 s ago (node 2054), 65 so far",
229,2026-09-27 07:51:51 EDT,1790509911.822,200,119475,200,94272,ok (148 matched features),"0 s ago (node 2057), 68 so far",
230,2026-09-27 07:51:54 EDT,1790509914.822,200,119475,200,101832,ok (153 matched features),"3 s ago (node 2057), 68 so far",
231,2026-09-27 07:51:57 EDT,1790509917.823,200,119447,503,0,ok (161 matched features),"0 s ago (node 2064), 72 so far",
232,2026-09-27 07:52:00 EDT,1790509920.824,200,119470,200,108598,ok (129 matched features),"1 s ago (node 2067), 75 so far",
233,2026-09-27 07:52:03 EDT,1790509923.824,200,119466,200,110325,ok (161 matched features),"2 s ago (node 2068), 76 so far",
234,2026-09-27 07:52:06 EDT,1790509926.825,200,119446,200,110824,ok (114 matched features),"1 s ago (node 2071), 77 so far",
235,2026-09-27 07:52:09 EDT,1790509929.826,200,119383,200,111549,ok (124 matched features),"4 s ago (node 2071), 77 so far",
236,2026-09-27 07:52:12 EDT,1790509932.827,200,119271,200,113561,ok (167 matched features),"7 s ago (node 2071), 77 so far",
237,2026-09-27 07:52:15 EDT,1790509935.827,200,119271,200,114097,ok (145 matched features),"10 s ago (node 2071), 77 so far",
238,2026-09-27 07:52:18 EDT,1790509938.827,200,119269,200,117816,ok (143 matched features),"1 s ago (node 2083), 79 so far",
239,2026-09-27 07:52:21 EDT,1790509941.827,200,119306,200,121258,ok (130 matched features),"1 s ago (node 2086), 82 so far",
240,2026-09-27 07:52:24 EDT,1790509944.828,200,119308,200,128539,ok (135 matched features),"1 s ago (node 2088), 84 so far",
241,2026-09-27 07:52:27 EDT,1790509947.829,200,119272,200,132937,ok (149 matched features),"0 s ago (node 2092), 87 so far",
242,2026-09-27 07:52:30 EDT,1790509950.829,200,119268,200,135280,ok (125 matched features),"0 s ago (node 2095), 89 so far",
243,2026-09-27 07:52:33 EDT,1790509953.830,200,119273,200,137116,ok (130 matched features),"0 s ago (node 2098), 91 so far",
244,2026-09-27 07:52:36 EDT,1790509956.830,200,119281,200,138375,ok (174 matched features),"0 s ago (node 2101), 94 so far",
245,2026-09-27 07:52:39 EDT,1790509959.831,200,119288,200,142403,ok (151 matched features),"1 s ago (node 2103), 96 so far",
246,2026-09-27 07:52:42 EDT,1790509962.831,200,119281,200,146008,ok (136 matched features),"1 s ago (node 2106), 99 so far",
247,2026-09-27 07:52:45 EDT,1790509965.832,200,119319,200,148969,ok (130 matched features),"1 s ago (node 2109), 102 so far",
248,2026-09-27 07:52:48 EDT,1790509968.833,200,119306,200,150806,ok (106 matched features),"1 s ago (node 2112), 105 so far",
249,2026-09-27 07:52:51 EDT,1790509971.833,200,119307,200,152651,ok (113 matched features),"1 s ago (node 2115), 108 so far",
250,2026-09-27 07:52:54 EDT,1790509974.833,200,119310,200,157101,ok (139 matched features),"1 s ago (node 2118), 111 so far",
251,2026-09-27 07:52:57 EDT,1790509977.834,200,119305,200,158421,ok (166 matched features),"1 s ago (node 2120), 113 so far",
252,2026-09-27 07:53:00 EDT,1790509980.836,200,119269,200,160008,ok (122 matched features),"0 s ago (node 2124), 116 so far",
253,2026-09-27 07:53:03 EDT,1790509983.836,200,119276,200,162649,ok (160 matched features),"0 s ago (node 2127), 119 so far",
254,2026-09-27 07:53:06 EDT,1790509986.837,200,119287,200,163188,ok (119 matched features),"1 s ago (node 2129), 120 so far",
255,2026-09-27 07:53:09 EDT,1790509989.837,200,119283,200,164273,ok (154 matched features),"4 s ago (node 2129), 120 so far",
256,2026-09-27 07:53:12 EDT,1790509992.838,200,119281,200,164909,ok (113 matched features),"7 s ago (node 2129), 120 so far",
257,2026-09-27 07:53:15 EDT,1790509995.839,200,119286,200,165073,ok (160 matched features),"10 s ago (node 2129), 120 so far",
258,2026-09-27 07:53:18 EDT,1790509998.839,200,119282,200,164435,ok (120 matched features),"13 s ago (node 2129), 120 so far",
259,2026-09-27 07:53:21 EDT,1790510001.839,200,119282,200,164631,ok (108 matched features),"16 s ago (node 2129), 120 so far",
260,2026-09-27 07:53:24 EDT,1790510004.840,200,119283,200,163953,ok (142 matched features),"19 s ago (node 2129), 120 so far",
261,2026-09-27 07:53:27 EDT,1790510007.840,200,119274,200,164189,ok (153 matched features),"22 s ago (node 2129), 120 so far",
262,2026-09-27 07:53:30 EDT,1790510010.840,200,119275,200,163885,ok (123 matched features),"25 s ago (node 2129), 120 so far",
263,2026-09-27 07:53:33 EDT,1790510013.840,200,119271,200,163626,ok (140 matched features),"0 s ago (node 2156), 123 so far",
264,2026-09-27 07:53:36 EDT,1790510016.840,200,119272,200,163309,ok (172 matched features),"1 s ago (node 2158), 124 so far",
265,2026-09-27 07:53:39 EDT,1790510019.841,200,119460,200,165613,ok (184 matched features),"2 s ago (node 2160), 126 so far",
266,2026-09-27 07:53:42 EDT,1790510022.841,200,119434,200,166064,ok (141 matched features),"0 s ago (node 2165), 129 so far",
267,2026-09-27 07:53:45 EDT,1790510025.842,200,119437,200,168153,ok (128 matched features),"1 s ago (node 2167), 130 so far",
268,2026-09-27 07:53:48 EDT,1790510028.842,200,119443,200,170911,ok (72 matched features),"1 s ago (node 2170), 133 so far",
269,2026-09-27 07:53:51 EDT,1790510031.842,200,119443,200,172325,ok (116 matched features),"1 s ago (node 2173), 136 so far",
270,2026-09-27 07:53:54 EDT,1790510034.843,200,119476,200,173363,ok (89 matched features),"2 s ago (node 2175), 137 so far",
271,2026-09-27 07:53:57 EDT,1790510037.844,200,119466,200,174553,ok (72 matched features),"0 s ago (node 2179), 139 so far",
272,2026-09-27 07:54:00 EDT,1790510040.845,200,119471,200,176053,ok (76 matched features),"1 s ago (node 2181), 141 so far",
273,2026-09-27 07:54:03 EDT,1790510043.845,200,119448,200,177191,ok (82 matched features),"0 s ago (node 2185), 143 so far",
274,2026-09-27 07:54:06 EDT,1790510046.846,200,119454,200,178142,ok (97 matched features),"0 s ago (node 2188), 145 so far",
275,2026-09-27 07:54:09 EDT,1790510049.847,200,119471,200,179293,ok (93 matched features),"0 s ago (node 2191), 147 so far",
276,2026-09-27 07:54:12 EDT,1790510052.848,200,119443,200,180524,ok (136 matched features),"1 s ago (node 2193), 149 so far",
277,2026-09-27 07:54:15 EDT,1790510055.849,200,119442,200,181765,ok (171 matched features),"1 s ago (node 2196), 150 so far",
278,2026-09-27 07:54:18 EDT,1790510058.849,200,119461,200,182605,ok (158 matched features),"1 s ago (node 2199), 152 so far",
279,2026-09-27 07:54:21 EDT,1790510061.850,200,119444,200,185081,ok (193 matched features),"1 s ago (node 2202), 155 so far",
280,2026-09-27 07:54:24 EDT,1790510064.850,200,119434,200,187266,ok (240 matched features),"1 s ago (node 2205), 157 so far",
281,2026-09-27 07:54:27 EDT,1790510067.850,200,119434,200,187308,ok (236 matched features),"4 s ago (node 2205), 157 so far",
282,2026-09-27 07:54:30 EDT,1790510070.850,200,119434,200,187276,ok (230 matched features),"7 s ago (node 2205), 157 so far",
283,2026-09-27 07:54:33 EDT,1790510073.851,200,119303,200,191168,ok (115 matched features),"10 s ago (node 2205), 157 so far",
284,2026-09-27 07:54:36 EDT,1790510076.852,200,119308,200,190803,ok (156 matched features),"1 s ago (node 2216), 159 so far",
285,2026-09-27 07:54:39 EDT,1790510079.853,200,119304,200,190463,ok (103 matched features),"4 s ago (node 2216), 159 so far",
286,2026-09-27 07:54:42 EDT,1790510082.853,200,119307,200,190688,ok (126 matched features),"1 s ago (node 2222), 162 so far",
287,2026-09-27 07:54:45 EDT,1790510085.853,200,119303,200,190867,ok (118 matched features),"1 s ago (node 2225), 165 so far",
288,2026-09-27 07:54:48 EDT,1790510088.854,200,119307,200,190899,ok (109 matched features),"1 s ago (node 2228), 168 so far",
289,2026-09-27 07:54:51 EDT,1790510091.854,200,119272,200,190939,ok (120 matched features),"1 s ago (node 2231), 171 so far",
290,2026-09-27 07:54:54 EDT,1790510094.855,200,119269,200,191381,ok (112 matched features),"1 s ago (node 2234), 174 so far",
291,2026-09-27 07:54:57 EDT,1790510097.855,200,119270,200,192088,ok (93 matched features),"1 s ago (node 2237), 177 so far",
292,2026-09-27 07:55:00 EDT,1790510100.855,200,119272,200,192356,ok (115 matched features),"1 s ago (node 2240), 180 so far",
293,2026-09-27 07:55:03 EDT,1790510103.855,200,119267,200,192386,ok (107 matched features),"1 s ago (node 2243), 183 so far",
294,2026-09-27 07:55:06 EDT,1790510106.855,200,119269,200,192407,ok (117 matched features),"1 s ago (node 2246), 186 so far",
295,2026-09-27 07:55:09 EDT,1790510109.856,200,119271,200,192359,ok (155 matched features),"1 s ago (node 2249), 189 so far",
296,2026-09-27 07:55:12 EDT,1790510112.856,200,119266,200,192340,ok (133 matched features),"1 s ago (node 2252), 192 so far",
297,2026-09-27 07:55:15 EDT,1790510115.856,200,119264,0,0,ok (87 matched features),"3 s ago (node 2256), 196 so far",
298,2026-09-27 07:55:19 EDT,1790510119.939,200,119267,503,0,LOST for 1 s,"6 s ago (node 2256), 196 so far",
299,2026-09-27 07:55:22 EDT,1790510122.940,200,119435,503,0,LOST for 0 s,"8 s ago (node 2256), 196 so far",
300,2026-09-27 07:55:25 EDT,1790510125.940,200,119435,503,0,LOST for 0 s,"11 s ago (node 2256), 196 so far",
301,2026-09-27 07:55:28 EDT,1790510128.941,200,119435,503,0,LOST for 0 s,"14 s ago (node 2256), 196 so far",
302,2026-09-27 07:55:31 EDT,1790510131.942,200,119435,503,0,LOST for 0 s,"17 s ago (node 2256), 196 so far",
303,2026-09-27 07:55:34 EDT,1790510134.943,200,119435,503,0,LOST for 0 s,"20 s ago (node 2256), 196 so far",
304,2026-09-27 07:55:37 EDT,1790510137.943,200,119435,200,194185,LOST for 0 s,"22 s ago (node 2256), 196 so far",
305,2026-09-27 07:55:40 EDT,1790510140.945,200,119435,200,194194,LOST for 0 s,"24 s ago (node 2256), 196 so far",
306,2026-09-27 07:55:43 EDT,1790510143.945,200,119435,200,194206,LOST for 0 s,"27 s ago (node 2256), 196 so far",
307,2026-09-27 07:55:46 EDT,1790510146.945,200,119435,200,194256,LOST for 0 s,"30 s ago (node 2256), 196 so far",
308,2026-09-27 07:55:49 EDT,1790510149.945,200,119435,200,194370,LOST for 0 s,"33 s ago (node 2256), 196 so far",
309,2026-09-27 07:55:52 EDT,1790510152.945,200,119497,200,198855,LOST for 0 s,"36 s ago (node 2256), 196 so far",
310,2026-09-27 07:55:55 EDT,1790510155.945,200,119433,200,200753,ok (181 matched features),"1 s ago (node 2293), 197 so far",
311,2026-09-27 07:55:58 EDT,1790510158.945,200,119429,200,201054,ok (163 matched features),"4 s ago (node 2293), 197 so far",
312,2026-09-27 07:56:01 EDT,1790510161.945,200,119450,200,202560,ok (171 matched features),"0 s ago (node 2300), 200 so far",
313,2026-09-27 07:56:04 EDT,1790510164.946,200,119438,200,203781,ok (165 matched features),"1 s ago (node 2302), 202 so far",
314,2026-09-27 07:56:07 EDT,1790510167.946,200,119442,503,0,ok (147 matched features),"0 s ago (node 2307), 206 so far",
315,2026-09-27 07:56:10 EDT,1790510170.946,200,119461,503,0,ok (156 matched features),"0 s ago (node 2310), 209 so far",
316,2026-09-27 07:56:13 EDT,1790510173.947,200,119455,503,0,ok (148 matched features),"0 s ago (node 2313), 212 so far",
317,2026-09-27 07:56:16 EDT,1790510176.947,200,119462,503,0,ok (152 matched features),"0 s ago (node 2316), 215 so far",
318,2026-09-27 07:56:19 EDT,1790510179.948,200,119462,200,216957,ok (142 matched features),"1 s ago (node 2317), 216 so far",
319,2026-09-27 07:56:22 EDT,1790510182.948,200,119496,200,218650,ok (160 matched features),"1 s ago (node 2320), 219 so far",
320,2026-09-27 07:56:25 EDT,1790510185.949,200,119493,200,220789,ok (168 matched features),"1 s ago (node 2323), 222 so far",
321,2026-09-27 07:56:28 EDT,1790510188.949,200,119488,200,221688,ok (159 matched features),"1 s ago (node 2325), 224 so far",
322,2026-09-27 07:56:31 EDT,1790510191.950,200,119495,200,222530,ok (150 matched features),"0 s ago (node 2329), 227 so far",
323,2026-09-27 07:56:34 EDT,1790510194.950,200,119475,200,223495,ok (172 matched features),"1 s ago (node 2331), 229 so far",
324,2026-09-27 07:56:37 EDT,1790510197.950,200,119485,200,225231,LOST for 1 s,"1 s ago (node 2334), 231 so far",
325,2026-09-27 07:56:40 EDT,1790510200.951,200,119502,200,226580,ok (119 matched features),"4 s ago (node 2334), 231 so far",
326,2026-09-27 07:56:43 EDT,1790510203.951,200,119520,200,226123,ok (189 matched features),"1 s ago (node 2340), 233 so far",
327,2026-09-27 07:56:46 EDT,1790510206.952,200,119520,200,226180,ok (169 matched features),"4 s ago (node 2340), 233 so far",
328,2026-09-27 07:56:49 EDT,1790510209.953,200,119520,200,226261,ok (182 matched features),"7 s ago (node 2340), 233 so far",
329,2026-09-27 07:56:52 EDT,1790510212.953,200,119520,200,226287,ok (172 matched features),"10 s ago (node 2340), 233 so far",
330,2026-09-27 07:56:55 EDT,1790510215.953,200,119520,200,226097,ok (157 matched features),"1 s ago (node 2352), 234 so far",
331,2026-09-27 07:56:58 EDT,1790510218.954,200,119524,200,225977,ok (133 matched features),"0 s ago (node 2355), 237 so far",
332,2026-09-27 07:57:01 EDT,1790510221.954,200,119537,200,225929,ok (161 matched features),"0 s ago (node 2358), 240 so far",
333,2026-09-27 07:57:04 EDT,1790510224.955,200,119496,200,226448,ok (151 matched features),"0 s ago (node 2361), 243 so far",
334,2026-09-27 07:57:07 EDT,1790510227.955,200,119496,200,226710,ok (143 matched features),"0 s ago (node 2364), 246 so far",
335,2026-09-27 07:57:10 EDT,1790510230.956,200,119498,200,226772,ok (146 matched features),"0 s ago (node 2367), 249 so far",
336,2026-09-27 07:57:13 EDT,1790510233.958,200,119495,200,226924,ok (157 matched features),"1 s ago (node 2369), 251 so far",
337,2026-09-27 07:57:16 EDT,1790510236.958,200,119488,200,227457,ok (141 matched features),"1 s ago (node 2372), 254 so far",
338,2026-09-27 07:57:19 EDT,1790510239.960,200,119469,503,0,ok (167 matched features),"1 s ago (node 2376), 258 so far",
339,2026-09-27 07:57:22 EDT,1790510242.960,200,119468,503,0,ok (161 matched features),"1 s ago (node 2379), 261 so far",
340,2026-09-27 07:57:25 EDT,1790510245.961,200,119473,503,0,ok (160 matched features),"1 s ago (node 2382), 264 so far",
341,2026-09-27 07:57:28 EDT,1790510248.961,200,119475,503,0,ok (144 matched features),"1 s ago (node 2385), 267 so far",
342,2026-09-27 07:57:31 EDT,1790510251.962,200,119461,503,0,ok (149 matched features),"1 s ago (node 2388), 270 so far",
343,2026-09-27 07:57:34 EDT,1790510254.963,200,119470,503,0,ok (164 matched features),"1 s ago (node 2391), 273 so far",
344,2026-09-27 07:57:37 EDT,1790510257.963,200,119489,503,0,ok (111 matched features),"1 s ago (node 2394), 276 so far",
345,2026-09-27 07:57:40 EDT,1790510260.963,200,119469,503,0,ok (87 matched features),"2 s ago (node 2396), 278 so far",
346,2026-09-27 07:57:43 EDT,1790510263.964,200,119469,503,0,ok (69 matched features),"3 s ago (node 2398), 279 so far",
347,2026-09-27 07:57:46 EDT,1790510266.965,200,119471,503,0,ok (92 matched features),"1 s ago (node 2403), 282 so far",
348,2026-09-27 07:57:49 EDT,1790510269.965,200,119507,200,229721,ok (55 matched features),"0 s ago (node 2405), 283 so far",
349,2026-09-27 07:57:52 EDT,1790510272.965,200,119495,200,229776,ok (86 matched features),"2 s ago (node 2406), 284 so far",
350,2026-09-27 07:57:55 EDT,1790510275.965,200,119495,200,229896,ok (69 matched features),"5 s ago (node 2406), 284 so far",
351,2026-09-27 07:57:58 EDT,1790510278.966,200,119489,503,0,ok (73 matched features),"1 s ago (node 2414), 287 so far",
352,2026-09-27 07:58:01 EDT,1790510281.976,200,119495,200,230334,ok (79 matched features),"3 s ago (node 2414), 287 so far",
353,2026-09-27 07:58:04 EDT,1790510284.976,200,119518,200,230373,ok (83 matched features),"6 s ago (node 2414), 287 so far",
354,2026-09-27 07:58:07 EDT,1790510287.976,200,119503,200,230435,ok (79 matched features),"1 s ago (node 2422), 289 so far",
355,2026-09-27 07:58:10 EDT,1790510290.977,200,119508,200,230699,ok (75 matched features),"1 s ago (node 2424), 291 so far",
356,2026-09-27 07:58:13 EDT,1790510293.979,200,119508,200,231007,ok (108 matched features),"1 s ago (node 2427), 292 so far",
357,2026-09-27 07:58:16 EDT,1790510296.979,200,119499,200,231374,ok (135 matched features),"2 s ago (node 2429), 293 so far",
358,2026-09-27 07:58:19 EDT,1790510299.981,200,119468,200,232030,ok (155 matched features),"5 s ago (node 2429), 293 so far",
359,2026-09-27 07:58:22 EDT,1790510302.982,200,119470,200,232544,ok (127 matched features),"3 s ago (node 2434), 294 so far",
360,2026-09-27 07:58:25 EDT,1790510305.983,200,119484,200,234165,ok (159 matched features),"1 s ago (node 2438), 295 so far",
361,2026-09-27 07:58:28 EDT,1790510308.985,200,119447,200,234560,ok (141 matched features),"1 s ago (node 2441), 297 so far",
362,2026-09-27 07:58:31 EDT,1790510311.985,200,119329,200,236074,ok (152 matched features),"2 s ago (node 2443), 298 so far",
363,2026-09-27 07:58:34 EDT,1790510314.986,200,119312,200,236688,ok (153 matched features),"5 s ago (node 2443), 298 so far",
364,2026-09-27 07:58:37 EDT,1790510317.986,200,119277,200,237170,ok (145 matched features),"8 s ago (node 2443), 298 so far",
365,2026-09-27 07:58:40 EDT,1790510320.988,200,119275,200,240760,ok (126 matched features),"11 s ago (node 2443), 298 so far",
366,2026-09-27 07:58:43 EDT,1790510323.989,200,119312,200,243499,ok (153 matched features),"14 s ago (node 2443), 298 so far",
367,2026-09-27 07:58:46 EDT,1790510326.990,200,119447,200,244635,ok (136 matched features),"17 s ago (node 2443), 298 so far",
368,2026-09-27 07:58:49 EDT,1790510329.990,200,119466,200,244950,ok (170 matched features),"20 s ago (node 2443), 298 so far",
369,2026-09-27 07:58:52 EDT,1790510332.990,200,119508,200,245168,ok (157 matched features),"23 s ago (node 2443), 298 so far",
370,2026-09-27 07:58:55 EDT,1790510335.991,200,119468,200,246197,ok (129 matched features),"26 s ago (node 2443), 298 so far",
371,2026-09-27 07:58:58 EDT,1790510338.992,200,119470,200,246240,ok (113 matched features),"29 s ago (node 2443), 298 so far",
372,2026-09-27 07:59:01 EDT,1790510341.993,200,119431,200,245656,ok (132 matched features),"32 s ago (node 2443), 298 so far",
373,2026-09-27 07:59:04 EDT,1790510344.993,200,119270,200,245335,ok (158 matched features),"35 s ago (node 2443), 298 so far",
374,2026-09-27 07:59:07 EDT,1790510347.994,200,119273,200,244759,ok (135 matched features),"38 s ago (node 2443), 298 so far",
375,2026-09-27 07:59:10 EDT,1790510350.995,200,119275,200,245485,ok (139 matched features),"41 s ago (node 2443), 298 so far",
376,2026-09-27 07:59:13 EDT,1790510353.996,200,119308,200,245802,ok (108 matched features),"44 s ago (node 2443), 298 so far",
377,2026-09-27 07:59:16 EDT,1790510356.996,200,119313,200,246604,ok (141 matched features),"0 s ago (node 2489), 301 so far",
378,2026-09-27 07:59:19 EDT,1790510359.996,200,119273,200,247481,ok (130 matched features),"0 s ago (node 2492), 304 so far",
379,2026-09-27 07:59:22 EDT,1790510362.996,200,119269,200,248723,ok (138 matched features),"0 s ago (node 2496), 308 so far",
380,2026-09-27 07:59:25 EDT,1790510365.997,200,119271,200,249331,ok (139 matched features),"0 s ago (node 2498), 310 so far",
381,2026-09-27 07:59:28 EDT,1790510368.997,200,119272,200,249789,ok (93 matched features),"0 s ago (node 2501), 313 so far",
382,2026-09-27 07:59:31 EDT,1790510371.997,200,119273,200,250875,ok (156 matched features),"0 s ago (node 2504), 316 so far",
383,2026-09-27 07:59:34 EDT,1790510374.998,200,119268,200,252702,ok (140 matched features),"0 s ago (node 2507), 319 so far",
384,2026-09-27 07:59:37 EDT,1790510377.999,200,119308,200,254069,ok (121 matched features),"3 s ago (node 2508), 320 so far",
385,2026-09-27 07:59:40 EDT,1790510380.999,200,119311,200,255021,ok (112 matched features),"0 s ago (node 2513), 322 so far",
386,2026-09-27 07:59:43 EDT,1790510383.999,200,119312,0,0,ok (172 matched features),"0 s ago (node 2519), 328 so far",
387,2026-09-27 07:59:48 EDT,1790510388.085,200,119307,503,0,ok (122 matched features),"1 s ago (node 2521), 330 so far",
388,2026-09-27 07:59:51 EDT,1790510391.085,200,119305,503,0,ok (147 matched features),"1 s ago (node 2523), 332 so far",
389,2026-09-27 07:59:54 EDT,1790510394.085,200,119269,503,0,ok (117 matched features),"2 s ago (node 2525), 334 so far",
390,2026-09-27 07:59:57 EDT,1790510397.086,200,119284,503,0,ok (130 matched features),"2 s ago (node 2527), 335 so far",
391,2026-09-27 08:00:00 EDT,1790510400.087,200,119293,503,0,ok (133 matched features),"5 s ago (node 2527), 335 so far",
392,2026-09-27 08:00:03 EDT,1790510403.087,200,119296,503,0,ok (140 matched features),"8 s ago (node 2527), 335 so far",
393,2026-09-27 08:00:06 EDT,1790510406.088,200,119296,503,0,ok (119 matched features),"11 s ago (node 2527), 335 so far",
394,2026-09-27 08:00:09 EDT,1790510409.088,200,119296,200,258186,ok (132 matched features),"13 s ago (node 2527), 335 so far",
395,2026-09-27 08:00:12 EDT,1790510412.089,200,119296,200,258185,ok (123 matched features),"16 s ago (node 2527), 335 so far",
396,2026-09-27 08:00:15 EDT,1790510415.090,200,119293,200,258034,ok (109 matched features),"19 s ago (node 2527), 335 so far",
397,2026-09-27 08:00:18 EDT,1790510418.091,200,119299,200,258422,ok (105 matched features),"22 s ago (node 2527), 335 so far",
398,2026-09-27 08:00:21 EDT,1790510421.092,200,119294,200,258257,ok (144 matched features),"25 s ago (node 2527), 335 so far",
399,2026-09-27 08:00:24 EDT,1790510424.092,200,119377,200,259525,ok (61 matched features),"2 s ago (node 2553), 336 so far",
400,2026-09-27 08:00:27 EDT,1790510427.093,200,119464,200,260241,ok (146 matched features),"1 s ago (node 2557), 338 so far",
401,2026-09-27 08:00:30 EDT,1790510430.098,200,119433,200,261244,ok (132 matched features),"4 s ago (node 2557), 338 so far",
402,2026-09-27 08:00:33 EDT,1790510433.099,200,119450,200,262160,ok (95 matched features),"1 s ago (node 2563), 340 so far",
403,2026-09-27 08:00:36 EDT,1790510436.099,200,119445,200,263343,ok (100 matched features),"1 s ago (node 2566), 343 so far",
404,2026-09-27 08:00:39 EDT,1790510439.099,200,119483,200,263449,ok (90 matched features),"0 s ago (node 2569), 346 so far",
405,2026-09-27 08:00:42 EDT,1790510442.101,200,119476,200,263890,ok (79 matched features),"0 s ago (node 2572), 348 so far",
406,2026-09-27 08:00:45 EDT,1790510445.101,200,119476,200,264406,ok (62 matched features),"0 s ago (node 2575), 351 so far",
407,2026-09-27 08:00:48 EDT,1790510448.102,200,119479,200,264761,ok (64 matched features),"0 s ago (node 2578), 353 so far",
408,2026-09-27 08:00:51 EDT,1790510451.102,200,119455,200,265725,ok (92 matched features),"0 s ago (node 2581), 356 so far",
409,2026-09-27 08:00:54 EDT,1790510454.102,200,119460,200,266501,ok (85 matched features),"0 s ago (node 2584), 359 so far",
410,2026-09-27 08:00:57 EDT,1790510457.102,200,119455,200,267404,ok (126 matched features),"0 s ago (node 2587), 362 so far",
411,2026-09-27 08:01:00 EDT,1790510460.103,200,119441,200,268193,ok (138 matched features),"0 s ago (node 2590), 365 so far",
412,2026-09-27 08:01:03 EDT,1790510463.104,200,119438,503,0,ok (162 matched features),"1 s ago (node 2595), 370 so far",
413,2026-09-27 08:01:06 EDT,1790510466.207,200,119436,200,270792,ok (136 matched features),"0 s ago (node 2596), 371 so far",
414,2026-09-27 08:01:09 EDT,1790510469.208,200,119420,200,273408,ok (152 matched features),"1 s ago (node 2598), 373 so far",
415,2026-09-27 08:01:12 EDT,1790510472.208,200,119354,200,273263,ok (114 matched features),"1 s ago (node 2601), 376 so far",
416,2026-09-27 08:01:15 EDT,1790510475.209,200,119337,200,275205,ok (108 matched features),"1 s ago (node 2604), 379 so far",
417,2026-09-27 08:01:18 EDT,1790510478.209,200,119302,200,275751,ok (138 matched features),"0 s ago (node 2607), 382 so far",
418,2026-09-27 08:01:21 EDT,1790510481.210,200,119296,200,275624,ok (129 matched features),"0 s ago (node 2611), 383 so far",
419,2026-09-27 08:01:24 EDT,1790510484.212,200,119306,200,275688,ok (130 matched features),"1 s ago (node 2612), 384 so far",
420,2026-09-27 08:01:27 EDT,1790510487.212,200,119472,200,275244,ok (140 matched features),"2 s ago (node 2614), 386 so far",
421,2026-09-27 08:01:30 EDT,1790510490.212,200,119469,200,275475,ok (148 matched features),"1 s ago (node 2618), 388 so far",
422,2026-09-27 08:01:33 EDT,1790510493.213,200,119495,200,276080,ok (135 matched features),"1 s ago (node 2621), 389 so far",
423,2026-09-27 08:01:36 EDT,1790510496.213,200,119474,200,276290,ok (141 matched features),"1 s ago (node 2624), 392 so far",
424,2026-09-27 08:01:39 EDT,1790510499.214,200,119471,200,276500,ok (151 matched features),"0 s ago (node 2628), 394 so far",
425,2026-09-27 08:01:42 EDT,1790510502.214,200,119498,200,276638,ok (132 matched features),"1 s ago (node 2630), 396 so far",
426,2026-09-27 08:01:45 EDT,1790510505.215,200,119486,200,276831,ok (138 matched features),"2 s ago (node 2632), 397 so far",
427,2026-09-27 08:01:48 EDT,1790510508.216,200,119486,200,277040,ok (141 matched features),"2 s ago (node 2635), 398 so far",
428,2026-09-27 08:01:51 EDT,1790510511.217,200,119521,200,277254,ok (144 matched features),"5 s ago (node 2635), 398 so far",
429,2026-09-27 08:01:54 EDT,1790510514.218,200,119495,200,277499,ok (132 matched features),"8 s ago (node 2635), 398 so far",
430,2026-09-27 08:01:57 EDT,1790510517.218,200,119497,200,277524,ok (79 matched features),"11 s ago (node 2635), 398 so far",
431,2026-09-27 08:02:00 EDT,1790510520.219,200,119516,200,278039,ok (120 matched features),"14 s ago (node 2635), 398 so far",
432,2026-09-27 08:02:03 EDT,1790510523.220,200,119474,200,278251,ok (129 matched features),"17 s ago (node 2635), 398 so far",
433,2026-09-27 08:02:06 EDT,1790510526.221,200,119474,200,278345,ok (99 matched features),"20 s ago (node 2635), 398 so far",
434,2026-09-27 08:02:09 EDT,1790510529.221,200,119474,200,278776,ok (80 matched features),"23 s ago (node 2635), 398 so far",
435,2026-09-27 08:02:12 EDT,1790510532.221,200,119467,200,279746,ok (40 matched features),"26 s ago (node 2635), 398 so far",
436,2026-09-27 08:02:15 EDT,1790510535.221,200,119472,200,280389,ok (56 matched features),"29 s ago (node 2635), 398 so far",
437,2026-09-27 08:02:18 EDT,1790510538.222,200,119495,200,280601,LOST for 1 s,"32 s ago (node 2635), 398 so far",
438,2026-09-27 08:02:21 EDT,1790510541.223,200,119495,200,280496,LOST for 0 s,"35 s ago (node 2635), 398 so far",
439,2026-09-27 08:02:24 EDT,1790510544.223,200,119524,200,280862,ok (28 matched features),"38 s ago (node 2635), 398 so far",
440,2026-09-27 08:02:27 EDT,1790510547.225,200,119378,200,281399,ok (98 matched features),"41 s ago (node 2635), 398 so far",
441,2026-09-27 08:02:30 EDT,1790510550.226,200,119304,200,281655,ok (151 matched features),"0 s ago (node 2677), 399 so far",
442,2026-09-27 08:02:33 EDT,1790510553.231,200,119320,200,281623,ok (140 matched features),"3 s ago (node 2677), 399 so far",
443,2026-09-27 08:02:36 EDT,1790510556.232,200,119303,200,282291,ok (141 matched features),"0 s ago (node 2683), 401 so far",
444,2026-09-27 08:02:39 EDT,1790510559.233,200,119315,200,283308,ok (172 matched features),"0 s ago (node 2686), 404 so far",
445,2026-09-27 08:02:42 EDT,1790510562.233,200,119309,200,283857,ok (173 matched features),"0 s ago (node 2689), 407 so far",
446,2026-09-27 08:02:45 EDT,1790510565.234,200,119308,200,284255,ok (152 matched features),"0 s ago (node 2692), 410 so far",
447,2026-09-27 08:02:48 EDT,1790510568.234,200,119307,200,284950,ok (139 matched features),"0 s ago (node 2695), 413 so far",
448,2026-09-27 08:02:51 EDT,1790510571.235,200,119305,200,285628,ok (125 matched features),"1 s ago (node 2697), 415 so far",
449,2026-09-27 08:02:54 EDT,1790510574.235,200,119306,200,286182,ok (119 matched features),"0 s ago (node 2701), 419 so far",
450,2026-09-27 08:02:57 EDT,1790510577.236,200,119309,200,286869,ok (138 matched features),"1 s ago (node 2704), 422 so far",
451,2026-09-27 08:03:00 EDT,1790510580.237,200,119310,200,286860,ok (152 matched features),"2 s ago (node 2706), 424 so far",
452,2026-09-27 08:03:03 EDT,1790510583.238,200,119305,200,287496,ok (148 matched features),"1 s ago (node 2709), 426 so far",
453,2026-09-27 08:03:06 EDT,1790510586.238,200,119306,200,288573,ok (120 matched features),"4 s ago (node 2709), 426 so far",
454,2026-09-27 08:03:09 EDT,1790510589.238,200,119310,200,289556,ok (150 matched features),"7 s ago (node 2709), 426 so far",
455,2026-09-27 08:03:12 EDT,1790510592.239,200,119307,503,0,ok (118 matched features),"1 s ago (node 2720), 431 so far",
456,2026-09-27 08:03:16 EDT,1790510596.208,200,119307,503,0,ok (128 matched features),"3 s ago (node 2720), 431 so far",
457,2026-09-27 08:03:19 EDT,1790510599.209,200,119306,503,0,ok (162 matched features),"1 s ago (node 2725), 434 so far",
458,2026-09-27 08:03:22 EDT,1790510602.210,200,119306,503,0,ok (153 matched features),"4 s ago (node 2725), 434 so far",
459,2026-09-27 08:03:25 EDT,1790510605.211,200,119306,503,0,ok (153 matched features),"7 s ago (node 2725), 434 so far",
460,2026-09-27 08:03:28 EDT,1790510608.211,200,119306,503,0,ok (162 matched features),"8 s ago (node 2725), 434 so far",
461,2026-09-27 08:03:31 EDT,1790510611.212,200,119306,200,292295,ok (155 matched features),"11 s ago (node 2725), 434 so far",
462,2026-09-27 08:03:34 EDT,1790510614.212,200,119306,200,292286,ok (155 matched features),"14 s ago (node 2725), 434 so far",
463,2026-09-27 08:03:37 EDT,1790510617.213,200,119306,200,292269,ok (143 matched features),"17 s ago (node 2725), 434 so far",
464,2026-09-27 08:03:40 EDT,1790510620.213,200,119398,200,293175,ok (107 matched features),"20 s ago (node 2725), 434 so far",
465,2026-09-27 08:03:43 EDT,1790510623.214,200,119459,200,293693,ok (151 matched features),"3 s ago (node 2745), 435 so far",
466,2026-09-27 08:03:46 EDT,1790510626.214,200,119432,200,295347,ok (135 matched features),"1 s ago (node 2750), 436 so far",
467,2026-09-27 08:03:49 EDT,1790510629.215,200,119459,200,296602,ok (133 matched features),"1 s ago (node 2753), 439 so far",
468,2026-09-27 08:03:52 EDT,1790510632.216,200,119443,200,298845,ok (124 matched features),"1 s ago (node 2757), 443 so far",
469,2026-09-27 08:03:55 EDT,1790510635.217,200,119465,200,299464,ok (143 matched features),"1 s ago (node 2759), 445 so far",
470,2026-09-27 08:03:58 EDT,1790510638.218,200,119470,200,300126,ok (131 matched features),"2 s ago (node 2761), 447 so far",
471,2026-09-27 08:04:01 EDT,1790510641.219,200,119468,200,300855,ok (115 matched features),"0 s ago (node 2765), 448 so far",
472,2026-09-27 08:04:04 EDT,1790510644.219,200,119452,200,301985,ok (120 matched features),"1 s ago (node 2767), 449 so far",
473,2026-09-27 08:04:07 EDT,1790510647.220,200,119459,200,302628,ok (134 matched features),"3 s ago (node 2769), 450 so far",
474,2026-09-27 08:04:10 EDT,1790510650.220,200,119456,200,303293,ok (162 matched features),"1 s ago (node 2773), 451 so far",
475,2026-09-27 08:04:13 EDT,1790510653.220,200,119446,200,303969,ok (193 matched features),"2 s ago (node 2775), 452 so far",
476,2026-09-27 08:04:16 EDT,1790510656.221,200,119444,200,304291,ok (266 matched features),"0 s ago (node 2780), 454 so far",
477,2026-09-27 08:04:19 EDT,1790510659.222,200,119459,200,304809,ok (211 matched features),"0 s ago (node 2783), 457 so far",
478,2026-09-27 08:04:22 EDT,1790510662.223,200,119441,200,306397,ok (162 matched features),"0 s ago (node 2786), 460 so far",
479,2026-09-27 08:04:25 EDT,1790510665.224,200,119433,200,306659,ok (202 matched features),"0 s ago (node 2790), 464 so far",
480,2026-09-27 08:04:28 EDT,1790510668.225,200,119434,503,0,ok (173 matched features),"0 s ago (node 2793), 466 so far",
481,2026-09-27 08:04:31 EDT,1790510671.226,200,119442,503,0,ok (160 matched features),"0 s ago (node 2796), 469 so far",
482,2026-09-27 08:04:34 EDT,1790510674.227,200,119471,200,309303,ok (167 matched features),"2 s ago (node 2796), 469 so far",
483,2026-09-27 08:04:37 EDT,1790510677.227,200,119468,503,0,ok (116 matched features),"1 s ago (node 2801), 473 so far",
484,2026-09-27 08:04:40 EDT,1790510680.228,200,119468,503,0,ok (131 matched features),"1 s ago (node 2803), 475 so far",
485,2026-09-27 08:04:43 EDT,1790510683.228,200,119488,200,313167,ok (161 matched features),"1 s ago (node 2806), 477 so far",
486,2026-09-27 08:04:46 EDT,1790510686.229,200,119497,200,313733,ok (159 matched features),"0 s ago (node 2809), 480 so far",
487,2026-09-27 08:04:49 EDT,1790510689.230,200,119498,200,314472,ok (152 matched features),"0 s ago (node 2812), 483 so far",
488,2026-09-27 08:04:52 EDT,1790510692.231,200,119497,200,315772,ok (172 matched features),"0 s ago (node 2815), 486 so far",
489,2026-09-27 08:04:55 EDT,1790510695.231,200,119459,200,318448,ok (53 matched features),"0 s ago (node 2818), 487 so far",
490,2026-09-27 08:04:58 EDT,1790510698.232,200,119425,200,320610,LOST for 0 s,"3 s ago (node 2818), 487 so far",
491,2026-09-27 08:05:01 EDT,1790510701.234,200,119526,200,320752,ok (177 matched features),"1 s ago (node 2823), 489 so far",
492,2026-09-27 08:05:04 EDT,1790510704.234,200,119526,200,320731,ok (175 matched features),"4 s ago (node 2823), 489 so far",
493,2026-09-27 08:05:07 EDT,1790510707.234,200,119521,200,320688,ok (151 matched features),"1 s ago (node 2829), 492 so far",
494,2026-09-27 08:05:10 EDT,1790510710.235,200,119550,200,320599,ok (161 matched features),"1 s ago (node 2832), 495 so far",
495,2026-09-27 08:05:13 EDT,1790510713.236,200,119495,200,320679,ok (154 matched features),"1 s ago (node 2835), 498 so far",
496,2026-09-27 08:05:16 EDT,1790510716.236,200,119498,200,321096,ok (146 matched features),"1 s ago (node 2838), 501 so far",
497,2026-09-27 08:05:19 EDT,1790510719.240,200,119494,200,321351,ok (152 matched features),"0 s ago (node 2841), 504 so far",
498,2026-09-27 08:05:22 EDT,1790510722.241,200,119485,200,321735,ok (166 matched features),"0 s ago (node 2844), 507 so far",
499,2026-09-27 08:05:25 EDT,1790510725.242,200,119468,200,321931,ok (150 matched features),"0 s ago (node 2847), 510 so far",
500,2026-09-27 08:05:28 EDT,1790510728.243,200,119481,200,321847,ok (143 matched features),"0 s ago (node 2850), 513 so far",
501,2026-09-27 08:05:31 EDT,1790510731.244,200,119463,200,321415,ok (142 matched features),"0 s ago (node 2853), 516 so far",
502,2026-09-27 08:05:34 EDT,1790510734.244,200,119372,200,321049,ok (141 matched features),"0 s ago (node 2856), 519 so far",
503,2026-09-27 08:05:37 EDT,1790510737.245,200,119272,200,320637,ok (201 matched features),"1 s ago (node 2858), 521 so far",
504,2026-09-27 08:05:40 EDT,1790510740.245,200,119267,200,320616,ok (143 matched features),"3 s ago (node 2859), 522 so far",
505,2026-09-27 08:05:43 EDT,1790510743.246,200,119266,200,321080,ok (118 matched features),"1 s ago (node 2864), 524 so far",
506,2026-09-27 08:05:46 EDT,1790510746.247,200,119271,200,321144,ok (144 matched features),"0 s ago (node 2867), 527 so far",
507,2026-09-27 08:05:49 EDT,1790510749.248,200,119272,200,321065,ok (117 matched features),"0 s ago (node 2870), 530 so far",
508,2026-09-27 08:05:52 EDT,1790510752.248,200,119269,200,321108,ok (116 matched features),"0 s ago (node 2873), 533 so far",
509,2026-09-27 08:05:55 EDT,1790510755.249,200,119262,200,321270,ok (129 matched features),"0 s ago (node 2876), 536 so far",
510,2026-09-27 08:05:58 EDT,1790510758.249,200,119268,200,321769,ok (114 matched features),"1 s ago (node 2878), 538 so far",
511,2026-09-27 08:06:01 EDT,1790510761.250,200,119272,200,321954,ok (107 matched features),"1 s ago (node 2881), 541 so far",
512,2026-09-27 08:06:04 EDT,1790510764.251,200,119303,200,322092,ok (117 matched features),"1 s ago (node 2884), 544 so far",
513,2026-09-27 08:06:07 EDT,1790510767.251,200,119301,200,322255,ok (119 matched features),"0 s ago (node 2887), 547 so far",
514,2026-09-27 08:06:10 EDT,1790510770.253,200,119301,200,322398,ok (137 matched features),"1 s ago (node 2890), 550 so far",
515,2026-09-27 08:06:13 EDT,1790510773.254,200,119308,200,323057,ok (144 matched features),"1 s ago (node 2893), 553 so far",
516,2026-09-27 08:06:16 EDT,1790510776.254,200,119306,200,326845,ok (162 matched features),"1 s ago (node 2896), 556 so far",
517,2026-09-27 08:06:19 EDT,1790510779.255,200,119309,200,327813,ok (237 matched features),"3 s ago (node 2898), 558 so far",
518,2026-09-27 08:06:22 EDT,1790510782.255,200,119378,200,328729,ok (38 matched features),"5 s ago (node 2898), 558 so far",
519,2026-09-27 08:06:25 EDT,1790510785.256,200,119474,200,330865,ok (63 matched features),"1 s ago (node 2905), 560 so far",
520,2026-09-27 08:06:28 EDT,1790510788.256,200,119310,200,332222,ok (113 matched features),"0 s ago (node 2908), 561 so far",
521,2026-09-27 08:06:31 EDT,1790510791.256,200,119309,200,333277,ok (155 matched features),"2 s ago (node 2909), 562 so far",
522,2026-09-27 08:06:34 EDT,1790510794.256,200,119306,200,333547,ok (108 matched features),"5 s ago (node 2909), 562 so far",
523,2026-09-27 08:06:37 EDT,1790510797.256,200,119308,200,333660,ok (122 matched features),"1 s ago (node 2916), 565 so far",
524,2026-09-27 08:06:40 EDT,1790510800.257,200,119311,200,333524,ok (118 matched features),"2 s ago (node 2918), 567 so far",
525,2026-09-27 08:06:43 EDT,1790510803.257,200,119307,200,333474,ok (119 matched features),"1 s ago (node 2922), 570 so far",
526,2026-09-27 08:06:46 EDT,1790510806.257,200,119306,200,333141,ok (141 matched features),"1 s ago (node 2925), 573 so far",
527,2026-09-27 08:06:49 EDT,1790510809.258,200,119305,200,333021,ok (168 matched features),"0 s ago (node 2928), 576 so far",
528,2026-09-27 08:06:52 EDT,1790510812.259,200,119306,200,333076,ok (161 matched features),"3 s ago (node 2928), 576 so far",
529,2026-09-27 08:06:55 EDT,1790510815.260,200,119305,200,332970,ok (166 matched features),"6 s ago (node 2928), 576 so far",
530,2026-09-27 08:06:58 EDT,1790510818.260,200,119305,200,333007,ok (170 matched features),"9 s ago (node 2928), 576 so far",
531,2026-09-27 08:07:01 EDT,1790510821.261,200,119306,200,333040,ok (152 matched features),"12 s ago (node 2928), 576 so far",
532,2026-09-27 08:07:04 EDT,1790510824.262,200,119306,200,333060,ok (154 matched features),"15 s ago (node 2928), 576 so far",
533,2026-09-27 08:07:07 EDT,1790510827.263,200,119306,200,333012,ok (152 matched features),"18 s ago (node 2928), 576 so far",
534,2026-09-27 08:07:10 EDT,1790510830.264,200,119306,200,332904,ok (164 matched features),"21 s ago (node 2928), 576 so far",
535,2026-09-27 08:07:13 EDT,1790510833.264,200,119306,200,332880,ok (147 matched features),"24 s ago (node 2928), 576 so far",
536,2026-09-27 08:07:16 EDT,1790510836.265,200,119306,200,332816,ok (137 matched features),"27 s ago (node 2928), 576 so far",
537,2026-09-27 08:07:19 EDT,1790510839.266,200,119306,200,332834,ok (162 matched features),"30 s ago (node 2928), 576 so far",
538,2026-09-27 08:07:22 EDT,1790510842.267,200,119306,200,332808,ok (163 matched features),"33 s ago (node 2928), 576 so far",
539,2026-09-27 08:07:25 EDT,1790510845.268,200,119306,200,332802,ok (148 matched features),"36 s ago (node 2928), 576 so far",
540,2026-09-27 08:07:28 EDT,1790510848.269,200,119306,200,332769,ok (147 matched features),"39 s ago (node 2928), 576 so far",
541,2026-09-27 08:07:31 EDT,1790510851.270,200,119306,200,332680,ok (152 matched features),"42 s ago (node 2928), 576 so far",
542,2026-09-27 08:07:34 EDT,1790510854.270,200,119306,200,332670,ok (137 matched features),"45 s ago (node 2928), 576 so far",
543,2026-09-27 08:07:37 EDT,1790510857.272,200,119306,200,332688,ok (151 matched features),"48 s ago (node 2928), 576 so far",
544,2026-09-27 08:07:40 EDT,1790510860.274,200,119306,200,332648,ok (145 matched features),"51 s ago (node 2928), 576 so far",
545,2026-09-27 08:07:43 EDT,1790510863.276,200,119306,200,332644,ok (160 matched features),"54 s ago (node 2928), 576 so far",
546,2026-09-27 08:07:46 EDT,1790510866.277,200,119306,200,332635,ok (156 matched features),"57 s ago (node 2928), 576 so far",
547,2026-09-27 08:07:49 EDT,1790510869.277,200,119306,200,332623,ok (154 matched features),"60 s ago (node 2928), 576 so far",
548,2026-09-27 08:07:52 EDT,1790510872.278,200,119306,200,332603,ok (150 matched features),"63 s ago (node 2928), 576 so far",
549,2026-09-27 08:07:55 EDT,1790510875.278,200,119306,200,332569,ok (154 matched features),"66 s ago (node 2928), 576 so far",
550,2026-09-27 08:07:58 EDT,1790510878.279,200,119444,200,332553,NO DATA for 5 s - the odometry node may have stopped,"69 s ago (node 2928), 576 so far",
551,2026-09-27 08:08:01 EDT,1790510881.279,200,119444,200,332495,NO DATA for 8 s - the odometry node may have stopped,"72 s ago (node 2928), 576 so far",
552,2026-09-27 08:08:04 EDT,1790510884.280,200,119444,200,332493,NO DATA for 11 s - the odometry node may have stopped,"75 s ago (node 2928), 576 so far",
553,2026-09-27 08:08:07 EDT,1790510887.281,200,119444,200,332443,NO DATA for 14 s - the odometry node may have stopped,"78 s ago (node 2928), 576 so far",
554,2026-09-27 08:08:10 EDT,1790510890.282,200,119444,200,332399,NO DATA for 17 s - the odometry node may have stopped,"81 s ago (node 2928), 576 so far",
555,2026-09-27 08:08:13 EDT,1790510893.283,200,119444,200,332390,NO DATA for 20 s - the odometry node may have stopped,"84 s ago (node 2928), 576 so far",
556,2026-09-27 08:08:16 EDT,1790510896.285,200,119444,200,332333,NO DATA for 23 s - the odometry node may have stopped,"87 s ago (node 2928), 576 so far",
557,2026-09-27 08:08:19 EDT,1790510899.286,200,119444,200,332299,NO DATA for 26 s - the odometry node may have stopped,"90 s ago (node 2928), 576 so far",
558,2026-09-27 08:08:22 EDT,1790510902.287,200,119444,200,332322,NO DATA for 29 s - the odometry node may have stopped,"93 s ago (node 2928), 576 so far",
559,2026-09-27 08:08:25 EDT,1790510905.287,200,119444,200,332336,NO DATA for 32 s - the odometry node may have stopped,"96 s ago (node 2928), 576 so far",
560,2026-09-27 08:08:28 EDT,1790510908.289,200,119444,200,332321,NO DATA for 35 s - the odometry node may have stopped,"99 s ago (node 2928), 576 so far",
561,2026-09-27 08:08:31 EDT,1790510911.290,200,119444,200,332271,NO DATA for 38 s - the odometry node may have stopped,"102 s ago (node 2928), 576 so far",
562,2026-09-27 08:08:34 EDT,1790510914.291,200,119444,200,332309,NO DATA for 41 s - the odometry node may have stopped,"105 s ago (node 2928), 576 so far",
563,2026-09-27 08:08:37 EDT,1790510917.292,200,119444,200,332320,NO DATA for 44 s - the odometry node may have stopped,"108 s ago (node 2928), 576 so far",
564,2026-09-27 08:08:40 EDT,1790510920.293,200,119444,200,332322,NO DATA for 47 s - the odometry node may have stopped,"111 s ago (node 2928), 576 so far",
565,2026-09-27 08:08:43 EDT,1790510923.295,200,119444,200,332339,NO DATA for 50 s - the odometry node may have stopped,"114 s ago (node 2928), 576 so far",
566,2026-09-27 08:08:46 EDT,1790510926.296,200,119444,200,332326,NO DATA for 53 s - the odometry node may have stopped,"117 s ago (node 2928), 576 so far",
567,2026-09-27 08:08:49 EDT,1790510929.297,200,119444,503,0,NO DATA for 56 s - the odometry node may have stopped,"120 s ago (node 2928), 576 so far",
568,2026-09-27 08:08:52 EDT,1790510932.298,200,119444,503,0,NO DATA for 59 s - the odometry node may have stopped,"123 s ago (node 2928), 576 so far",
569,2026-09-27 08:08:55 EDT,1790510935.298,200,119444,503,0,NO DATA for 62 s - the odometry node may have stopped,"126 s ago (node 2928), 576 so far",
570,2026-09-27 08:08:58 EDT,1790510938.299,200,119444,503,0,NO DATA for 65 s - the odometry node may have stopped,"129 s ago (node 2928), 576 so far",
571,2026-09-27 08:09:01 EDT,1790510941.300,200,119444,503,0,NO DATA for 68 s - the odometry node may have stopped,"132 s ago (node 2928), 576 so far",
572,2026-09-27 08:09:04 EDT,1790510944.300,200,119444,503,0,NO DATA for 71 s - the odometry node may have stopped,"135 s ago (node 2928), 576 so far",
573,2026-09-27 08:09:07 EDT,1790510947.301,200,119444,503,0,NO DATA for 74 s - the odometry node may have stopped,"138 s ago (node 2928), 576 so far",
574,2026-09-27 08:09:10 EDT,1790510950.302,200,119444,503,0,NO DATA for 77 s - the odometry node may have stopped,"141 s ago (node 2928), 576 so far",
575,2026-09-27 08:09:13 EDT,1790510953.303,200,119444,503,0,NO DATA for 80 s - the odometry node may have stopped,"144 s ago (node 2928), 576 so far",
576,2026-09-27 08:09:16 EDT,1790510956.304,200,119444,503,0,NO DATA for 83 s - the odometry node may have stopped,"147 s ago (node 2928), 576 so far",
577,2026-09-27 08:09:19 EDT,1790510959.304,200,119444,503,0,NO DATA for 86 s - the odometry node may have stopped,"150 s ago (node 2928), 576 so far",
578,2026-09-27 08:09:22 EDT,1790510962.305,200,119444,503,0,NO DATA for 89 s - the odometry node may have stopped,"153 s ago (node 2928), 576 so far",
579,2026-09-27 08:09:25 EDT,1790510965.306,200,119444,503,0,NO DATA for 92 s - the odometry node may have stopped,"156 s ago (node 2928), 576 so far",
580,2026-09-27 08:09:28 EDT,1790510968.307,200,119444,503,0,NO DATA for 95 s - the odometry node may have stopped,"159 s ago (node 2928), 576 so far",
581,2026-09-27 08:09:31 EDT,1790510971.308,200,119444,503,0,NO DATA for 98 s - the odometry node may have stopped,"162 s ago (node 2928), 576 so far",
582,2026-09-27 08:09:34 EDT,1790510974.309,200,119444,503,0,NO DATA for 101 s - the odometry node may have stopped,"165 s ago (node 2928), 576 so far",
583,2026-09-27 08:09:37 EDT,1790510977.309,200,119444,503,0,NO DATA for 104 s - the odometry node may have stopped,"168 s ago (node 2928), 576 so far",
584,2026-09-27 08:09:40 EDT,1790510980.310,200,119444,503,0,NO DATA for 107 s - the odometry node may have stopped,"171 s ago (node 2928), 576 so far",
585,2026-09-27 08:09:43 EDT,1790510983.311,200,119444,503,0,NO DATA for 110 s - the odometry node may have stopped,"174 s ago (node 2928), 576 so far",
586,2026-09-27 08:09:46 EDT,1790510986.312,200,119444,503,0,NO DATA for 113 s - the odometry node may have stopped,"177 s ago (node 2928), 576 so far",
587,2026-09-27 08:09:49 EDT,1790510989.313,200,119444,503,0,NO DATA for 116 s - the odometry node may have stopped,"180 s ago (node 2928), 576 so far",
588,2026-09-27 08:09:52 EDT,1790510992.314,200,119444,503,0,NO DATA for 119 s - the odometry node may have stopped,"183 s ago (node 2928), 576 so far",
589,2026-09-27 08:09:55 EDT,1790510995.315,200,119444,503,0,NO DATA for 122 s - the odometry node may have stopped,"186 s ago (node 2928), 576 so far",
590,2026-09-27 08:09:58 EDT,1790510998.315,200,119444,503,0,NO DATA for 125 s - the odometry node may have stopped,"189 s ago (node 2928), 576 so far",
591,2026-09-27 08:10:01 EDT,1790511001.315,200,119444,503,0,NO DATA for 128 s - the odometry node may have stopped,"192 s ago (node 2928), 576 so far",
