t,gt_x,gt_y,est_x_aligned,est_y_aligned,pos_err,yaw_err,quality,resets,accepted_lc_global,accepted_lc_proximity,accepted_lc,rejected_lc
0.0,,,,,,,-1,0,-1,-1,-1,0
1.1,,,,,,,-1,0,-1,-1,-1,0
2.0,,,,,,,-1,0,-1,-1,-1,0
3.0,,,,,,,-1,0,-1,-1,-1,0
4.0,,,,,,,-1,0,-1,-1,-1,0
5.0,,,,,,,123,0,-1,-1,-1,0
6.0,,,,,,,123,0,-1,-1,-1,0
7.0,,,,,,,123,0,-1,-1,-1,0
8.0,,,,,,,123,0,-1,-1,-1,0
9.0,,,,,,,123,0,-1,-1,-1,0
10.0,,,,,,,119,0,-1,-1,-1,0
11.0,,,,,,,119,0,-1,-1,-1,0
12.0,,,,,,,121,0,-1,-1,-1,0
13.0,,,,,,,121,0,-1,-1,-1,0
14.0,,,,,,,121,0,-1,-1,-1,0
15.0,,,,,,,135,0,-1,-1,-1,0
16.0,,,,,,,135,0,-1,-1,-1,0
17.0,,,,,,,135,0,-1,-1,-1,0
18.0,,,,,,,122,0,-1,-1,-1,0
19.0,,,,,,,122,0,-1,-1,-1,0
20.0,,,,,,,122,0,-1,-1,-1,0
21.0,,,,,,,122,0,-1,-1,-1,0
22.0,,,,,,,120,0,-1,-1,-1,0
23.0,,,,,,,120,0,-1,-1,-1,0
24.0,,,,,,,120,0,-1,-1,-1,0
25.0,,,,,,,120,0,-1,-1,-1,0
26.0,,,,,,,123,0,-1,-1,-1,0
27.0,,,,,,,123,0,-1,-1,-1,0
28.0,,,,,,,123,0,-1,-1,-1,0
29.0,,,,,,,123,0,-1,-1,-1,0
30.0,,,,,,,133,0,-1,-1,-1,0
31.0,,,,,,,133,0,-1,-1,-1,0
32.0,,,,,,,133,0,-1,-1,-1,0
33.0,,,-0.001,-0.000,,,133,0,-1,-1,-1,0
34.0,,,40.000,40.000,,,133,0,0,0,0,0
35.0,,,40.000,40.002,,,120,0,0,0,0,0
36.0,,,40.000,40.002,,,120,0,0,0,0,0
37.0,,,40.000,40.001,,,120,0,0,0,0,0
38.0,,,40.000,40.002,,,120,0,0,0,0,0
39.0,,,0.002,-0.031,,,129,0,1,0,1,0
40.0,,,0.002,-0.031,,,129,0,1,0,1,0
41.0,,,0.002,-0.031,,,129,0,1,0,1,0
42.0,,,0.003,-0.031,,,129,0,1,0,1,0
43.0,,,0.002,-0.031,,,123,0,1,0,1,0
44.0,,,0.001,-0.031,,,123,0,1,0,1,0
45.0,,,0.001,-0.031,,,123,0,1,0,1,0
46.0,,,0.000,-0.031,,,123,0,1,0,1,0
47.0,,,0.001,-0.031,,,146,0,1,0,1,0
48.0,,,0.001,-0.031,,,146,0,1,0,1,0
49.0,,,0.001,-0.031,,,146,0,1,0,1,0
50.0,,,0.001,-0.031,,,146,0,1,0,1,0
51.0,,,0.002,-0.031,,,146,0,1,0,1,0
52.0,,,0.002,-0.031,,,128,0,1,0,1,0
53.0,,,0.002,-0.031,,,128,0,1,0,1,0
54.0,,,0.003,-0.031,,,128,0,1,0,1,0
55.0,,,0.003,-0.031,,,128,0,1,0,1,0
56.0,,,0.004,-0.031,,,128,0,1,0,1,0
57.0,,,0.004,-0.031,,,128,0,1,0,1,0
58.0,,,0.004,-0.031,,,115,0,1,0,1,0
59.0,,,0.004,-0.031,,,115,0,1,0,1,0
60.0,,,0.004,-0.031,,,115,0,1,0,1,0
61.0,,,0.003,-0.031,,,115,0,1,0,1,0
62.0,,,0.004,-0.031,,,115,0,1,0,1,0
63.0,,,0.005,-0.031,,,133,0,1,0,1,0
64.0,,,0.005,-0.031,,,133,0,1,0,1,0
65.0,,,0.004,-0.031,,,133,0,1,0,1,0
66.0,,,0.004,-0.031,,,133,0,1,0,1,0
67.0,,,0.003,-0.031,,,131,0,1,0,1,0
68.0,,,0.004,-0.031,,,131,0,1,0,1,0
69.0,,,0.005,-0.031,,,131,0,1,0,1,0
70.0,,,0.004,-0.031,,,131,0,1,0,1,0
71.0,,,0.005,-0.031,,,131,0,1,0,1,0
72.4,,,0.005,-0.031,,,131,0,1,0,1,0
73.0,,,0.005,-0.031,,,135,0,1,0,1,0
74.0,,,0.004,-0.031,,,135,0,1,0,1,0
75.0,,,0.006,-0.031,,,135,0,1,0,1,0
76.0,,,0.006,-0.031,,,135,0,1,0,1,0
77.0,,,0.005,-0.031,,,135,0,1,0,1,0
78.0,,,0.005,-0.031,,,134,0,1,0,1,0
79.0,,,0.006,-0.031,,,134,0,1,0,1,0
80.0,,,0.007,-0.031,,,134,0,1,0,1,0
81.0,,,0.006,-0.031,,,134,0,1,0,1,0
82.0,,,0.006,-0.031,,,125,0,1,0,1,0
83.0,,,0.007,-0.031,,,125,0,1,0,1,0
84.0,,,0.006,-0.031,,,125,0,1,0,1,0
85.0,,,0.006,-0.031,,,125,0,1,0,1,0
86.0,,,0.005,-0.031,,,118,0,1,0,1,0
87.0,,,0.003,-0.031,,,118,0,1,0,1,0
88.0,,,0.004,-0.031,,,118,0,1,0,1,0
89.0,,,0.003,-0.031,,,118,0,1,0,1,0
90.0,,,0.003,-0.031,,,118,0,1,0,1,0
91.0,,,0.003,-0.031,,,125,0,1,0,1,0
92.0,,,0.002,-0.031,,,125,0,1,0,1,0
93.0,,,0.003,-0.031,,,125,0,1,0,1,0
94.0,,,0.001,-0.031,,,125,0,1,0,1,0
95.0,,,0.001,-0.031,,,122,0,1,0,1,0
96.0,,,-0.000,-0.031,,,122,0,1,0,1,0
97.0,,,0.002,-0.031,,,122,0,1,0,1,0
98.0,,,0.001,-0.031,,,122,0,1,0,1,0
99.0,,,-0.001,-0.031,,,122,0,1,0,1,0
100.0,,,-0.000,-0.031,,,135,0,1,0,1,0
101.0,,,-0.001,-0.031,,,135,0,1,0,1,0
102.0,,,0.000,-0.031,,,135,0,1,0,1,0
103.0,,,0.000,-0.031,,,135,0,1,0,1,0
104.0,,,0.000,-0.031,,,109,0,1,0,1,0
105.0,,,0.001,-0.031,,,109,0,1,0,1,0
110.8,,,0.001,-0.031,,,109,0,1,0,1,0
111.8,,,0.000,-0.031,,,109,0,1,0,1,0
112.8,,,0.000,-0.031,,,134,0,1,0,1,0
113.8,,,0.000,-0.031,,,134,0,1,0,1,0
119.2,,,0.000,-0.031,,,134,0,1,0,1,0
120.2,,,0.000,-0.031,,,136,0,1,0,1,0
121.2,,,0.001,-0.031,,,136,0,1,0,1,0
126.5,,,0.000,-0.031,,,113,0,1,0,1,0
127.5,,,0.000,-0.031,,,113,0,1,0,1,0
128.5,,,-0.000,-0.031,,,113,0,1,0,1,0
133.9,,,0.003,-0.031,,,117,0,1,0,1,0
134.9,,,0.003,-0.031,,,117,0,1,0,1,0
135.9,,,0.003,-0.031,,,117,0,1,0,1,0
141.4,,,0.003,-0.031,,,118,0,1,0,1,0
142.4,,,0.003,-0.031,,,118,0,1,0,1,0
144.4,,,0.005,-0.031,,,118,0,1,0,1,0
156.2,,,0.005,-0.031,,,118,0,1,0,1,0
157.2,,,0.005,-0.031,,,118,0,1,0,1,0
158.2,,,0.005,-0.031,,,118,0,1,0,1,0
164.7,,,0.007,-0.031,,,116,0,1,0,1,0
165.7,,,0.007,-0.031,,,116,0,1,0,1,0
166.7,,,0.007,-0.031,,,109,0,1,0,1,0
167.7,,,0.007,-0.031,,,109,0,1,0,1,0
172.1,,,0.007,-0.031,,,109,0,1,0,1,0
173.1,,,0.006,-0.031,,,107,0,1,0,1,0
174.1,,,0.006,-0.031,,,107,0,1,0,1,0
179.5,,,0.005,-0.031,,,107,0,1,0,1,0
186.9,,,0.005,-0.031,,,107,0,1,0,1,0
186.9,,,0.005,-0.031,,,107,0,1,0,1,0
187.9,,,0.006,-0.031,,,107,0,1,0,1,0
188.9,,,0.005,-0.031,,,119,0,1,0,1,0
194.3,,,0.008,-0.031,,,119,0,1,0,1,0
195.3,,,0.008,-0.031,,,119,0,1,0,1,0
196.3,,,0.009,-0.031,,,105,0,1,0,1,0
201.6,,,0.009,-0.031,,,105,0,1,0,1,0
202.6,,,0.009,-0.031,,,117,0,1,0,1,0
203.6,,,0.009,-0.031,,,117,0,1,0,1,0
208.8,,,0.009,-0.031,,,113,0,1,0,1,0
209.8,,,0.010,-0.032,,,113,0,1,0,1,0
210.8,,,0.009,-0.031,,,113,0,1,0,1,0
216.4,,,0.009,-0.031,,,113,0,1,0,1,0
217.4,,,0.010,-0.032,,,113,0,1,0,1,0
223.8,,,0.010,-0.031,,,106,0,1,0,1,0
224.8,,,0.009,-0.031,,,106,0,1,0,1,0
225.8,,,0.011,-0.032,,,111,0,1,0,1,0
231.4,,,0.012,-0.032,,,111,0,1,0,1,0
232.4,,,0.011,-0.032,,,111,0,1,0,1,0
233.4,,,0.012,-0.032,,,111,0,1,0,1,0
234.4,,,0.012,-0.032,,,114,0,1,0,1,0
235.4,,,0.011,-0.032,,,114,0,1,0,1,0
236.4,,,0.011,-0.000,,,114,0,1,0,1,0
237.4,,,0.011,-0.000,,,114,0,1,0,1,0
238.4,,,0.010,-0.000,,,114,0,1,0,1,0
239.4,,,0.011,-0.000,,,102,0,1,0,1,0
240.4,,,0.011,-0.000,,,102,0,1,0,1,0
241.4,,,0.011,-0.000,,,102,0,1,0,1,0
242.4,,,0.012,-0.000,,,102,0,1,0,1,0
243.4,,,0.012,-0.000,,,102,0,1,0,1,0
244.4,,,0.012,-0.000,,,102,0,1,0,1,0
245.4,,,0.012,-0.000,,,110,0,1,0,1,0
246.4,,,0.012,-0.000,,,110,0,1,0,1,0
247.4,,,0.012,-0.000,,,110,0,1,0,1,0
248.4,,,0.012,-0.000,,,110,0,1,0,1,0
249.4,,,0.011,-0.000,,,110,0,1,0,1,0
250.4,,,0.012,-0.000,,,110,0,1,0,1,0
251.4,,,0.013,-0.000,,,112,0,1,0,1,0
252.4,,,0.014,-0.000,,,112,0,1,0,1,0
253.4,,,0.014,-0.000,,,112,0,1,0,1,0
254.4,,,0.014,-0.000,,,112,0,1,0,1,0
255.4,,,0.014,-0.000,,,112,0,1,0,1,0
256.4,,,0.014,-0.000,,,112,0,1,0,1,0
257.4,,,0.014,-0.000,,,114,0,1,0,1,0
258.4,,,0.014,-0.000,,,114,0,1,0,1,0
259.4,,,0.015,-0.000,,,114,0,1,0,1,0
260.4,,,0.014,-0.000,,,114,0,1,0,1,0
261.4,,,0.015,-0.000,,,114,0,1,0,1,0
262.4,,,0.015,-0.000,,,114,0,1,0,1,0
263.4,,,0.015,-0.000,,,114,0,1,0,1,0
264.4,,,40.000,39.999,,,114,0,1,0,1,0
265.4,,,40.000,39.998,,,106,0,1,0,1,0
266.4,,,40.000,39.999,,,106,0,1,0,1,0
267.4,,,40.000,39.999,,,106,0,1,0,1,0
268.4,,,40.000,39.998,,,106,0,1,0,1,0
269.4,,,40.000,39.998,,,106,0,1,0,1,0
270.4,,,40.000,39.998,,,106,0,1,0,1,0
271.4,,,40.000,39.997,,,113,0,1,0,1,0
272.4,,,40.000,39.997,,,113,0,1,0,1,0
273.4,,,40.000,39.998,,,113,0,1,0,1,0
274.4,,,40.000,39.997,,,113,0,1,0,1,0
275.4,,,40.000,39.998,,,113,0,1,0,1,0
276.4,,,40.000,39.998,,,113,0,1,0,1,0
277.4,,,40.000,39.999,,,110,0,1,0,1,0
278.4,,,40.000,39.998,,,110,0,1,0,1,0
279.4,,,40.000,39.998,,,110,0,1,0,1,0
280.4,,,40.000,39.998,,,110,0,1,0,1,0
281.4,,,40.000,39.999,,,110,0,1,0,1,0
282.4,,,40.000,39.999,,,110,0,1,0,1,0
283.4,,,40.000,39.999,,,116,0,1,0,1,0
284.4,,,40.000,39.999,,,116,0,1,0,1,0
285.4,,,40.000,39.999,,,116,0,1,0,1,0
286.4,,,40.000,39.999,,,116,0,1,0,1,0
287.4,,,40.000,40.000,,,116,0,1,0,1,0
288.4,,,40.000,40.000,,,116,0,1,0,1,0
289.4,,,40.000,40.000,,,116,0,1,0,1,0
290.4,,,40.000,39.999,,,111,0,1,0,1,0
291.4,,,40.000,39.999,,,111,0,1,0,1,0
292.4,,,40.000,39.999,,,111,0,1,0,1,0
293.4,,,40.000,39.999,,,111,0,1,0,1,0
294.4,,,40.000,40.000,,,111,0,1,0,1,0
295.4,,,40.000,39.999,,,111,0,1,0,1,0
296.4,,,40.000,39.999,,,112,0,1,0,1,0
297.4,,,40.000,39.999,,,112,0,1,0,1,0
298.4,,,40.000,40.000,,,112,0,1,0,1,0
302.3,,,40.000,39.998,,,112,0,1,0,1,0
303.3,,,40.000,40.002,,,112,0,1,0,1,0
304.3,,,40.000,40.003,,,112,0,1,0,1,0
305.3,,,40.000,40.002,,,112,0,1,0,1,0
306.3,,,40.000,40.002,,,112,0,1,0,1,0
307.3,,,40.000,40.002,,,110,0,1,0,1,0
308.3,,,40.000,40.002,,,110,0,1,0,1,0
309.3,,,40.000,40.002,,,110,0,1,0,1,0
310.3,,,40.000,40.002,,,110,0,1,0,1,0
311.3,,,40.000,40.002,,,110,0,1,0,1,0
312.3,,,40.000,40.002,,,110,0,1,0,1,0
313.3,,,40.000,40.001,,,110,0,1,0,1,0
314.3,,,40.000,40.001,,,107,0,1,0,1,0
315.3,,,40.000,40.002,,,107,0,1,0,1,0
316.3,,,40.000,40.003,,,107,0,1,0,1,0
317.3,,,40.000,40.002,,,107,0,1,0,1,0
318.3,,,40.000,40.003,,,107,0,1,0,1,0
319.3,,,40.000,40.003,,,107,0,1,0,1,0
320.3,,,40.000,40.003,,,105,0,1,0,1,0
321.3,,,40.000,40.004,,,105,0,1,0,1,0
322.3,,,40.000,40.004,,,105,0,1,0,1,0
323.3,,,40.000,40.004,,,105,0,1,0,1,0
324.3,,,40.000,40.004,,,105,0,1,0,1,0
325.3,,,40.000,40.004,,,105,0,1,0,1,0
326.3,,,40.000,40.004,,,105,0,1,0,1,0
327.3,,,40.000,40.004,,,118,0,1,0,1,0
328.3,,,40.000,40.004,,,118,0,1,0,1,0
329.3,,,40.000,40.004,,,118,0,1,0,1,0
330.3,,,40.000,40.004,,,118,0,1,0,1,0
331.3,,,40.000,40.004,,,118,0,1,0,1,0
332.3,,,40.000,40.004,,,118,0,1,0,1,0
333.3,,,40.000,40.004,,,117,0,1,0,1,0
334.3,,,40.000,40.004,,,117,0,1,0,1,0
335.3,,,40.000,40.004,,,117,0,1,0,1,0
337.9,,,40.000,40.005,,,117,0,1,0,1,0
337.9,,,40.000,40.005,,,117,0,1,0,1,0
338.3,,,40.000,40.005,,,117,0,1,0,1,0
339.3,,,40.000,40.005,,,117,0,1,0,1,0
340.3,,,40.000,40.005,,,112,0,1,0,1,0
341.3,,,40.000,40.007,,,112,0,1,0,1,0
342.3,,,40.000,40.007,,,112,0,1,0,1,0
343.3,,,40.000,40.006,,,112,0,1,0,1,0
344.3,,,40.000,40.006,,,112,0,1,0,1,0
345.3,,,40.000,40.006,,,112,0,1,0,1,0
346.3,,,40.000,40.006,,,114,0,1,0,1,0
347.3,,,40.000,40.006,,,114,0,1,0,1,0
348.3,,,40.000,40.006,,,114,0,1,0,1,0
349.3,,,40.000,40.006,,,114,0,1,0,1,0
350.3,,,40.000,40.007,,,114,0,1,0,1,0
351.3,,,40.000,40.007,,,114,0,1,0,1,0
352.3,,,40.000,40.007,,,114,0,1,0,1,0
353.3,,,40.000,40.006,,,117,0,1,0,1,0
354.3,,,40.000,40.006,,,117,0,1,0,1,0
355.3,,,40.000,40.006,,,117,0,1,0,1,0
356.3,,,40.000,40.005,,,117,0,1,0,1,0
357.3,,,40.000,40.006,,,117,0,1,0,1,0
358.3,,,40.000,40.005,,,117,0,1,0,1,0
359.3,,,40.000,40.006,,,103,0,1,0,1,0
360.3,,,40.000,40.005,,,103,0,1,0,1,0
361.3,,,40.000,40.006,,,103,0,1,0,1,0
362.3,,,40.000,40.006,,,103,0,1,0,1,0
363.3,,,40.000,40.004,,,103,0,1,0,1,0
364.3,,,40.000,40.006,,,103,0,1,0,1,0
365.3,,,40.000,40.006,,,103,0,1,0,1,0
366.3,,,40.000,40.065,,,111,0,1,0,1,0
367.3,,,40.000,40.133,,,111,0,1,0,1,0
368.3,,,40.000,40.202,,,111,0,1,0,1,0
369.3,,,40.000,40.272,,,111,0,1,0,1,0
370.3,,,40.000,40.283,,,111,0,1,0,1,0
371.3,,,40.000,40.284,,,111,0,1,0,1,0
374.0,,,40.000,40.284,,,108,0,1,0,1,0
374.1,,,40.000,40.284,,,108,0,1,0,1,0
374.3,,,40.000,40.284,,,108,0,1,0,1,0
375.3,,,40.000,40.284,,,108,0,1,0,1,0
376.3,,,40.000,40.284,,,108,0,1,0,1,0
377.3,,,40.000,40.284,,,108,0,1,0,1,0
378.3,,,40.000,40.284,,,108,0,1,0,1,0
379.3,,,40.000,40.284,,,108,0,1,0,1,0
380.3,,,40.000,40.285,,,117,0,1,0,1,0
381.3,,,40.000,40.284,,,117,0,1,0,1,0
382.3,,,40.000,40.284,,,117,0,1,0,1,0
383.3,,,40.000,40.284,,,117,0,1,0,1,0
384.3,,,40.000,40.285,,,117,0,1,0,1,0
385.3,,,40.000,40.285,,,117,0,1,0,1,0
386.3,,,40.000,40.285,,,117,0,1,0,1,0
387.3,,,40.000,40.285,,,117,0,1,0,1,0
388.3,,,40.000,40.285,,,134,0,1,0,1,0
389.3,,,40.000,40.285,,,134,0,1,0,1,0
390.3,,,40.000,40.284,,,134,0,1,0,1,0
391.3,,,40.000,40.284,,,134,0,1,0,1,0
392.3,,,40.000,40.284,,,134,0,1,0,1,0
393.3,,,40.000,40.284,,,134,0,1,0,1,0
394.3,,,40.000,40.284,,,134,0,1,0,1,0
395.3,,,40.000,40.284,,,114,0,1,0,1,0
396.3,,,40.000,40.284,,,114,0,1,0,1,0
397.3,,,40.000,40.284,,,114,0,1,0,1,0
398.3,,,40.000,40.284,,,114,0,1,0,1,0
399.3,,,40.000,40.284,,,114,0,1,0,1,0
400.3,,,40.000,40.283,,,114,0,1,0,1,0
401.3,,,40.000,40.284,,,114,0,1,0,1,0
402.3,,,40.000,40.284,,,111,0,1,0,1,0
403.3,,,40.000,40.283,,,111,0,1,0,1,0
404.3,,,40.000,40.283,,,111,0,1,0,1,0
405.3,,,40.000,40.283,,,111,0,1,0,1,0
406.3,,,40.000,40.283,,,111,0,1,0,1,0
407.3,,,40.000,40.284,,,111,0,1,0,1,0
408.3,,,40.000,40.284,,,111,0,1,0,1,0
409.3,,,40.000,40.284,,,111,0,1,0,1,0
410.3,,,40.000,40.284,,,124,0,1,0,1,0
411.3,,,40.000,40.283,,,124,0,1,0,1,0
412.3,,,40.000,40.283,,,124,0,1,0,1,0
413.3,,,40.000,40.283,,,124,0,1,0,1,0
414.3,,,40.000,40.283,,,124,0,1,0,1,0
415.3,,,40.000,40.284,,,124,0,1,0,1,0
416.3,,,40.000,40.284,,,124,0,1,0,1,0
417.3,,,40.000,40.283,,,104,0,1,0,1,0
418.3,,,40.000,40.284,,,104,0,1,0,1,0
419.3,,,40.000,40.284,,,104,0,1,0,1,0
420.3,,,40.000,40.284,,,104,0,1,0,1,0
421.3,,,40.000,40.284,,,104,0,1,0,1,0
422.3,,,40.000,40.284,,,104,0,1,0,1,0
423.3,,,40.000,40.285,,,104,0,1,0,1,0
424.3,,,40.000,40.284,,,104,0,1,0,1,0
425.3,,,40.000,40.285,,,112,0,1,0,1,0
426.3,,,40.000,40.285,,,112,0,1,0,1,0
427.3,,,40.000,40.285,,,112,0,1,0,1,0
428.3,,,40.000,40.285,,,112,0,1,0,1,0
429.3,,,40.000,40.285,,,112,0,1,0,1,0
430.3,,,40.000,40.285,,,112,0,1,0,1,0
431.3,,,40.000,40.285,,,112,0,1,0,1,0
432.3,,,40.000,40.285,,,120,0,1,0,1,0
433.3,,,40.000,40.284,,,120,0,1,0,1,0
434.3,,,40.000,40.284,,,120,0,1,0,1,0
435.3,,,40.000,40.284,,,120,0,1,0,1,0
436.3,,,40.000,40.284,,,120,0,1,0,1,0
437.3,,,40.000,40.283,,,120,0,1,0,1,0
438.3,,,40.000,40.283,,,120,0,1,0,1,0
439.3,,,40.000,40.283,,,120,0,1,0,1,0
440.3,,,40.000,40.283,,,124,0,1,0,1,0
441.3,,,40.000,40.280,,,124,0,1,0,1,0
442.3,,,40.000,40.284,,,124,0,1,0,1,0
443.3,,,40.000,40.423,,,124,0,1,0,1,0
444.3,,,39.999,40.596,,,124,0,1,0,1,0
445.3,,,39.999,40.760,,,124,0,1,0,1,0
446.3,,,39.998,40.933,,,124,0,1,0,1,0
447.3,,,39.997,41.101,,,110,0,1,0,1,0
448.3,,,39.996,41.273,,,110,0,1,0,1,0
449.3,,,39.994,41.441,,,110,0,1,0,1,0
450.3,,,39.993,41.612,,,110,0,1,0,1,0
451.3,,,39.991,41.779,,,110,0,1,0,1,0
452.3,,,39.989,41.950,,,110,0,1,0,1,0
453.3,,,39.987,42.119,,,110,0,1,0,1,0
454.3,,,39.984,42.300,,,105,0,1,0,1,0
455.3,,,39.982,42.471,,,105,0,1,0,1,0
456.3,,,39.979,42.652,,,105,0,1,0,1,0
457.3,,,39.976,42.829,,,105,0,1,0,1,0
458.3,,,39.972,43.011,,,105,0,1,0,1,0
459.3,,,39.968,43.188,,,105,0,1,0,1,0
460.3,,,39.965,43.357,,,112,0,1,0,1,0
461.3,,,39.961,43.539,,,112,0,1,0,1,0
462.3,,,39.957,43.712,,,112,0,1,0,1,0
463.3,,,39.952,43.883,,,112,0,1,0,1,0
464.3,,,39.948,44.054,,,120,0,1,0,1,0
465.3,,,39.943,44.235,,,120,0,1,0,1,0
466.3,,,39.939,44.386,,,114,0,1,0,1,0
467.3,,,39.934,44.556,,,114,0,1,0,1,0
468.3,,,39.929,44.730,,,114,0,1,0,1,0
469.3,,,39.923,44.903,,,132,0,1,0,1,0
470.3,,,39.918,45.080,,,132,0,1,0,1,0
471.3,,,39.912,45.254,,,115,0,1,0,1,0
472.3,,,39.906,45.429,,,115,0,1,0,1,0
473.3,,,39.900,45.605,,,103,0,1,0,1,0
474.3,,,39.893,45.775,,,103,0,1,0,1,0
475.3,,,39.886,45.955,,,99,0,1,0,1,0
476.3,,,39.880,46.128,,,99,0,1,0,1,0
477.3,,,39.873,46.302,,,99,0,2,0,2,0
478.3,,,6.268,-0.166,,,93,0,2,0,2,0
479.3,,,6.443,-0.166,,,93,0,2,1,3,0
480.3,,,6.605,-0.165,,,98,0,2,2,4,0
481.3,,,6.782,-0.154,,,98,0,2,3,5,0
482.3,,,6.959,-0.158,,,127,0,2,4,6,0
483.3,,,7.121,-0.160,,,127,0,2,5,7,0
484.3,,,7.264,-0.159,,,127,0,3,6,9,0
485.3,,,7.254,-0.160,,,136,0,4,7,11,0
486.3,,,7.239,-0.160,,,136,0,5,8,13,0
487.3,,,7.239,-0.160,,,136,0,5,8,13,0
488.3,,,7.239,-0.160,,,136,0,5,8,13,0
489.3,,,7.240,-0.160,,,150,0,5,8,13,0
490.3,,,7.245,-0.160,,,150,0,5,8,13,0
491.3,,,7.245,-0.160,,,150,0,5,8,13,0
492.3,,,7.241,-0.160,,,147,0,5,8,13,0
493.3,,,7.242,-0.160,,,147,0,5,8,13,0
494.3,,,7.242,-0.160,,,147,0,5,8,13,0
495.3,,,7.243,-0.160,,,147,0,5,8,13,0
496.3,,,7.242,-0.160,,,150,0,5,8,13,0
497.3,,,7.242,-0.160,,,150,0,5,8,13,0
498.3,,,7.287,-0.160,,,150,0,5,8,13,0
499.3,,,7.451,-0.158,,,126,0,5,8,13,0
500.3,,,7.624,-0.157,,,126,0,6,9,15,0
501.3,,,7.803,-0.144,,,126,0,7,10,17,0
502.3,,,7.964,-0.154,,,107,0,8,11,19,0
503.3,,,8.147,-0.152,,,107,0,8,12,20,0
504.3,,,8.318,-0.149,,,107,0,9,13,22,0
505.3,,,8.481,-0.142,,,112,0,10,14,24,0
506.3,,,8.640,-0.133,,,112,0,11,15,26,0
507.3,,,8.815,-0.134,,,112,0,12,16,28,0
508.3,,,8.987,-0.130,,,112,0,13,17,30,0
509.3,,,9.154,-0.126,,,114,0,13,17,30,0
510.3,,,9.240,-0.116,,,114,0,14,18,32,0
511.3,,,9.237,-0.117,,,114,0,15,20,35,0
512.3,,,9.224,-0.117,,,132,0,15,20,35,0
513.3,,,9.224,-0.117,,,132,0,15,20,35,0
514.3,,,9.224,-0.117,,,132,0,15,20,35,0
515.3,,,9.224,-0.117,,,132,0,15,20,35,0
516.3,,,9.225,-0.117,,,145,0,15,20,35,0
517.3,,,9.225,-0.117,,,145,0,15,20,35,0
518.3,,,9.224,-0.117,,,145,0,15,20,35,0
519.3,,,9.225,-0.117,,,145,0,15,20,35,0
520.3,,,9.225,-0.117,,,135,0,15,20,35,0
521.3,,,9.225,-0.117,,,135,0,15,20,35,0
522.3,,,9.225,-0.117,,,135,0,15,20,35,0
523.3,,,9.225,-0.117,,,135,0,15,20,35,0
524.3,,,9.225,-0.117,,,148,0,15,20,35,0
525.3,,,9.225,-0.117,,,148,0,15,20,35,0
526.3,,,9.225,-0.117,,,148,0,15,20,35,0
527.3,,,9.225,-0.117,,,148,0,15,20,35,0
528.3,,,9.224,-0.117,,,140,0,15,20,35,0
529.3,,,9.224,-0.117,,,140,0,15,20,35,0
530.3,,,9.224,-0.117,,,140,0,15,20,35,0
531.3,,,9.225,-0.117,,,140,0,15,20,35,0
532.3,,,9.224,-0.117,,,149,0,15,20,35,0
533.3,,,9.224,-0.117,,,149,0,15,20,35,0
534.3,,,9.225,-0.117,,,149,0,15,20,35,0
535.3,,,9.224,-0.117,,,149,0,15,20,35,0
536.3,,,9.225,-0.117,,,149,0,15,20,35,0
537.3,,,9.225,-0.117,,,139,0,15,20,35,0
538.3,,,9.224,-0.117,,,139,0,15,20,35,0
539.3,,,9.225,-0.117,,,139,0,15,20,35,0
540.3,,,9.224,-0.117,,,139,0,15,20,35,0
541.3,,,9.224,-0.117,,,135,0,15,20,35,0
542.3,,,9.224,-0.117,,,135,0,15,20,35,0
543.3,,,9.224,-0.117,,,135,0,15,20,35,0
544.3,,,9.224,-0.117,,,135,0,15,20,35,0
545.3,,,9.224,-0.117,,,135,0,15,20,35,0
546.3,,,9.224,-0.117,,,136,0,15,20,35,0
547.3,,,9.224,-0.117,,,136,0,15,20,35,0
548.3,,,9.224,-0.117,,,136,0,15,20,35,0
549.3,,,9.224,-0.117,,,136,0,15,20,35,0
550.3,,,9.224,-0.117,,,145,0,15,20,35,0
551.3,,,9.224,-0.117,,,145,0,15,20,35,0
552.3,,,9.224,-0.117,,,145,0,15,20,35,0
553.3,,,9.224,-0.117,,,145,0,15,20,35,0
554.3,,,9.224,-0.117,,,141,0,15,20,35,0
555.3,,,9.224,-0.117,,,141,0,15,20,35,0
556.3,,,9.223,-0.117,,,141,0,15,20,35,0
557.3,,,9.223,-0.117,,,141,0,15,20,35,0
558.3,,,9.224,-0.117,,,141,0,15,20,35,0
559.3,,,9.224,-0.117,,,140,0,15,20,35,0
560.3,,,9.224,-0.117,,,140,0,15,20,35,0
561.3,,,9.224,-0.117,,,140,0,15,20,35,0
562.3,,,9.224,-0.117,,,140,0,15,20,35,0
563.3,,,9.224,-0.117,,,142,0,15,20,35,0
564.3,,,9.224,-0.117,,,142,0,15,20,35,0
565.3,,,9.224,-0.117,,,142,0,15,20,35,0
566.3,,,9.224,-0.117,,,142,0,15,20,35,0
567.3,,,9.224,-0.117,,,142,0,15,20,35,0
568.3,,,9.224,-0.117,,,148,0,15,20,35,0
569.3,,,9.224,-0.117,,,148,0,15,20,35,0
570.3,,,9.224,-0.117,,,148,0,15,20,35,0
571.3,,,9.224,-0.117,,,148,0,15,20,35,0
572.3,,,9.224,-0.117,,,148,0,15,20,35,0
573.3,,,9.224,-0.117,,,148,0,15,20,35,0
574.3,,,9.225,-0.117,,,148,0,15,20,35,0
575.3,,,9.225,-0.117,,,148,0,15,20,35,0
576.3,,,9.224,-0.117,,,142,0,15,20,35,0
577.3,,,9.225,-0.117,,,142,0,15,20,35,0
578.3,,,9.225,-0.117,,,142,0,15,20,35,0
579.3,,,9.225,-0.117,,,142,0,15,20,35,0
580.3,,,9.225,-0.117,,,142,0,15,20,35,0
581.3,,,9.225,-0.117,,,142,0,15,20,35,0
582.3,,,9.225,-0.117,,,142,0,15,20,35,0
583.3,,,9.225,-0.117,,,142,0,15,20,35,0
584.3,,,9.225,-0.117,,,142,0,15,20,35,0
585.3,,,9.225,-0.117,,,130,0,15,20,35,0
586.3,,,9.224,-0.117,,,130,0,15,20,35,0
587.3,,,9.224,-0.117,,,130,0,15,20,35,0
588.3,,,9.224,-0.117,,,130,0,15,20,35,0
589.3,,,9.224,-0.117,,,130,0,15,20,35,0
590.3,,,9.225,-0.117,,,140,0,15,20,35,0
591.3,,,9.225,-0.117,,,140,0,15,20,35,0
592.3,,,9.224,-0.117,,,140,0,15,20,35,0
593.3,,,9.225,-0.117,,,140,0,15,20,35,0
594.3,,,9.225,-0.117,,,140,0,15,20,35,0
595.3,,,9.225,-0.117,,,140,0,15,20,35,0
596.3,,,9.225,-0.117,,,140,0,15,20,35,0
597.3,,,9.225,-0.117,,,140,0,15,20,35,0
598.3,,,9.224,-0.117,,,140,0,15,20,35,0
599.3,,,9.224,-0.117,,,143,0,15,20,35,0
600.3,,,9.224,-0.117,,,143,0,15,20,35,0
601.3,,,9.224,-0.117,,,143,0,15,20,35,0
602.3,,,9.224,-0.117,,,143,0,15,20,35,0
603.3,,,9.224,-0.117,,,143,0,15,20,35,0
604.3,,,9.224,-0.117,,,141,0,15,20,35,0
605.3,,,9.224,-0.117,,,141,0,15,20,35,0
606.3,,,9.224,-0.117,,,141,0,15,20,35,0
607.3,,,9.224,-0.117,,,141,0,15,20,35,0
608.3,,,9.224,-0.117,,,144,0,15,20,35,0
609.3,,,9.224,-0.117,,,144,0,15,20,35,0
610.3,,,9.224,-0.117,,,144,0,15,20,35,0
611.3,,,9.224,-0.117,,,144,0,15,20,35,0
612.3,,,9.224,-0.117,,,144,0,15,20,35,0
613.3,,,9.224,-0.117,,,134,0,15,20,35,0
614.3,,,9.224,-0.117,,,134,0,15,20,35,0
615.3,,,9.224,-0.117,,,134,0,15,20,35,0
616.3,,,9.224,-0.117,,,134,0,15,20,35,0
617.3,,,9.224,-0.117,,,134,0,15,20,35,0
618.3,,,9.223,-0.117,,,148,0,15,20,35,0
619.3,,,9.224,-0.117,,,148,0,15,20,35,0
620.3,,,9.224,-0.117,,,148,0,15,20,35,0
621.3,,,9.224,-0.117,,,148,0,15,20,35,0
622.3,,,9.224,-0.117,,,143,0,15,20,35,0
623.3,,,9.224,-0.116,,,143,0,15,20,35,0
624.3,,,9.224,-0.116,,,143,0,15,20,35,0
625.3,,,9.224,-0.116,,,143,0,15,20,35,0
626.3,,,9.224,-0.116,,,143,0,15,20,35,0
627.3,,,9.224,-0.116,,,139,0,15,20,35,0
628.3,,,9.225,-0.116,,,139,0,15,20,35,0
629.3,,,9.225,-0.116,,,139,0,15,20,35,0
630.3,,,9.224,-0.116,,,139,0,15,20,35,0
631.3,,,9.224,-0.116,,,139,0,15,20,35,0
632.3,,,9.224,-0.116,,,144,0,15,20,35,0
633.3,,,9.225,-0.116,,,144,0,15,20,35,0
634.3,,,9.224,-0.116,,,144,0,15,20,35,0
635.3,,,9.224,-0.116,,,144,0,15,20,35,0
636.3,,,9.224,-0.116,,,144,0,15,20,35,0
637.3,,,9.223,-0.117,,,144,0,15,20,35,0
638.3,,,9.222,-0.117,,,142,0,15,20,35,0
639.3,,,9.223,-0.117,,,142,0,15,20,35,0
640.3,,,9.223,-0.117,,,142,0,15,20,35,0
641.3,,,9.223,-0.117,,,142,0,15,20,35,0
642.3,,,9.223,-0.117,,,142,0,15,20,35,0
643.3,,,9.223,-0.117,,,142,0,15,20,35,0
644.3,,,9.223,-0.117,,,149,0,15,20,35,0
645.3,,,9.223,-0.117,,,149,0,15,20,35,0
646.3,,,9.223,-0.117,,,149,0,15,20,35,0
647.3,,,9.223,-0.116,,,149,0,15,20,35,0
648.3,,,9.223,-0.116,,,149,0,15,20,35,0
649.3,,,9.223,-0.117,,,149,0,15,20,35,0
650.3,,,9.223,-0.117,,,139,0,15,20,35,0
651.3,,,9.222,-0.117,,,139,0,15,20,35,0
652.3,,,9.222,-0.117,,,139,0,15,20,35,0
653.3,,,9.223,-0.117,,,139,0,15,20,35,0
654.3,,,9.223,-0.117,,,139,0,15,20,35,0
655.3,,,9.223,-0.117,,,139,0,15,20,35,0
656.3,,,9.223,-0.117,,,145,0,15,20,35,0
657.3,,,9.223,-0.117,,,145,0,15,20,35,0
658.3,,,9.223,-0.116,,,145,0,15,20,35,0
659.3,,,9.223,-0.116,,,145,0,15,20,35,0
660.3,,,9.223,-0.116,,,145,0,15,20,35,0
661.3,,,9.223,-0.116,,,145,0,15,20,35,0
662.3,,,9.223,-0.116,,,138,0,15,20,35,0
663.3,,,9.328,-0.114,,,138,0,15,20,35,0
664.3,,,9.548,-0.110,,,138,0,15,20,35,0
665.3,,,9.563,-0.115,,,138,0,15,21,36,0
666.3,,,9.541,-0.115,,,138,0,16,22,38,0
667.3,,,9.541,-0.115,,,121,0,16,22,38,0
668.3,,,9.752,-0.111,,,121,0,16,22,38,0
669.3,,,9.985,-0.104,,,121,0,17,23,40,0
670.3,,,10.175,-0.098,,,121,0,18,24,42,0
671.3,,,10.350,-0.094,,,121,0,19,25,44,0
672.3,,,10.542,-0.087,,,155,0,20,26,46,0
673.3,,,10.732,-0.084,,,155,0,21,27,48,0
674.3,,,10.897,-0.076,,,155,0,22,28,50,0
675.3,,,11.080,-0.069,,,162,0,22,29,51,0
676.3,,,11.257,-0.062,,,162,0,22,30,52,0
677.3,,,11.450,-0.054,,,162,0,22,31,53,0
678.3,,,11.644,-0.052,,,156,0,22,32,54,0
679.3,,,11.869,-0.044,,,156,0,22,33,55,0
680.3,,,12.095,-0.034,,,123,0,22,34,56,0
681.3,,,12.351,-0.025,,,123,0,22,35,57,0
682.3,,,12.577,-0.015,,,130,0,22,35,57,0
683.3,,,12.775,0.014,,,130,0,22,36,58,0
684.3,,,13.010,0.028,,,130,0,22,36,58,0
685.3,,,13.203,0.040,,,130,0,22,36,58,0
686.3,,,13.382,0.042,,,101,0,22,36,58,0
687.3,,,13.597,0.044,,,101,0,22,36,58,0
688.3,,,13.795,0.046,,,101,0,22,36,58,0
689.3,,,13.982,0.047,,,46,0,22,36,58,0
690.3,,,14.213,0.049,,,0,0,22,36,58,0
691.3,,,14.413,0.051,,,0,1,22,36,58,0
692.3,,,14.616,0.053,,,0,2,22,36,58,0
693.3,,,14.786,0.055,,,0,7,22,36,58,0
694.3,,,14.796,0.055,,,0,22,22,36,58,0
695.3,,,14.797,0.055,,,0,31,22,36,58,0
696.3,,,14.814,0.024,,,0,32,22,36,58,0
697.3,,,14.819,0.012,,,0,32,22,36,58,0
698.3,,,14.817,0.009,,,118,32,22,36,58,0
699.3,,,14.817,0.010,,,118,32,22,36,58,0
700.3,,,14.487,-0.238,,,169,32,22,37,59,0
701.3,,,14.487,-0.238,,,169,32,22,37,59,0
702.3,,,14.468,-0.436,,,150,32,22,37,59,0
703.3,,,14.457,-0.608,,,150,32,22,38,60,0
704.3,,,14.472,-0.599,,,130,32,22,38,60,0
705.3,,,14.470,-0.599,,,130,32,22,39,61,0
706.3,,,14.470,-0.595,,,130,32,22,39,61,0
707.3,,,14.470,-0.595,,,150,32,22,39,61,0
708.3,,,14.470,-0.596,,,150,32,22,39,61,0
709.3,,,14.470,-0.594,,,152,32,22,39,61,0
710.3,,,14.470,-0.593,,,152,32,22,39,61,0
711.3,,,14.470,-0.591,,,158,32,22,39,61,0
712.3,,,14.470,-0.592,,,158,32,22,39,61,0
713.3,,,14.470,-0.591,,,148,32,22,39,61,0
714.3,,,14.470,-0.590,,,148,32,22,39,61,0
715.3,,,14.470,-0.591,,,145,32,22,39,61,0
716.3,,,14.470,-0.591,,,145,32,22,39,61,0
717.3,,,14.470,-0.591,,,148,32,22,39,61,0
718.3,,,14.470,-0.589,,,148,32,22,39,61,0
719.3,,,14.470,-0.589,,,148,32,22,39,61,0
720.3,,,14.470,-0.589,,,155,32,22,39,61,0
721.3,,,14.470,-0.589,,,155,32,22,39,61,0
722.3,,,14.470,-0.589,,,147,32,22,39,61,0
723.3,,,14.470,-0.589,,,147,32,22,39,61,0
724.3,,,14.470,-0.591,,,147,32,22,39,61,0
725.3,,,14.470,-0.590,,,156,32,22,39,61,0
726.3,,,14.470,-0.589,,,156,32,22,39,61,0
727.3,,,14.470,-0.589,,,146,32,22,39,61,0
728.3,,,14.470,-0.589,,,146,32,22,39,61,0
729.3,,,14.470,-0.588,,,146,32,22,39,61,0
730.3,,,14.470,-0.588,,,164,32,22,39,61,0
731.3,,,14.470,-0.589,,,164,32,22,39,61,0
732.3,,,14.470,-0.587,,,159,32,22,39,61,0
733.3,,,14.470,-0.588,,,159,32,22,39,61,0
734.3,,,14.470,-0.586,,,159,32,22,39,61,0
735.3,,,14.470,-0.584,,,162,32,22,39,61,0
736.3,,,14.470,-0.585,,,162,32,22,39,61,0
737.3,,,14.470,-0.585,,,162,32,22,39,61,0
738.3,,,14.467,-0.678,,,170,32,22,39,61,0
739.3,,,14.459,-0.879,,,170,32,22,40,62,0
740.3,,,14.454,-1.097,,,170,32,22,40,62,0
741.3,,,14.444,-1.313,,,118,32,22,42,64,0
742.3,,,14.439,-1.529,,,118,32,22,43,65,0
743.3,,,14.434,-1.758,,,114,32,22,44,66,0
744.3,,,14.428,-1.983,,,114,32,22,44,66,0
745.3,,,14.423,-2.188,,,98,32,22,45,67,0
746.3,,,14.418,-2.405,,,98,32,22,45,67,0
747.3,,,14.414,-2.628,,,98,32,22,45,67,0
748.3,,,14.410,-2.864,,,106,32,22,46,68,0
749.3,,,14.408,-3.084,,,106,32,22,46,68,0
750.3,,,14.405,-3.299,,,105,32,22,46,68,0
751.3,,,14.403,-3.534,,,105,32,22,46,68,0
752.3,,,14.404,-3.654,,,65,32,22,47,69,0
753.3,,,14.402,-3.865,,,65,32,22,48,70,0
754.3,,,14.401,-4.065,,,65,32,22,48,70,0
755.3,,,14.400,-4.276,,,85,32,22,49,71,0
756.3,,,14.401,-4.482,,,85,32,22,50,72,0
757.3,,,14.406,-4.669,,,82,32,22,51,73,0
758.3,,,14.405,-4.880,,,82,32,22,52,74,0
759.3,,,14.408,-5.181,,,59,32,22,53,75,0
760.3,,,14.407,-5.443,,,59,32,22,54,76,0
761.3,,,14.411,-5.707,,,66,32,22,55,77,0
762.3,,,14.415,-5.992,,,66,32,22,56,78,0
763.3,,,14.419,-6.264,,,66,32,22,56,78,0
764.3,,,14.423,-6.539,,,81,32,22,56,78,0
765.3,,,14.428,-6.820,,,81,32,22,56,78,0
766.3,,,14.433,-7.102,,,77,32,22,56,78,0
767.3,,,14.438,-7.257,,,77,32,22,57,79,0
768.3,,,14.446,-7.542,,,68,32,22,58,80,0
769.3,,,14.454,-7.827,,,68,32,22,58,80,0
770.3,,,14.455,-8.057,,,82,32,22,59,81,0
771.3,,,14.463,-8.334,,,82,32,22,59,81,0
772.3,,,14.471,-8.608,,,82,32,22,60,82,0
773.3,,,14.481,-8.845,,,84,32,22,61,83,0
774.3,,,14.478,-9.069,,,84,32,22,61,83,0
775.3,,,14.481,-9.335,,,110,32,22,61,83,0
776.3,,,14.485,-9.621,,,110,32,22,61,83,0
777.3,,,14.482,-9.865,,,110,32,22,62,84,0
778.3,,,14.487,-10.179,,,160,32,22,62,84,0
779.3,,,14.494,-10.479,,,160,32,22,63,85,0
780.3,,,14.501,-10.799,,,135,32,22,64,86,0
781.3,,,14.508,-11.107,,,135,32,22,65,87,0
782.3,,,14.515,-11.428,,,127,32,22,66,88,0
783.3,,,14.524,-11.747,,,127,32,22,66,88,0
784.3,,,14.533,-12.043,,,127,32,22,67,89,0
785.5,,,14.543,-12.403,,,150,32,22,67,89,0
786.3,,,14.550,-12.642,,,150,32,22,67,89,0
787.3,,,14.588,-12.911,,,171,32,22,68,90,0
788.3,,,14.607,-13.205,,,171,32,22,69,91,0
789.3,,,14.618,-13.560,,,146,32,22,69,91,0
790.3,,,14.620,-13.858,,,146,32,22,70,92,0
791.3,,,14.638,-14.181,,,149,32,22,71,93,0
792.3,,,14.655,-14.503,,,149,32,22,72,94,0
793.3,,,14.672,-14.819,,,140,32,22,73,95,0
794.3,,,14.679,-14.983,,,140,32,22,74,96,0
795.3,,,14.683,-14.977,,,140,32,22,75,97,0
796.3,,,14.684,-14.970,,,142,32,22,75,97,0
797.3,,,14.686,-14.961,,,142,32,22,75,97,0
798.3,,,14.679,-14.954,,,142,32,22,76,98,0
799.3,,,14.688,-14.939,,,142,32,22,76,98,0
800.3,,,14.691,-14.936,,,94,32,22,76,98,0
801.3,,,14.683,-14.941,,,94,32,22,76,98,0
802.3,,,14.679,-14.941,,,125,32,22,76,98,0
803.3,,,14.662,-14.941,,,125,32,22,76,98,0
804.3,,,14.663,-14.941,,,172,32,22,76,98,0
805.3,,,14.665,-14.941,,,172,32,22,76,98,0
806.3,,,14.666,-14.941,,,159,32,22,76,98,0
807.3,,,14.519,-14.938,,,159,32,22,76,98,0
808.3,,,14.236,-14.931,,,159,32,22,76,98,0
809.3,,,13.950,-14.956,,,143,32,22,77,99,0
810.3,,,13.734,-14.947,,,143,32,22,78,100,0
811.3,,,13.522,-14.944,,,140,32,22,79,101,0
812.3,,,13.307,-14.900,,,140,32,22,80,102,0
813.3,,,13.002,-14.839,,,145,32,22,81,103,0
814.3,,,12.684,-14.774,,,145,32,22,82,104,0
815.3,,,12.370,-14.713,,,148,32,22,83,105,0
816.3,,,12.023,-14.644,,,148,32,22,83,105,0
817.3,,,11.669,-14.574,,,138,32,22,83,105,0
818.3,,,11.350,-14.516,,,138,32,22,84,106,0
819.3,,,11.066,-14.484,,,138,32,22,85,107,0
820.3,,,10.791,-14.472,,,145,32,22,86,108,0
821.3,,,10.477,-14.459,,,145,32,22,86,108,0
822.3,,,10.201,-14.463,,,150,32,22,87,109,0
823.3,,,9.894,-14.456,,,150,32,22,88,110,0
824.3,,,9.578,-14.448,,,162,32,22,88,110,0
825.3,,,9.294,-14.447,,,162,32,22,89,111,0
826.3,,,8.988,-14.445,,,154,32,22,90,112,0
827.3,,,8.666,-14.441,,,154,32,22,91,113,0
828.3,,,8.358,-14.439,,,151,32,22,92,114,0
829.3,,,8.037,-14.436,,,151,32,22,93,115,0
830.3,,,7.690,-14.431,,,151,32,22,94,116,0
831.3,,,7.364,-14.430,,,156,32,22,95,117,0
832.3,,,7.050,-14.426,,,156,32,22,96,118,0
833.3,,,6.722,-14.426,,,156,32,22,97,119,0
834.3,,,6.398,-14.428,,,156,32,22,98,120,0
835.3,,,6.088,-14.429,,,136,32,22,99,121,0
836.3,,,5.764,-14.431,,,136,32,22,100,122,0
837.3,,,5.443,-14.435,,,122,32,22,101,123,0
838.3,,,5.130,-14.439,,,122,32,22,102,124,0
839.3,,,4.791,-14.442,,,114,32,22,103,125,0
840.3,,,4.471,-14.448,,,114,32,22,104,126,0
841.3,,,4.135,-14.453,,,81,32,22,105,127,0
842.3,,,3.812,-14.459,,,81,32,22,106,128,0
843.3,,,3.506,-14.467,,,81,32,22,107,129,0
844.3,,,3.177,-14.475,,,128,32,22,108,130,0
845.3,,,2.874,-14.485,,,128,32,22,109,131,0
846.3,,,2.580,-14.494,,,133,32,22,110,132,0
847.3,,,2.279,-14.504,,,133,32,22,110,132,0
848.3,,,1.965,-14.515,,,167,32,22,111,133,0
849.3,,,1.670,-14.528,,,167,32,22,112,134,0
850.3,,,1.389,-14.539,,,169,32,22,112,134,0
851.3,,,1.162,-14.541,,,169,32,22,113,135,0
852.3,,,0.894,-14.529,,,145,32,22,114,136,0
853.3,,,0.585,-14.511,,,145,32,22,115,137,0
854.3,,,0.246,-14.497,,,145,32,22,116,138,0
855.3,,,-0.096,-14.485,,,135,32,22,117,139,0
856.3,,,-0.460,-14.473,,,135,32,22,118,140,0
857.3,,,-0.853,-14.459,,,170,32,22,118,140,0
858.3,,,-1.209,-14.447,,,170,32,22,119,141,0
859.3,,,-1.603,-14.435,,,168,32,22,119,141,0
860.3,,,-1.983,-14.425,,,168,32,22,119,141,0
861.3,,,-2.379,-14.416,,,96,32,22,119,141,0
862.3,,,-2.777,-14.407,,,96,32,22,119,141,0
863.3,,,-3.160,-14.400,,,106,32,22,119,141,0
864.3,,,-3.558,-14.393,,,106,32,22,119,141,0
865.3,,,-3.928,-14.388,,,106,32,22,119,141,0
866.3,,,-4.274,-14.383,,,165,32,22,119,141,0
867.3,,,-4.338,-14.383,,,165,32,22,119,141,0
868.3,,,-4.284,-14.383,,,160,32,22,119,141,0
869.3,,,-4.047,-14.386,,,160,32,22,119,141,0
870.3,,,-3.784,-14.390,,,153,32,22,119,141,0
871.3,,,-3.506,-14.394,,,153,32,22,119,141,0
872.3,,,-3.227,-14.399,,,105,32,22,119,141,0
873.3,,,-2.961,-14.405,,,105,32,22,119,141,0
874.3,,,-2.684,-14.410,,,105,32,22,119,141,0
875.3,,,-2.417,-14.417,,,128,32,22,119,141,0
876.3,,,-2.138,-14.423,,,128,32,22,119,141,0
877.3,,,-1.870,-14.430,,,143,32,22,119,141,0
878.3,,,-1.606,-14.438,,,143,32,22,119,141,0
879.3,,,-1.322,-14.446,,,156,32,22,119,141,0
880.3,,,-1.036,-14.455,,,156,32,22,119,141,0
881.3,,,-0.750,-14.465,,,156,32,22,119,141,0
882.3,,,-0.452,-14.475,,,156,32,22,119,141,0
883.3,,,-0.167,-14.486,,,156,32,22,119,141,0
884.3,,,0.219,-14.498,,,134,32,22,120,142,0
885.3,,,0.522,-14.508,,,134,32,22,121,143,0
886.3,,,0.667,-14.513,,,164,32,22,122,144,0
887.3,,,0.562,-14.509,,,164,32,22,122,144,0
888.3,,,0.296,-14.498,,,164,32,22,123,145,0
889.3,,,0.301,-14.492,,,176,32,22,124,146,0
890.3,,,0.310,-14.496,,,176,32,22,125,147,0
891.3,,,0.305,-14.455,,,132,32,22,125,147,0
892.3,,,0.303,-14.418,,,132,32,22,125,147,0
893.3,,,0.313,-14.238,,,169,32,22,126,148,0
894.3,,,0.322,-13.862,,,169,32,22,127,149,0
895.3,,,0.311,-13.533,,,160,32,22,128,150,0
896.3,,,0.277,-13.200,,,160,32,22,128,150,0
897.3,,,0.256,-12.882,,,160,32,22,129,151,0
898.3,,,0.190,-12.765,,,145,32,22,130,152,0
899.3,,,0.141,-12.396,,,145,32,22,131,153,0
900.3,,,0.134,-12.191,,,127,32,22,132,154,0
901.3,,,0.142,-11.790,,,127,32,22,133,155,0
902.3,,,0.147,-11.465,,,93,32,22,134,156,0
903.3,,,0.151,-11.076,,,93,32,22,135,157,0
904.3,,,0.154,-10.684,,,95,32,22,135,157,0
905.3,,,0.158,-10.340,,,95,32,22,136,158,0
906.3,,,0.160,-9.958,,,70,32,22,136,158,0
907.3,,,0.160,-9.601,,,70,32,22,137,159,0
908.3,,,0.159,-9.220,,,93,32,22,137,159,0
909.3,,,0.157,-8.819,,,93,32,22,138,160,0
910.3,,,0.161,-8.493,,,93,32,22,139,161,0
911.3,,,0.153,-8.148,,,81,32,22,139,161,0
912.3,,,0.151,-7.757,,,81,32,22,140,162,0
913.3,,,0.144,-7.362,,,77,32,22,140,162,0
914.3,,,0.149,-7.048,,,77,32,22,141,163,0
915.3,,,0.142,-6.669,,,64,32,22,141,163,0
916.3,,,0.168,-6.293,,,64,32,22,142,164,0
917.3,,,0.197,-5.901,,,83,32,22,142,164,0
918.3,,,0.236,-5.549,,,83,32,22,143,165,0
919.3,,,0.264,-5.146,,,93,32,22,144,166,0
920.3,,,0.291,-4.753,,,93,32,22,144,166,0
921.3,,,0.323,-4.379,,,109,32,22,145,167,0
922.3,,,0.353,-4.020,,,109,32,22,146,168,0
923.3,,,0.374,-3.614,,,109,32,22,147,169,0
924.3,,,0.388,-3.326,,,111,32,22,148,170,0
925.3,,,0.387,-2.999,,,111,32,22,148,170,0
926.3,,,0.387,-2.673,,,134,32,22,148,170,0
927.3,,,0.418,-2.411,,,134,32,22,149,171,0
928.3,,,0.416,-2.097,,,171,32,22,149,171,0
929.3,,,0.433,-1.805,,,171,32,22,150,172,0
930.3,,,0.433,-1.496,,,163,32,22,151,173,0
931.3,,,0.435,-1.182,,,163,32,22,152,174,0
932.3,,,0.427,-0.865,,,140,32,22,153,175,0
933.3,,,0.429,-0.551,,,140,32,22,154,176,0
934.3,,,0.425,-0.222,,,140,32,22,154,176,0
935.3,,,0.428,-0.069,,,193,32,22,155,177,0
936.3,,,0.427,-0.069,,,193,32,22,156,178,0
937.3,,,0.427,-0.069,,,244,32,22,156,178,0
938.3,,,0.427,-0.069,,,244,32,22,156,178,0
939.3,,,0.427,-0.068,,,229,32,22,156,178,0
940.3,,,0.427,-0.069,,,229,32,22,156,178,0
941.3,,,0.427,-0.071,,,231,32,22,156,178,0
942.3,,,0.427,-0.070,,,231,32,22,156,178,0
943.3,,,0.427,-0.070,,,237,32,22,156,178,0
944.3,,,0.434,-0.063,,,237,32,22,156,178,0
945.3,,,0.488,-0.035,,,88,32,22,156,178,0
946.3,,,0.518,-0.034,,,88,32,22,156,178,0
947.3,,,0.544,-0.105,,,88,32,22,157,179,0
948.3,,,0.536,-0.147,,,156,32,22,158,180,0
949.3,,,0.533,-0.147,,,156,32,22,158,180,0
950.3,,,0.624,-0.150,,,157,32,22,158,180,0
951.3,,,0.917,-0.159,,,157,32,22,158,180,0
952.3,,,1.225,-0.171,,,122,32,22,159,181,0
953.3,,,1.523,-0.220,,,122,32,22,160,182,0
954.3,,,1.823,-0.216,,,104,32,22,161,183,0
955.3,,,2.093,-0.239,,,104,32,22,162,184,0
956.3,,,2.366,-0.254,,,113,32,22,163,185,0
957.3,,,2.666,-0.254,,,113,32,23,164,187,0
958.3,,,2.973,-0.255,,,105,32,23,165,188,0
959.3,,,3.245,-0.258,,,105,32,23,166,189,0
960.3,,,3.521,-0.256,,,141,32,23,167,190,0
961.3,,,3.776,-0.257,,,141,32,24,168,192,0
962.3,,,4.073,-0.255,,,141,32,24,169,193,0
963.3,,,4.335,-0.252,,,126,32,25,170,195,0
964.3,,,4.625,-0.250,,,126,32,25,171,196,0
965.3,,,4.897,-0.245,,,116,32,26,172,198,0
966.3,,,5.220,-0.241,,,116,32,27,173,200,0
967.3,,,5.542,-0.237,,,102,32,27,174,201,0
969.9,,,6.377,-0.217,,,93,32,28,176,204,0
969.9,,,6.377,-0.217,,,93,32,28,176,204,0
970.3,,,6.531,-0.214,,,93,32,29,177,206,0
971.3,,,6.849,-0.205,,,108,32,30,178,208,0
972.3,,,7.168,-0.187,,,108,32,30,178,208,0
973.3,,,7.494,-0.181,,,117,32,30,179,209,0
974.3,,,7.818,-0.170,,,117,32,30,180,210,0
975.3,,,8.139,-0.165,,,117,32,31,182,213,0
976.3,,,8.467,-0.153,,,112,32,31,183,214,0
977.3,,,8.793,-0.132,,,112,32,32,184,216,0
978.3,,,9.121,-0.110,,,123,32,33,185,218,0
979.3,,,9.450,-0.099,,,123,32,34,186,220,0
980.3,,,9.770,-0.086,,,123,32,34,187,221,0
981.3,,,10.094,-0.072,,,108,32,35,188,223,0
982.3,,,10.418,-0.054,,,108,32,36,189,225,0
983.3,,,10.745,-0.035,,,144,32,37,190,227,0
984.3,,,11.073,-0.016,,,860,32,38,191,229,0
985.3,,,11.416,0.005,,,182,32,39,192,231,0
986.3,,,11.741,0.031,,,182,32,40,193,233,0
987.3,,,12.072,0.045,,,98,32,40,194,234,0
988.3,,,12.390,0.069,,,98,32,40,194,234,0
989.3,,,12.747,0.089,,,98,32,40,195,235,0
990.3,,,13.055,0.109,,,121,32,40,195,235,0
991.3,,,13.389,0.136,,,121,32,40,195,235,0
992.3,,,13.725,0.161,,,68,32,40,195,235,0
993.3,,,14.030,0.182,,,68,32,40,195,235,0
994.3,,,13.989,0.179,,,0,32,40,195,235,0
995.3,,,13.989,0.179,,,0,33,40,195,235,0
996.3,,,13.989,0.179,,,0,35,40,195,235,0
997.3,,,13.989,0.179,,,0,37,40,195,235,0
998.3,,,13.990,0.179,,,0,40,40,195,235,0
999.3,,,13.990,0.179,,,0,41,40,195,235,0
1000.3,,,13.990,0.179,,,0,44,40,195,235,0
1001.3,,,13.990,0.179,,,0,45,40,195,235,0
1002.3,,,13.990,0.179,,,0,46,40,195,235,0
1003.3,,,13.990,0.179,,,0,48,40,195,235,0
1004.3,,,13.990,0.179,,,0,49,40,195,235,0
1005.3,,,13.990,0.179,,,0,50,40,195,235,0
1006.3,,,13.990,0.179,,,0,52,40,195,235,0
1007.3,,,13.990,0.179,,,0,53,40,195,235,0
1008.3,,,13.990,0.179,,,0,54,40,195,235,0
1009.3,,,13.990,0.179,,,0,56,40,195,235,0
1010.3,,,13.990,0.179,,,0,57,40,195,235,0
1011.3,,,13.990,0.179,,,0,59,40,195,235,0
1012.3,,,13.990,0.179,,,0,61,40,195,235,0
1013.3,,,13.990,0.179,,,0,62,40,195,235,0
1014.3,,,13.990,0.179,,,0,63,40,195,235,0
1015.3,,,13.990,0.179,,,0,66,40,195,235,0
1016.3,,,13.990,0.179,,,0,67,40,195,235,0
1017.3,,,13.990,0.179,,,0,68,40,195,235,0
1018.3,,,13.990,0.179,,,0,69,40,195,235,0
1019.3,,,13.990,0.179,,,0,71,40,195,235,0
1020.3,,,13.990,0.179,,,0,72,40,195,235,0
1021.3,,,13.990,0.179,,,0,74,40,195,235,0
1022.3,,,13.990,0.179,,,0,75,40,195,235,0
1023.3,,,13.990,0.179,,,0,76,40,195,235,0
1024.3,,,13.992,0.179,,,0,78,40,195,235,0
1025.3,,,13.991,0.172,,,0,79,40,195,235,0
1026.3,,,13.992,0.183,,,0,79,40,195,235,0
1027.3,,,14.364,0.161,,,194,79,40,196,236,0
1028.3,,,14.364,0.161,,,194,79,40,196,236,0
1029.3,,,14.364,0.161,,,185,79,40,196,236,0
1030.3,,,14.368,0.208,,,185,79,40,196,236,0
1031.3,,,14.396,0.500,,,185,79,40,196,236,0
1032.3,,,14.434,0.779,,,160,79,40,197,237,0
1033.3,,,14.467,1.064,,,160,79,40,198,238,0
1034.3,,,14.502,1.375,,,153,79,40,199,239,0
1035.3,,,14.537,1.696,,,153,79,40,200,240,0
1036.3,,,14.548,1.976,,,174,79,40,201,241,0
1037.3,,,14.552,2.267,,,174,79,40,201,241,0
1038.3,,,14.546,2.526,,,169,79,40,202,242,0
1039.3,,,14.549,2.805,,,169,79,40,203,243,0
1040.3,,,14.549,3.055,,,163,79,40,204,244,0
1041.3,,,14.549,3.324,,,163,79,40,205,245,0
1042.3,,,14.548,3.641,,,158,79,40,206,246,0
1043.3,,,14.550,3.947,,,158,79,40,207,247,0
1044.3,,,14.550,4.201,,,158,79,40,208,248,0
1045.3,,,14.542,4.492,,,149,79,40,209,249,0
1046.3,,,14.539,4.821,,,149,79,40,210,250,0
1047.3,,,14.541,5.051,,,138,79,40,211,251,0
1048.3,,,14.538,5.374,,,138,79,40,212,252,0
1049.3,,,14.545,5.704,,,148,79,40,213,253,0
1050.3,,,14.547,6.026,,,148,79,40,214,254,0
1051.3,,,14.548,6.354,,,144,79,40,215,255,0
1052.3,,,14.553,6.656,,,144,79,40,216,256,0
1053.4,,,14.555,6.989,,,160,79,40,217,257,0
1054.3,,,14.558,7.273,,,160,79,40,218,258,0
1055.3,,,14.560,7.543,,,160,79,40,219,259,0
1056.3,,,14.562,7.824,,,149,79,40,220,260,0
1057.3,,,14.558,8.102,,,149,79,40,221,261,0
1058.4,,,14.556,8.389,,,168,79,40,222,262,0
1059.3,,,14.556,8.656,,,168,79,40,222,262,0
1060.3,,,14.564,8.926,,,143,79,40,223,263,0
1061.3,,,14.572,9.190,,,143,79,40,223,263,0
1062.3,,,14.576,9.434,,,158,79,40,224,264,0
1063.3,,,14.583,9.661,,,158,79,40,225,265,0
1064.3,,,14.589,9.848,,,153,79,40,226,266,0
1065.3,,,14.587,9.842,,,153,79,40,227,267,0
1066.3,,,14.584,9.813,,,163,79,40,228,268,0
1067.3,,,14.584,9.811,,,163,79,40,228,268,0
1068.3,,,14.577,9.812,,,163,79,40,229,269,0
1069.3,,,14.598,9.801,,,0,80,40,230,270,0
1070.3,,,14.596,9.801,,,0,88,40,230,270,0
1071.3,,,14.598,9.800,,,0,94,40,230,270,0
1072.3,,,14.597,9.800,,,0,95,40,230,270,0
1073.3,,,14.598,9.796,,,0,96,40,230,270,0
1074.3,,,14.623,9.767,,,158,96,40,231,271,0
1075.3,,,14.610,9.775,,,158,96,40,232,272,0
1076.3,,,14.610,9.776,,,173,96,40,232,272,0
1077.3,,,14.610,9.776,,,173,96,40,232,272,0
1078.3,,,14.610,9.777,,,173,96,40,232,272,0
1079.3,,,14.610,9.779,,,180,96,40,232,272,0
1080.3,,,14.610,9.777,,,180,96,40,232,272,0
1081.3,,,14.610,9.777,,,173,96,40,232,272,0
1082.3,,,14.610,9.775,,,173,96,40,232,272,0
1083.3,,,14.610,9.775,,,176,96,40,232,272,0
1084.3,,,14.610,9.775,,,176,96,40,232,272,0
1085.3,,,14.610,9.773,,,179,96,40,232,272,0
1086.3,,,14.609,9.649,,,179,96,40,232,272,0
1087.3,,,14.606,9.398,,,153,96,40,232,272,0
1088.3,,,14.610,9.115,,,153,96,40,233,273,0
1089.3,,,14.612,8.851,,,171,96,40,235,275,0
1090.3,,,14.614,8.602,,,171,96,40,235,275,0
1091.3,,,14.613,8.356,,,171,96,40,236,276,0
1092.3,,,14.612,8.096,,,157,96,40,237,277,0
1093.3,,,14.613,7.828,,,157,96,40,238,278,0
1094.3,,,14.613,7.584,,,149,96,40,239,279,0
1095.3,,,14.613,7.332,,,149,96,40,240,280,0
1096.3,,,14.613,7.088,,,148,96,40,241,281,0
1097.3,,,14.615,6.825,,,148,96,40,242,282,0
1098.3,,,14.616,6.572,,,163,96,40,243,283,0
1099.3,,,14.619,6.320,,,163,96,40,244,284,0
1100.3,,,14.622,6.063,,,165,96,40,245,285,0
1101.3,,,14.622,5.811,,,165,96,40,246,286,0
1102.3,,,14.627,5.560,,,137,96,40,247,287,0
1103.3,,,14.627,5.287,,,137,96,40,248,288,0
1104.3,,,14.636,5.057,,,137,96,40,249,289,0
1105.3,,,14.641,4.807,,,133,96,40,250,290,0
1106.3,,,14.644,4.538,,,133,96,40,251,291,0
1107.3,,,14.649,4.273,,,168,96,40,252,292,0
1108.3,,,14.657,4.038,,,168,96,40,253,293,0
1109.3,,,14.662,3.785,,,170,96,40,254,294,0
1110.3,,,14.668,3.542,,,170,96,40,255,295,0
1111.3,,,14.674,3.309,,,141,96,40,256,296,0
1112.3,,,14.682,3.056,,,141,96,40,257,297,0
1113.3,,,14.689,2.816,,,155,96,40,258,298,0
1114.3,,,14.695,2.570,,,155,96,40,259,299,0
1115.3,,,14.704,2.337,,,153,96,41,260,301,0
1116.3,,,14.711,2.087,,,153,96,41,261,302,0
1117.3,,,14.720,1.868,,,153,96,41,262,303,0
1118.3,,,14.729,1.653,,,145,96,41,263,304,0
1119.3,,,14.738,1.421,,,145,96,41,264,305,0
1120.3,,,14.716,1.282,,,141,96,41,265,306,0
1121.3,,,14.692,1.057,,,141,96,41,265,306,0
1122.3,,,14.661,0.820,,,133,96,41,267,308,0
1123.3,,,14.640,0.596,,,133,96,41,268,309,0
1124.3,,,14.611,0.325,,,137,96,41,268,309,0
1125.3,,,14.588,0.099,,,137,96,41,269,310,0
1126.3,,,14.634,-0.068,,,162,96,41,270,311,0
1127.3,,,14.612,-0.293,,,162,96,41,271,312,0
1128.3,,,14.589,-0.503,,,162,96,41,272,313,0
1129.3,,,14.550,-0.731,,,126,96,41,273,314,0
1130.3,,,14.546,-0.912,,,126,96,41,274,315,0
1131.3,,,14.536,-1.130,,,122,96,41,275,316,0
1132.3,,,14.517,-1.379,,,122,96,41,276,317,0
1133.3,,,14.508,-1.648,,,106,96,41,277,318,0
1134.3,,,14.498,-1.858,,,106,96,41,277,318,0
1135.3,,,14.484,-2.115,,,68,96,41,278,319,0
1136.3,,,14.471,-2.403,,,68,96,41,278,319,0
1137.3,,,14.460,-2.649,,,84,96,41,278,319,0
1138.3,,,14.451,-2.849,,,84,96,41,279,320,0
1139.3,,,14.440,-3.085,,,102,96,41,280,321,0
1140.3,,,14.436,-3.258,,,102,96,41,281,322,0
1141.3,,,14.432,-3.381,,,102,96,41,281,322,0
1142.3,,,14.419,-3.646,,,69,96,41,282,323,0
1143.3,,,14.402,-3.890,,,69,96,41,283,324,0
1144.3,,,14.394,-4.114,,,62,96,41,283,324,0
1145.3,,,14.387,-4.341,,,62,96,41,283,324,0
1146.3,,,14.379,-4.581,,,78,96,41,283,324,0
1147.3,,,14.372,-4.805,,,78,96,41,283,324,0
1148.3,,,14.374,-4.982,,,69,96,41,284,325,0
1149.3,,,14.369,-5.210,,,69,96,41,284,325,0
1150.3,,,14.363,-5.439,,,63,96,41,285,326,0
1151.3,,,14.360,-5.676,,,63,96,41,286,327,0
1152.3,,,14.357,-5.912,,,75,96,41,286,327,0
1153.3,,,14.354,-6.133,,,75,96,41,286,327,0
1154.3,,,14.352,-6.345,,,75,96,41,286,327,0
1155.3,,,14.349,-6.576,,,79,96,41,286,327,0
1156.3,,,14.347,-6.806,,,79,96,41,286,327,0
1157.3,,,14.345,-7.039,,,74,96,41,286,327,0
1158.3,,,14.343,-7.263,,,74,96,41,287,328,0
1159.3,,,14.346,-7.366,,,78,96,41,287,328,0
1160.3,,,14.353,-7.595,,,78,96,41,288,329,0
1161.3,,,14.351,-7.868,,,96,96,41,289,330,0
1162.3,,,14.351,-8.105,,,96,96,41,290,331,0
1163.3,,,14.352,-8.365,,,96,96,41,290,331,0
1164.3,,,14.353,-8.643,,,86,96,41,290,331,0
1165.3,,,14.341,-8.877,,,86,96,41,291,332,0
1166.3,,,14.343,-9.143,,,99,96,41,291,332,0
1167.3,,,14.343,-9.389,,,99,96,41,292,333,0
1168.3,,,14.347,-9.683,,,99,96,41,292,333,0
1169.3,,,14.352,-9.962,,,99,96,41,292,333,0
1170.3,,,14.357,-10.248,,,160,96,41,292,333,0
1171.3,,,14.363,-10.527,,,160,96,41,292,333,0
1172.3,,,14.367,-10.766,,,134,96,41,293,334,0
1173.3,,,14.374,-11.055,,,134,96,41,293,334,0
1174.3,,,14.381,-11.359,,,134,96,41,293,334,0
1175.3,,,14.389,-11.683,,,127,96,41,293,334,0
1176.3,,,14.397,-11.989,,,127,96,41,293,334,0
1177.3,,,14.413,-12.258,,,150,96,41,294,335,0
1178.3,,,14.423,-12.566,,,150,96,41,294,335,0
1179.3,,,14.437,-12.816,,,148,96,41,295,336,0
1180.3,,,14.445,-12.801,,,148,96,41,296,337,0
1181.3,,,14.446,-12.804,,,148,96,41,296,337,0
1182.3,,,14.476,-12.778,,,146,96,41,297,338,0
1183.3,,,14.495,-12.786,,,146,96,41,297,338,0
1184.3,,,14.519,-12.787,,,152,96,41,297,338,0
1185.3,,,14.524,-12.786,,,152,96,41,297,338,0
1186.3,,,14.524,-12.786,,,154,96,41,297,338,0
1187.3,,,14.524,-12.786,,,154,96,41,297,338,0
1188.3,,,14.598,-12.786,,,154,96,41,297,338,0
1189.3,,,14.870,-12.787,,,153,96,41,297,338,0
1190.3,,,15.148,-12.786,,,153,96,41,297,338,0
1191.3,,,15.424,-12.785,,,139,96,41,297,338,0
1192.3,,,15.699,-12.783,,,139,96,41,297,338,0
1193.3,,,15.978,-12.781,,,138,96,41,297,338,0
1194.3,,,16.000,-12.780,,,138,96,41,297,338,0
1195.3,,,15.997,-12.780,,,138,96,41,297,338,0
1196.3,,,15.991,-12.780,,,141,96,41,297,338,0
1197.3,,,15.975,-12.767,,,141,96,41,297,338,0
1198.3,,,15.958,-12.739,,,123,96,41,297,338,0
1199.3,,,15.958,-12.738,,,123,96,41,297,338,0
1200.3,,,15.958,-12.737,,,172,96,41,297,338,0
1201.3,,,15.955,-12.803,,,172,96,41,297,338,0
1202.3,,,15.941,-13.120,,,172,96,41,297,338,0
1203.3,,,15.927,-13.456,,,157,96,41,297,338,0
1204.3,,,15.913,-13.807,,,157,96,41,297,338,0
1205.3,,,15.899,-14.158,,,160,96,41,297,338,0
1206.3,,,15.886,-14.520,,,160,96,41,297,338,0
1207.3,,,15.874,-14.890,,,122,96,41,297,338,0
1208.3,,,15.863,-15.225,,,122,96,41,297,338,0
1209.3,,,15.860,-15.316,,,122,96,41,297,338,0
1210.3,,,15.860,-15.315,,,129,96,41,297,338,0
1211.3,,,15.860,-15.317,,,129,96,41,297,338,0
1212.3,,,15.858,-15.323,,,109,96,41,297,338,0
1213.3,,,15.844,-15.339,,,109,96,41,297,338,0
1214.3,,,15.843,-15.339,,,145,96,41,297,338,0
1215.3,,,15.829,-15.343,,,145,96,41,297,338,0
1216.3,,,15.784,-15.342,,,145,96,41,297,338,0
1217.3,,,15.778,-15.341,,,146,96,41,297,338,0
1218.3,,,15.565,-15.325,,,146,96,41,297,338,0
1219.3,,,15.278,-15.304,,,163,96,41,297,338,0
1220.3,,,14.982,-15.282,,,163,96,41,297,338,0
1221.3,,,14.698,-15.262,,,140,96,41,297,338,0
1222.3,,,14.398,-15.242,,,140,96,41,297,338,0
1223.3,,,14.132,-15.222,,,1,96,41,297,338,0
1224.3,,,13.838,-15.167,,,1,96,41,297,338,0
1225.3,,,13.535,-15.115,,,1,96,41,297,338,0
1226.3,,,13.192,-15.057,,,1,96,41,297,338,0
1227.3,,,12.799,-14.823,,,1,96,41,298,339,0
1228.3,,,12.439,-14.754,,,128,96,41,299,340,0
1229.3,,,12.073,-14.685,,,128,96,41,300,341,0
1230.3,,,11.690,-14.628,,,151,96,41,301,342,0
1231.3,,,11.339,-14.615,,,151,96,41,302,343,0
1232.3,,,10.997,-14.604,,,133,96,41,303,344,0
1233.3,,,10.659,-14.590,,,133,96,41,304,345,0
1234.3,,,10.288,-14.578,,,133,96,41,305,346,0
1235.3,,,9.928,-14.566,,,124,96,41,306,347,0
1236.3,,,9.557,-14.556,,,124,96,41,307,348,0
1237.3,,,9.184,-14.546,,,139,96,42,308,350,0
1238.3,,,8.797,-14.538,,,139,96,42,309,351,0
1239.3,,,8.423,-14.529,,,168,96,42,310,352,0
1240.3,,,8.042,-14.522,,,168,96,43,311,354,0
1241.3,,,7.665,-14.516,,,168,96,44,312,356,0
1242.3,,,7.282,-14.509,,,182,96,45,313,358,0
1243.3,,,6.969,-14.506,,,182,96,46,314,360,0
1244.3,,,6.627,-14.503,,,146,96,47,315,362,0
1245.3,,,6.316,-14.501,,,146,96,48,316,364,0
1246.3,,,5.985,-14.501,,,138,96,48,317,365,0
1247.3,,,5.648,-14.500,,,138,96,48,318,366,0
1248.3,,,5.310,-14.499,,,135,96,48,319,367,0
1249.3,,,4.999,-14.503,,,135,96,48,319,367,0
1250.3,,,4.646,-14.504,,,135,96,48,319,367,0
1251.3,,,4.283,-14.506,,,101,96,48,319,367,0
1252.3,,,3.926,-14.509,,,101,96,48,319,367,0
1253.3,,,3.617,-14.514,,,103,96,48,320,368,0
1254.3,,,3.286,-14.520,,,103,96,48,321,369,0
1255.3,,,2.979,-14.527,,,144,96,48,322,370,0
1256.3,,,2.659,-14.532,,,144,96,48,323,371,0
1257.3,,,2.346,-14.539,,,144,96,48,324,372,0
1258.3,,,2.070,-14.547,,,144,96,48,325,373,0
1259.3,,,1.742,-14.559,,,148,96,48,326,374,0
1260.3,,,1.412,-14.570,,,148,96,48,327,375,0
1261.3,,,1.112,-14.580,,,148,96,48,328,376,0
1262.3,,,0.809,-14.592,,,142,96,48,329,377,0
1263.3,,,0.528,-14.579,,,142,96,48,330,378,0
1264.3,,,0.202,-14.547,,,137,96,48,331,379,0
1265.3,,,-0.163,-14.517,,,137,96,48,332,380,0
1266.3,,,-0.542,-14.479,,,124,96,48,333,381,0
1267.3,,,-0.889,-14.449,,,124,96,48,333,381,0
1268.3,,,-1.236,-14.419,,,111,96,48,334,382,0
1269.3,,,-1.575,-14.390,,,111,96,48,334,382,0
1270.3,,,-1.911,-14.363,,,111,96,48,334,382,0
1271.3,,,-2.256,-14.337,,,143,96,48,334,382,0
1272.3,,,-2.590,-14.312,,,143,96,48,334,382,0
1273.3,,,-2.915,-14.289,,,128,96,48,334,382,0
1274.3,,,-2.928,-14.288,,,128,96,48,334,382,0
1275.3,,,-2.928,-14.288,,,123,96,48,334,382,0
1276.3,,,-2.930,-14.288,,,123,96,48,334,382,0
1277.3,,,-2.934,-14.287,,,132,96,48,334,382,0
1278.3,,,-2.940,-14.287,,,132,96,48,334,382,0
1279.3,,,-2.936,-14.287,,,132,96,48,334,382,0
1280.3,,,-2.934,-14.287,,,126,96,48,334,382,0
1281.3,,,-2.934,-14.287,,,126,96,48,334,382,0
1282.3,,,-2.935,-14.287,,,119,96,48,334,382,0
1283.3,,,-2.936,-14.287,,,119,96,48,334,382,0
1284.3,,,-2.896,-14.290,,,119,96,48,334,382,0
1285.3,,,-2.722,-14.295,,,132,96,48,334,382,0
1286.3,,,-2.437,-14.296,,,132,96,48,334,382,0
1287.3,,,-2.110,-14.297,,,109,96,48,334,382,0
1288.3,,,-1.775,-14.298,,,109,96,48,334,382,0
1289.3,,,-1.418,-14.300,,,109,96,48,334,382,0
1290.3,,,-1.072,-14.303,,,114,96,48,334,382,0
1291.3,,,-0.711,-14.307,,,114,96,48,334,382,0
1292.3,,,-0.378,-14.312,,,167,96,48,334,382,0
1293.3,,,-0.027,-14.317,,,167,96,48,334,382,0
1294.3,,,0.003,-14.318,,,167,96,48,334,382,0
1295.3,,,-0.056,-14.340,,,159,96,48,335,383,0
1296.3,,,-0.078,-14.313,,,159,96,48,335,383,0
1297.3,,,-0.105,-14.223,,,84,96,48,336,384,0
1298.3,,,-0.105,-14.208,,,84,96,48,336,384,0
1299.3,,,-0.017,-14.169,,,146,96,48,337,385,0
1300.3,,,-0.008,-13.815,,,146,96,48,337,385,0
1301.3,,,0.002,-13.416,,,150,96,48,337,385,0
1302.3,,,0.010,-13.040,,,150,96,48,337,385,0
1303.3,,,0.018,-12.633,,,150,96,48,337,385,0
1304.3,,,-0.032,-12.536,,,82,96,48,338,386,0
1305.3,,,-0.037,-12.119,,,82,96,48,339,387,0
1306.3,,,-0.046,-11.812,,,99,96,48,340,388,0
1307.3,,,-0.052,-11.428,,,99,96,48,341,389,0
1308.3,,,-0.069,-11.088,,,123,96,48,342,390,0
1309.3,,,-0.078,-10.705,,,123,96,48,343,391,0
1310.3,,,-0.086,-10.333,,,99,96,48,344,392,0
1311.3,,,-0.088,-9.949,,,99,96,48,345,393,0
1312.3,,,-0.088,-9.541,,,98,96,48,346,394,0
1313.3,,,-0.090,-9.158,,,98,96,48,346,394,0
1314.3,,,-0.104,-8.841,,,82,96,48,347,395,0
1315.3,,,-0.108,-8.451,,,82,96,48,348,396,0
1316.3,,,-0.115,-8.074,,,82,96,48,349,397,0
1317.3,,,-0.123,-7.694,,,62,96,48,350,398,0
1318.3,,,-0.131,-7.312,,,62,96,48,350,398,0
1319.3,,,-0.140,-6.959,,,74,96,48,351,399,0
1320.3,,,-0.153,-6.583,,,74,96,48,352,400,0
1321.3,,,-0.165,-6.206,,,88,96,48,353,401,0
1322.3,,,-0.178,-5.816,,,88,96,49,354,403,0
1323.3,,,-0.198,-5.485,,,115,96,49,355,404,0
1324.3,,,-0.215,-5.140,,,115,96,49,356,405,0
1325.3,,,-0.209,-4.822,,,88,96,49,357,406,0
1326.3,,,-0.202,-4.474,,,88,96,49,358,407,0
1327.3,,,-0.195,-4.140,,,88,96,49,359,408,0
1328.3,,,-0.190,-3.796,,,103,96,49,360,409,0
1329.3,,,-0.187,-3.471,,,103,96,50,361,411,0
1330.3,,,-0.183,-3.143,,,141,96,50,362,412,0
1331.3,,,-0.181,-2.806,,,141,96,51,363,414,0
1332.3,,,-0.177,-2.490,,,142,96,52,364,416,0
1333.3,,,-0.159,-2.205,,,142,96,53,365,418,0
1334.3,,,-0.145,-1.890,,,163,96,54,366,420,0
1335.3,,,-0.129,-1.578,,,163,96,55,367,422,0
1336.3,,,-0.114,-1.258,,,163,96,56,368,424,0
1337.3,,,-0.099,-0.910,,,139,96,57,369,426,0
1338.3,,,-0.087,-0.591,,,139,96,58,370,428,0
1339.3,,,-0.074,-0.272,,,136,96,59,371,430,0
1340.3,,,-0.077,-0.293,,,136,96,59,372,431,0
1341.3,,,-0.066,-0.270,,,166,96,59,373,432,0
1342.3,,,-0.034,-0.244,,,166,96,59,373,432,0
1343.3,,,0.034,-0.280,,,138,96,60,374,434,0
1344.3,,,0.269,-0.209,,,138,96,61,375,436,0
1345.3,,,0.584,-0.044,,,104,96,62,376,438,0
1346.3,,,0.832,0.104,,,104,96,62,377,439,0
1347.3,,,0.841,0.106,,,128,96,62,378,440,0
1348.3,,,0.865,0.110,,,128,96,62,379,441,0
1349.3,,,0.859,0.078,,,128,96,62,380,442,0
1350.3,,,0.853,0.059,,,113,96,62,381,443,0
1351.3,,,0.857,0.058,,,113,96,62,381,443,0
1352.3,,,0.781,0.060,,,143,96,62,381,443,0
1353.3,,,0.603,0.064,,,143,96,62,381,443,0
1354.3,,,0.333,0.048,,,137,96,62,382,444,0
1355.3,,,0.196,0.048,,,137,96,63,383,446,0
1356.3,,,0.200,0.034,,,147,96,63,383,446,0
1357.3,,,0.219,0.025,,,147,96,64,384,448,0
1358.3,,,0.232,-0.004,,,70,96,64,385,449,0
1359.3,,,0.232,-0.024,,,70,96,64,385,449,0
1360.3,,,0.239,-0.003,,,70,96,64,386,450,0
1361.3,,,0.223,-0.006,,,154,96,64,387,451,0
1362.3,,,0.222,-0.049,,,154,96,64,387,451,0
1363.3,,,0.211,-0.304,,,137,96,64,387,451,0
1364.3,,,0.198,-0.609,,,137,96,64,388,452,0
1365.3,,,0.184,-0.953,,,128,96,64,389,453,0
1366.3,,,0.175,-1.248,,,128,96,64,390,454,0
1367.3,,,0.163,-1.572,,,142,96,64,391,455,0
1368.3,,,0.153,-1.852,,,142,96,64,391,455,0
1369.3,,,0.143,-2.134,,,149,96,64,391,455,0
1370.3,,,0.134,-2.442,,,149,96,64,392,456,0
1371.3,,,0.129,-2.744,,,161,96,64,393,457,0
1372.3,,,0.119,-3.075,,,161,96,64,394,458,0
1373.3,,,0.100,-3.428,,,161,96,64,394,458,0
1374.3,,,0.086,-3.764,,,134,96,64,395,459,0
1375.3,,,0.078,-4.115,,,134,96,64,396,460,0
1376.3,,,0.076,-4.428,,,145,96,64,396,460,0
1377.3,,,0.070,-4.760,,,145,96,64,396,460,0
1378.3,,,0.065,-5.102,,,154,96,64,396,460,0
1379.3,,,0.070,-5.423,,,154,96,64,397,461,0
1380.3,,,0.069,-5.751,,,135,96,64,397,461,0
1381.3,,,0.068,-6.080,,,135,96,64,397,461,0
1382.3,,,0.068,-6.406,,,143,96,64,397,461,0
1383.3,,,0.069,-6.729,,,143,96,64,397,461,0
1384.3,,,0.070,-7.054,,,141,96,64,397,461,0
1385.3,,,0.072,-7.389,,,141,96,64,397,461,0
1386.3,,,0.075,-7.733,,,125,96,64,397,461,0
1387.3,,,0.079,-8.033,,,125,96,64,397,461,0
1388.3,,,0.082,-8.374,,,125,96,64,397,461,0
1389.3,,,0.087,-8.713,,,134,96,64,397,461,0
1390.3,,,0.092,-9.058,,,134,96,64,397,461,0
1391.3,,,0.098,-9.388,,,65,96,64,397,461,0
1392.3,,,0.104,-9.712,,,65,96,64,397,461,0
1393.3,,,0.100,-10.058,,,131,96,64,397,461,0
1394.3,,,0.098,-10.390,,,131,96,64,397,461,0
1395.3,,,0.095,-10.709,,,132,96,64,397,461,0
1396.3,,,0.094,-11.046,,,132,96,64,397,461,0
1397.3,,,0.093,-11.383,,,92,96,64,397,461,0
1398.3,,,0.093,-11.724,,,92,96,64,397,461,0
1399.3,,,0.087,-12.036,,,82,96,64,397,461,0
1400.3,,,0.082,-12.347,,,82,96,64,397,461,0
1401.3,,,0.076,-12.668,,,76,96,64,397,461,0
1402.3,,,0.071,-13.004,,,76,96,64,397,461,0
1403.3,,,0.067,-13.329,,,76,96,64,397,461,0
1404.3,,,0.064,-13.658,,,63,96,64,397,461,0
1405.3,,,0.062,-13.995,,,63,96,64,397,461,0
1406.3,,,0.061,-14.303,,,59,96,64,397,461,0
1407.3,,,0.060,-14.639,,,59,96,64,397,461,0
1408.3,,,0.058,-14.987,,,0,96,64,397,461,0
1409.3,,,0.058,-15.098,,,0,97,64,397,461,0
1410.3,,,0.058,-15.097,,,0,98,64,397,461,0
1411.3,,,0.058,-15.097,,,0,99,64,397,461,0
1412.3,,,0.058,-15.097,,,0,100,64,397,461,0
1413.3,,,0.058,-15.097,,,0,101,64,397,461,0
1414.3,,,0.058,-15.097,,,0,102,64,397,461,0
1415.3,,,0.058,-15.097,,,0,103,64,397,461,0
1416.3,,,0.058,-15.098,,,0,104,64,397,461,0
1417.3,,,0.073,-15.119,,,51,104,64,397,461,0
1418.3,,,0.096,-15.138,,,51,104,64,397,461,0
1419.3,,,0.112,-15.145,,,66,104,64,397,461,0
1420.3,,,0.123,-15.146,,,66,104,64,397,461,0
1421.3,,,0.131,-15.145,,,148,104,64,397,461,0
1422.3,,,0.054,-14.409,,,148,104,64,398,462,0
1423.3,,,0.055,-14.409,,,148,104,64,398,462,0
1424.3,,,0.056,-14.409,,,156,104,64,398,462,0
1425.3,,,0.194,-14.414,,,156,104,64,398,462,0
1426.3,,,0.460,-14.422,,,146,104,64,398,462,0
1427.3,,,0.731,-14.449,,,146,104,64,399,463,0
1428.3,,,1.013,-14.436,,,143,104,64,400,464,0
1429.3,,,1.280,-14.447,,,143,104,64,401,465,0
1430.3,,,1.575,-14.431,,,166,104,64,402,466,0
1431.3,,,1.849,-14.463,,,166,104,64,403,467,0
1432.3,,,2.152,-14.464,,,166,104,64,404,468,0
1433.3,,,2.453,-14.476,,,176,104,64,405,469,0
1434.3,,,2.728,-14.495,,,176,104,64,406,470,0
1435.3,,,3.015,-14.512,,,164,104,64,407,471,0
1436.3,,,3.308,-14.533,,,164,104,64,408,472,0
1437.3,,,3.611,-14.543,,,152,104,64,409,473,0
1438.3,,,3.916,-14.542,,,152,104,64,410,474,0
1439.3,,,4.226,-14.568,,,152,104,64,411,475,0
1440.3,,,4.517,-14.570,,,153,104,64,412,476,0
1441.3,,,4.831,-14.577,,,153,104,64,413,477,0
1442.3,,,5.158,-14.587,,,152,104,64,414,478,0
1443.3,,,5.478,-14.604,,,152,104,64,415,479,0
1444.3,,,5.800,-14.605,,,123,104,64,416,480,0
1445.3,,,6.118,-14.613,,,123,104,64,417,481,0
1446.3,,,6.450,-14.613,,,121,104,64,418,482,0
1447.3,,,6.774,-14.622,,,121,104,64,419,483,0
1448.3,,,7.107,-14.627,,,121,104,64,420,484,0
1449.3,,,7.437,-14.635,,,134,104,64,420,484,0
1450.3,,,7.732,-14.634,,,134,104,64,422,486,0
1451.3,,,8.060,-14.632,,,157,104,64,422,486,0
1452.3,,,8.379,-14.635,,,157,104,64,423,487,0
1453.3,,,8.743,-14.638,,,134,104,64,423,487,0
1454.3,,,9.110,-14.633,,,134,104,64,425,489,0
1455.3,,,9.484,-14.580,,,139,104,64,425,489,0
1456.3,,,9.866,-14.534,,,139,104,64,425,489,0
1457.3,,,10.254,-14.485,,,155,104,64,425,489,0
1458.3,,,10.629,-14.444,,,155,104,64,425,489,0
1459.3,,,10.957,-14.445,,,155,104,64,425,489,0
1460.3,,,11.241,-14.469,,,155,104,64,425,489,0
1461.3,,,11.585,-14.495,,,155,104,64,425,489,0
1462.3,,,11.908,-14.524,,,148,104,64,426,490,0
1463.3,,,12.307,-14.553,,,148,104,64,427,491,0
1464.3,,,12.701,-14.582,,,141,104,64,428,492,0
1465.3,,,13.097,-14.612,,,141,104,64,428,492,0
1466.3,,,13.471,-14.637,,,145,104,64,429,493,0
1467.3,,,13.828,-14.667,,,145,104,64,430,494,0
1468.3,,,14.191,-14.690,,,137,104,64,430,494,0
1469.3,,,14.572,-14.714,,,137,104,64,430,494,0
1470.3,,,14.759,-14.718,,,137,104,64,431,495,0
1471.3,,,14.743,-14.714,,,148,104,64,432,496,0
1472.3,,,14.725,-14.711,,,148,104,64,433,497,0
1473.3,,,14.721,-14.711,,,153,104,64,433,497,0
1474.3,,,14.730,-14.711,,,153,104,64,433,497,0
1475.3,,,14.730,-14.712,,,166,104,64,433,497,0
1476.3,,,14.747,-14.713,,,166,104,64,433,497,0
1477.3,,,14.737,-14.712,,,156,104,64,433,497,0
1478.3,,,14.736,-14.712,,,156,104,64,433,497,0
1479.3,,,14.726,-14.711,,,164,104,64,433,497,0
1480.3,,,14.730,-14.712,,,164,104,64,433,497,0
1481.3,,,14.730,-14.712,,,164,104,64,433,497,0
1482.3,,,14.730,-14.712,,,157,104,64,433,497,0
1483.3,,,14.730,-14.712,,,157,104,64,433,497,0
1484.3,,,14.729,-14.712,,,160,104,64,433,497,0
1485.3,,,14.729,-14.711,,,160,104,64,433,497,0
1486.3,,,14.728,-14.711,,,165,104,64,433,497,0
1487.3,,,14.728,-14.711,,,165,104,64,433,497,0
1488.3,,,14.728,-14.711,,,164,104,64,433,497,0
1489.3,,,14.729,-14.712,,,164,104,64,433,497,0
1490.3,,,14.736,-14.710,,,129,104,64,433,497,0
1491.3,,,14.763,-14.698,,,129,104,64,433,497,0
1492.3,,,14.795,-14.660,,,129,104,64,433,497,0
1493.3,,,14.811,-14.567,,,137,104,64,434,498,0
1494.3,,,14.809,-14.543,,,137,104,64,434,498,0
1495.3,,,14.815,-14.311,,,150,104,64,434,498,0
1496.3,,,14.823,-13.992,,,150,104,64,434,498,0
1497.3,,,14.831,-13.613,,,133,104,64,434,498,0
1498.3,,,14.708,-13.298,,,133,104,64,436,500,0
1499.3,,,14.681,-12.920,,,122,104,64,436,500,0
1500.3,,,14.670,-12.555,,,122,104,64,437,501,0
1501.3,,,14.661,-12.174,,,115,104,64,438,502,0
1502.3,,,14.649,-11.779,,,115,104,64,440,504,0
1503.3,,,14.639,-11.394,,,115,104,64,440,504,0
1504.3,,,14.626,-11.025,,,126,104,64,441,505,0
1505.3,,,14.614,-10.638,,,126,104,64,442,506,0
1506.3,,,14.600,-10.268,,,148,104,64,443,507,0
1507.3,,,14.583,-9.916,,,148,104,64,444,508,0
1508.3,,,14.568,-9.519,,,148,104,64,445,509,0
1509.3,,,14.550,-9.160,,,148,104,64,446,510,0
1510.3,,,14.533,-8.773,,,123,104,64,446,510,0
1511.3,,,14.529,-8.379,,,123,104,64,446,510,0
1512.3,,,14.530,-7.991,,,117,104,64,446,510,0
1513.3,,,14.531,-7.616,,,117,104,64,447,511,0
1514.3,,,14.532,-7.217,,,119,104,64,447,511,0
1515.3,,,14.529,-6.841,,,119,104,64,448,512,0
1516.3,,,14.529,-6.451,,,119,104,64,448,512,0
1517.3,,,14.526,-6.073,,,107,104,64,449,513,0
1518.3,,,14.524,-5.692,,,107,104,64,449,513,0
1519.3,,,14.521,-5.313,,,151,104,64,449,513,0
1520.3,,,14.518,-4.921,,,151,104,64,449,513,0
1521.3,,,14.499,-4.633,,,159,104,64,450,514,0
1522.3,,,14.494,-4.251,,,159,104,64,450,514,0
1523.3,,,14.483,-3.895,,,172,104,64,451,515,0
1524.3,,,14.476,-3.515,,,172,104,64,451,515,0
1525.3,,,14.482,-3.188,,,193,104,64,451,515,0
1526.3,,,14.501,-2.833,,,193,104,64,451,515,0
1527.3,,,14.514,-2.564,,,232,104,64,452,516,0
1528.3,,,14.524,-2.256,,,232,104,64,453,517,0
1529.3,,,14.540,-1.911,,,232,104,64,454,518,0
1530.3,,,14.551,-1.576,,,280,104,64,455,519,0
1531.3,,,14.563,-1.256,,,280,104,64,456,520,0
1532.3,,,14.578,-0.923,,,175,104,64,457,521,0
1533.3,,,14.587,-0.597,,,175,104,64,458,522,0
1534.3,,,14.598,-0.259,,,182,104,64,459,523,0
1535.3,,,14.605,0.080,,,182,104,64,460,524,0
1536.3,,,14.593,0.366,,,130,104,64,461,525,0
1537.3,,,14.605,0.729,,,130,104,64,461,525,0
1538.3,,,14.622,1.084,,,158,104,64,462,526,0
1539.3,,,14.636,1.462,,,158,104,64,464,528,0
1540.3,,,14.643,1.854,,,80,104,64,464,528,0
1541.3,,,14.653,2.248,,,80,104,64,464,528,0
1542.3,,,14.656,2.553,,,171,104,64,465,529,0
1543.3,,,14.666,2.967,,,171,104,64,467,531,0
1544.3,,,14.665,3.321,,,171,104,64,467,531,0
1545.3,,,14.668,3.662,,,160,104,64,468,532,0
1546.3,,,14.672,4.023,,,160,104,64,468,532,0
1547.3,,,14.677,4.388,,,162,104,64,469,533,0
1548.3,,,14.679,4.785,,,162,104,64,470,534,0
1549.3,,,14.680,5.165,,,153,104,64,471,535,0
1550.3,,,14.685,5.503,,,153,104,64,472,536,0
1551.3,,,14.681,5.873,,,123,104,64,473,537,0
1552.3,,,14.683,6.191,,,123,104,64,474,538,0
1553.3,,,14.682,6.526,,,132,104,64,475,539,0
1554.3,,,14.681,6.894,,,132,104,64,475,539,0
1555.3,,,14.677,7.255,,,158,104,64,476,540,0
1556.3,,,14.674,7.619,,,158,104,64,477,541,0
1557.3,,,14.691,7.947,,,158,104,64,478,542,0
1558.3,,,14.712,8.309,,,142,104,64,479,543,0
1559.3,,,14.733,8.689,,,142,104,64,480,544,0
1560.3,,,14.749,9.053,,,153,104,64,481,545,0
1561.3,,,14.765,9.436,,,153,104,64,482,546,0
1562.3,,,14.781,9.782,,,132,104,64,483,547,0
1563.3,,,14.791,10.025,,,132,104,64,484,548,0
1564.3,,,14.788,9.989,,,154,104,64,485,549,0
1565.3,,,14.788,9.988,,,154,104,64,485,549,0
1566.3,,,14.774,10.022,,,151,104,64,485,549,0
1567.3,,,14.743,10.049,,,151,104,64,486,550,0
1568.3,,,14.743,10.050,,,0,105,64,486,550,0
1569.3,,,14.743,10.050,,,0,107,64,486,550,0
1570.3,,,14.741,10.049,,,0,108,64,486,550,0
1571.3,,,14.743,10.049,,,0,109,64,487,551,0
1572.3,,,14.766,9.995,,,0,109,64,488,552,0
1573.3,,,14.772,9.986,,,174,109,64,488,552,0
1574.3,,,14.772,9.967,,,174,109,64,488,552,0
1575.3,,,14.768,9.718,,,179,109,64,488,552,0
1576.3,,,14.746,9.454,,,179,109,64,488,552,0
1577.3,,,14.748,9.158,,,146,109,64,490,554,0
1578.3,,,14.721,8.881,,,146,109,64,490,554,0
1579.3,,,14.727,8.609,,,151,109,64,491,555,0
1580.3,,,14.744,8.330,,,151,109,64,492,556,0
1581.3,,,14.763,8.062,,,145,109,64,493,557,0
1582.3,,,14.772,7.785,,,145,109,64,494,558,0
1583.3,,,14.770,7.439,,,145,109,64,495,559,0
1584.3,,,14.756,7.071,,,152,109,64,496,560,0
1585.3,,,14.744,6.732,,,152,109,64,497,561,0
1586.3,,,14.737,6.439,,,172,109,64,498,562,0
1587.3,,,14.724,6.102,,,172,109,64,499,563,0
1588.3,,,14.719,5.784,,,153,109,64,500,564,0
1589.3,,,14.712,5.473,,,153,109,64,501,565,0
1590.3,,,14.704,5.091,,,131,109,64,502,566,0
1591.3,,,14.698,4.700,,,131,109,64,503,567,0
1592.3,,,14.691,4.309,,,151,109,64,504,568,0
1593.3,,,14.686,3.923,,,151,109,64,505,569,0
1594.3,,,14.686,3.550,,,160,109,64,506,570,0
1595.3,,,14.681,3.163,,,160,109,64,507,571,0
1596.3,,,14.680,2.804,,,160,109,64,508,572,0
1597.3,,,14.676,2.441,,,150,109,64,509,573,0
1598.3,,,14.676,2.057,,,150,109,64,510,574,0
1599.3,,,14.677,1.678,,,171,109,64,511,575,0
1600.3,,,14.679,1.313,,,171,109,64,512,576,0
1601.3,,,14.683,0.943,,,134,109,64,513,577,0
1602.3,,,14.686,0.571,,,134,109,64,514,578,0
1603.3,,,14.661,0.286,,,132,109,64,515,579,0
1604.3,,,14.594,0.105,,,132,109,64,516,580,0
1605.3,,,14.423,-0.059,,,137,109,64,517,581,0
1606.3,,,14.193,-0.163,,,137,109,65,518,583,0
1607.3,,,13.968,-0.197,,,137,109,65,519,584,0
1608.3,,,13.918,-0.192,,,150,109,65,519,584,0
1609.3,,,13.898,-0.227,,,150,109,65,520,585,0
1610.3,,,13.901,-0.229,,,196,109,65,521,586,0
1611.3,,,13.900,-0.229,,,196,109,65,521,586,0
1612.3,,,13.654,-0.216,,,176,109,65,521,586,0
1613.3,,,13.266,-0.194,,,176,109,65,521,586,0
1614.3,,,12.859,-0.169,,,133,109,65,522,587,0
1615.3,,,12.476,-0.148,,,133,109,65,523,588,0
1616.3,,,12.104,-0.132,,,120,109,65,524,589,0
1617.3,,,11.742,-0.116,,,120,109,65,525,590,0
1618.3,,,11.334,-0.099,,,120,109,65,526,591,0
1619.3,,,10.993,-0.087,,,130,109,65,527,592,0
1620.3,,,10.603,-0.074,,,130,109,65,528,593,0
1621.3,,,10.262,-0.060,,,133,109,65,529,594,0
1622.3,,,9.855,-0.045,,,133,109,65,530,595,0
1623.3,,,9.498,-0.034,,,145,109,65,531,596,0
1624.3,,,9.080,-0.021,,,145,109,65,532,597,0
1625.3,,,8.740,-0.015,,,135,109,65,533,598,0
1626.3,,,8.403,-0.016,,,135,109,65,534,599,0
1627.3,,,8.067,-0.010,,,119,109,65,535,600,0
1628.3,,,7.673,-0.003,,,119,109,65,536,601,0
1629.3,,,7.304,0.000,,,120,109,65,537,602,0
1630.3,,,6.916,0.010,,,120,109,65,537,602,0
1631.4,,,6.574,0.009,,,120,109,65,538,603,0
1632.3,,,6.212,0.013,,,112,109,65,539,604,0
1633.3,,,5.821,0.012,,,112,109,65,540,605,0
1634.3,,,5.481,0.009,,,108,109,65,541,606,0
1635.3,,,5.133,0.002,,,108,109,65,542,607,0
1636.3,,,4.756,0.004,,,109,109,65,543,608,0
1637.3,,,4.420,-0.004,,,109,109,65,544,609,0
1638.3,,,4.049,-0.003,,,119,109,65,545,610,0
1639.3,,,3.684,-0.010,,,119,109,65,546,611,0
1640.3,,,3.301,-0.016,,,146,109,65,547,612,0
1641.3,,,2.918,-0.022,,,146,109,65,548,613,0
1642.3,,,2.562,-0.029,,,146,109,65,549,614,0
1643.3,,,2.176,-0.041,,,156,109,65,550,615,0
1644.3,,,1.816,-0.057,,,156,109,66,551,617,0
1645.3,,,1.430,-0.074,,,149,109,67,552,619,0
1646.3,,,1.075,-0.084,,,149,109,68,553,621,0
1647.3,,,0.697,-0.101,,,141,109,68,554,622,0
1648.3,,,0.351,-0.116,,,141,109,68,555,623,0
1649.3,,,0.348,-0.116,,,185,109,68,556,624,0
1650.3,,,0.384,-0.114,,,185,109,68,557,625,0
1651.3,,,0.383,-0.114,,,185,109,68,557,625,0
1652.3,,,0.383,-0.114,,,230,109,68,557,625,0
1653.3,,,0.357,-0.124,,,230,109,68,557,625,0
1654.3,,,0.319,-0.152,,,66,109,68,557,625,0
1655.3,,,0.360,-0.198,,,66,109,68,558,626,0
1656.3,,,0.356,-0.222,,,110,109,68,558,626,0
1657.3,,,0.416,-0.321,,,110,109,68,559,627,0
1658.3,,,0.442,-0.356,,,71,109,68,559,627,0
1659.3,,,0.451,-0.366,,,0,110,68,559,627,0
1660.3,,,0.420,-0.329,,,119,110,68,560,628,0
1661.3,,,0.418,-0.291,,,119,110,68,561,629,0
1662.3,,,0.418,-0.291,,,144,110,68,561,629,0
1663.3,,,0.417,-0.291,,,144,110,68,561,629,0
1664.3,,,0.421,-0.291,,,144,110,68,561,629,0
1665.3,,,0.523,-0.295,,,129,110,68,561,629,0
1666.3,,,0.833,-0.306,,,129,110,68,562,630,0
1667.3,,,1.175,-0.283,,,106,110,68,562,630,0
1668.3,,,1.505,-0.287,,,106,110,68,563,631,0
1669.3,,,1.556,-0.284,,,106,110,68,564,632,0
1670.3,,,1.546,-0.278,,,134,110,68,565,633,0
1671.3,,,1.546,-0.279,,,134,110,68,566,634,0
1672.3,,,1.438,-0.258,,,127,110,68,567,635,0
1673.3,,,1.164,-0.215,,,127,110,68,567,635,0
1674.3,,,0.903,-0.169,,,139,110,68,568,636,0
1675.3,,,0.669,-0.126,,,139,110,68,569,637,0
1676.3,,,0.425,-0.079,,,135,110,68,570,638,0
1677.3,,,0.293,-0.068,,,135,110,69,571,640,0
1678.3,,,0.141,-0.064,,,143,110,70,572,642,0
1679.3,,,-0.010,-0.046,,,143,110,71,573,644,0
1680.3,,,0.001,-0.041,,,143,110,71,574,645,0
1681.3,,,0.026,-0.041,,,169,110,71,575,646,0
1682.3,,,0.025,-0.041,,,169,110,71,575,646,0
1683.3,,,0.026,-0.041,,,169,110,71,575,646,0
1684.3,,,0.025,-0.041,,,155,110,71,575,646,0
1685.3,,,0.022,-0.041,,,155,110,71,575,646,0
1686.3,,,0.023,-0.041,,,155,110,71,575,646,0
1687.3,,,0.023,-0.041,,,148,110,71,575,646,0
1688.3,,,0.024,-0.041,,,148,110,71,575,646,0
1689.3,,,0.024,-0.041,,,148,110,71,575,646,0
1690.3,,,0.026,-0.041,,,158,110,71,575,646,0
1691.3,,,0.025,-0.041,,,158,110,71,575,646,0
1692.3,,,0.025,-0.041,,,165,110,71,575,646,0
1693.3,,,0.025,-0.041,,,165,110,71,575,646,0
1694.3,,,0.025,-0.041,,,165,110,71,575,646,0
1695.3,,,0.025,-0.041,,,165,110,71,575,646,0
1696.3,,,0.027,-0.041,,,152,110,71,575,646,0
1697.3,,,0.028,-0.041,,,152,110,71,575,646,0
1698.3,,,0.027,-0.041,,,152,110,71,575,646,0
1699.3,,,0.027,-0.041,,,153,110,71,575,646,0
1700.3,,,0.028,-0.041,,,153,110,71,575,646,0
1701.3,,,0.028,-0.041,,,153,110,71,575,646,0
1702.3,,,0.029,-0.041,,,147,110,71,575,646,0
1703.3,,,0.028,-0.041,,,147,110,71,575,646,0
1704.3,,,0.029,-0.041,,,147,110,71,575,646,0
1705.3,,,0.028,-0.041,,,159,110,71,575,646,0
1706.3,,,0.029,-0.041,,,159,110,71,575,646,0
1707.3,,,0.031,-0.041,,,159,110,71,575,646,0
1708.3,,,0.031,-0.041,,,141,110,71,575,646,0
1709.3,,,0.031,-0.041,,,141,110,71,575,646,0
1710.3,,,0.031,-0.041,,,141,110,71,575,646,0
1711.3,,,0.031,-0.041,,,141,110,71,575,646,0
1712.3,,,0.032,-0.041,,,153,110,71,575,646,0
1713.3,,,0.031,-0.041,,,153,110,71,575,646,0
1714.3,,,0.032,-0.041,,,153,110,71,575,646,0
1715.3,,,0.033,-0.041,,,157,110,71,575,646,0
1716.3,,,0.031,-0.041,,,157,110,71,575,646,0
1717.3,,,0.032,-0.041,,,157,110,71,575,646,0
1718.3,,,0.031,-0.041,,,157,110,71,575,646,0
1719.3,,,0.032,-0.041,,,145,110,71,575,646,0
1720.3,,,0.031,-0.041,,,145,110,71,575,646,0
1721.3,,,0.031,-0.041,,,145,110,71,575,646,0
1722.3,,,0.032,-0.041,,,158,110,71,575,646,0
1723.3,,,0.030,-0.041,,,158,110,71,575,646,0
1724.3,,,0.031,-0.041,,,158,110,71,575,646,0
1725.3,,,0.032,-0.041,,,158,110,71,575,646,0
1726.3,,,0.032,-0.041,,,158,110,71,575,646,0
1727.3,,,0.033,-0.041,,,155,110,71,575,646,0
1728.3,,,0.032,-0.041,,,155,110,71,575,646,0
1729.3,,,0.033,-0.041,,,155,110,71,575,646,0
1730.3,,,0.032,-0.041,,,155,110,71,575,646,0
1731.3,,,0.033,-0.041,,,148,110,71,575,646,0
1732.3,,,0.032,-0.041,,,148,110,71,575,646,0
1733.3,,,0.033,-0.041,,,148,110,71,575,646,0
1734.3,,,0.032,-0.041,,,148,110,71,575,646,0
1735.3,,,0.033,-0.041,,,148,110,71,575,646,0
1736.3,,,0.034,-0.041,,,148,110,71,575,646,0
1737.3,,,0.033,-0.041,,,148,110,71,575,646,0
1738.3,,,0.033,-0.041,,,148,110,71,575,646,0
1739.3,,,0.033,-0.041,,,143,110,71,575,646,0
1740.3,,,0.032,-0.041,,,143,110,71,575,646,0
1741.3,,,0.031,-0.041,,,143,110,71,575,646,0
1742.3,,,0.032,-0.041,,,143,110,71,575,646,0
1743.3,,,0.032,-0.041,,,143,110,71,575,646,0
1744.3,,,0.031,-0.041,,,155,110,71,575,646,0
