t,x,y,yaw,goal
0.167,2.7944,-14.4834,0.0566,-1
0.268,2.7945,-14.4834,0.0567,-1
0.368,2.7942,-14.4834,0.0566,4
0.468,2.7943,-14.4834,0.0567,4
0.568,2.7945,-14.4834,0.0566,4
0.668,2.7939,-14.4834,0.0534,4
0.768,2.7977,-14.4832,0.0495,4
0.868,2.8028,-14.4830,0.0481,4
0.968,2.8093,-14.4827,0.0531,4
1.068,2.8196,-14.4823,0.0578,4
1.168,2.8244,-14.4819,0.0607,4
1.268,2.8295,-14.4815,0.0626,4
1.368,2.8387,-14.4809,0.0645,4
1.468,2.8415,-14.4807,0.0658,4
1.568,2.8480,-14.4802,0.0590,4
1.668,2.8543,-14.4798,0.0530,4
1.768,2.8617,-14.4796,0.0535,4
1.868,2.8695,-14.4793,0.0551,4
1.968,2.8754,-14.4789,0.0522,4
2.068,2.8814,-14.4786,0.0557,4
2.168,2.8879,-14.4783,0.0498,4
2.268,2.8936,-14.4780,0.0480,4
2.368,2.9024,-14.4777,0.0460,4
2.468,2.9038,-14.4749,0.0511,4
2.568,2.9061,-14.4730,0.0521,4
2.668,2.9147,-14.4726,0.0468,4
2.768,2.9217,-14.4723,0.0378,4
2.868,2.9267,-14.4722,0.0321,4
2.969,2.9342,-14.4721,0.0262,4
3.068,2.9381,-14.4723,0.0210,4
3.168,2.9481,-14.4722,0.0227,4
3.268,2.9507,-14.4721,0.0248,4
3.375,2.9576,-14.4719,0.0257,4
3.468,2.9626,-14.4718,0.0218,4
3.568,2.9655,-14.4713,0.0219,4
3.668,2.9732,-14.4712,0.0191,4
3.768,2.9825,-14.4711,0.0151,4
3.868,2.9885,-14.4711,0.0081,4
3.968,2.9969,-14.4711,0.0064,4
4.068,3.0000,-14.4712,-0.0006,4
4.168,3.0075,-14.4713,-0.0086,4
4.268,3.0096,-14.4714,-0.0159,4
4.368,3.0185,-14.4717,-0.0227,4
4.468,3.0214,-14.4718,-0.0294,4
4.568,3.0228,-14.4629,-0.0416,4
4.668,3.0288,-14.4586,-0.0505,4
4.768,3.0353,-14.4590,-0.0559,4
4.868,3.0402,-14.4593,-0.0590,4
4.968,3.0446,-14.4597,-0.0591,4
5.068,3.0466,-14.4598,-0.0528,4
5.168,3.0518,-14.4601,-0.0549,4
5.268,3.0580,-14.4603,-0.0577,4
5.368,3.0607,-14.4605,-0.0624,4
5.468,3.0682,-14.4610,-0.0655,4
5.567,3.0715,-14.4613,-0.0700,4
5.668,3.0677,-14.4532,-0.0692,4
5.768,3.0705,-14.4535,-0.0721,4
5.868,3.0778,-14.4541,-0.0749,4
5.969,3.0788,-14.4542,-0.0773,4
6.068,3.0844,-14.4547,-0.0805,4
6.168,3.0896,-14.4551,-0.0835,4
6.268,3.0984,-14.4559,-0.0857,4
6.368,3.1033,-14.4564,-0.0881,4
6.468,3.1117,-14.4572,-0.0908,4
6.568,3.1134,-14.4574,-0.0923,4
6.668,3.1229,-14.4583,-0.0932,4
6.768,3.1246,-14.4584,-0.0943,4
6.868,3.1227,-14.4582,-0.0948,4
6.968,3.1304,-14.4589,-0.0948,4
7.068,3.1368,-14.4595,-0.0950,4
7.168,3.1427,-14.4601,-0.0957,4
7.268,3.1481,-14.4606,-0.0957,4
7.368,3.1531,-14.4612,-0.0966,4
7.471,3.1591,-14.4617,-0.0973,4
7.568,3.1620,-14.4620,-0.0977,4
7.667,3.1611,-14.4760,-0.0991,4
7.768,3.1692,-14.4768,-0.0992,4
7.868,3.1761,-14.4775,-0.0995,4
7.968,3.1811,-14.4780,-0.1035,4
8.067,3.1851,-14.4785,-0.1089,4
8.168,3.1915,-14.4792,-0.1077,4
8.268,3.1947,-14.4796,-0.1072,4
8.368,3.2026,-14.4804,-0.1063,4
8.468,3.2039,-14.4806,-0.1056,4
8.568,3.2084,-14.4810,-0.1042,4
8.668,3.2133,-14.4815,-0.1028,4
8.768,3.2220,-14.4824,-0.1028,4
8.868,3.2268,-14.4829,-0.1017,4
8.968,3.2305,-14.4832,-0.1019,4
9.068,3.2363,-14.4838,-0.1012,4
9.168,3.2419,-14.4844,-0.1005,4
9.268,3.2431,-14.4845,-0.1016,4
9.368,3.2474,-14.4850,-0.0998,4
9.467,3.2536,-14.4855,-0.0983,4
9.568,3.2608,-14.4862,-0.0933,4
9.668,3.2683,-14.4869,-0.0915,4
9.767,3.2755,-14.4823,-0.0875,4
9.868,3.2838,-14.4829,-0.0876,4
9.968,3.2888,-14.4834,-0.0875,4
10.068,3.2907,-14.4835,-0.0873,4
10.168,3.2965,-14.4840,-0.0872,4
10.268,3.3019,-14.4845,-0.0872,4
10.368,3.3074,-14.4850,-0.0840,4
10.468,3.3136,-14.4855,-0.0804,4
10.568,3.3194,-14.4859,-0.0793,4
10.668,3.3247,-14.4863,-0.0799,4
10.768,3.3268,-14.4809,-0.0774,4
10.868,3.3280,-14.4783,-0.0771,4
10.969,3.3334,-14.4787,-0.0673,4
11.068,3.3362,-14.4788,-0.0555,4
11.168,3.3444,-14.4792,-0.0583,4
11.269,3.3489,-14.4794,-0.0589,4
11.368,3.3522,-14.4796,-0.0592,4
11.468,3.3567,-14.4799,-0.0600,4
11.568,3.3601,-14.4801,-0.0609,4
11.668,3.3652,-14.4804,-0.0616,4
11.768,3.3695,-14.4830,-0.0593,4
11.867,3.3744,-14.4872,-0.0537,4
11.968,3.3815,-14.4876,-0.0542,4
12.068,3.3870,-14.4879,-0.0538,4
12.172,3.3924,-14.4882,-0.0543,4
12.269,3.3982,-14.4885,-0.0555,4
12.368,3.4018,-14.4887,-0.0548,4
12.468,3.4055,-14.4889,-0.0554,4
12.568,3.4137,-14.4895,-0.0553,4
12.667,3.4196,-14.4898,-0.0556,4
12.767,3.4236,-14.4900,-0.0558,4
12.868,3.4296,-14.4903,-0.0540,4
12.968,3.4338,-14.4906,-0.0527,4
13.068,3.4388,-14.4908,-0.0521,4
13.168,3.4434,-14.4911,-0.0530,4
13.268,3.4499,-14.4914,-0.0531,4
13.368,3.4515,-14.4915,-0.0512,4
13.468,3.4589,-14.4918,-0.0460,4
13.568,3.4676,-14.4922,-0.0429,4
13.668,3.4717,-14.4923,-0.0306,4
13.768,3.4774,-14.4925,-0.0239,4
13.868,3.4806,-14.4915,-0.0045,4
13.968,3.4836,-14.4868,0.0305,4
14.068,3.4857,-14.4863,0.0608,4
14.172,3.4871,-14.4859,0.0930,4
14.268,3.4881,-14.4857,0.1287,4
14.368,3.4889,-14.4855,0.1625,4
14.468,3.4868,-14.4860,0.1970,4
14.568,3.4850,-14.4865,0.2296,4
14.668,3.4894,-14.4850,0.2616,4
14.768,3.4883,-14.4855,0.3004,4
14.868,3.4871,-14.4944,0.3413,4
14.968,3.4876,-14.4943,0.3767,4
15.068,3.4901,-14.4927,0.4094,4
15.168,3.4916,-14.4916,0.4396,4
15.269,3.4946,-14.4900,0.4700,4
15.368,3.4947,-14.4900,0.4959,4
15.468,3.4945,-14.4901,0.5432,4
15.568,3.4953,-14.4895,0.5680,4
15.668,3.4947,-14.4898,0.6019,4
15.767,3.4975,-14.4876,0.6354,4
15.867,3.4949,-14.4823,0.6737,4
15.968,3.4833,-14.4628,0.7124,4
16.068,3.4842,-14.4617,0.7492,4
16.167,3.4875,-14.4576,0.7896,4
16.268,3.4859,-14.4597,0.8298,4
16.368,3.4900,-14.4542,0.8672,4
16.468,3.4885,-14.4562,0.8974,4
16.568,3.4921,-14.4503,0.9284,4
16.668,3.4924,-14.4499,0.9336,4
16.768,3.4951,-14.4454,0.9647,4
16.867,3.4951,-14.4453,0.9554,4
16.968,3.4942,-14.4472,0.9563,4
17.068,3.4942,-14.4472,0.9564,4
17.168,3.4938,-14.4478,0.9562,4
17.268,3.4928,-14.4493,0.9569,4
17.369,3.4933,-14.4485,0.9568,4
17.468,3.4915,-14.4513,0.9570,4
17.568,3.4915,-14.4513,0.9570,4
17.668,3.4908,-14.4523,0.9575,4
17.776,3.4915,-14.4513,0.9572,4
17.868,3.4915,-14.4513,0.9572,4
17.968,3.4916,-14.4512,0.9572,4
18.068,3.4917,-14.4511,0.9572,4
18.168,3.4926,-14.4499,0.9568,4
18.268,3.4923,-14.4502,0.9570,4
18.368,3.4923,-14.4503,0.9570,4
18.468,3.4923,-14.4503,0.9571,4
18.568,3.4929,-14.4495,0.9565,4
18.668,3.4925,-14.4501,0.9572,4
18.769,3.4927,-14.4498,0.9568,4
18.868,3.4927,-14.4498,0.9568,4
18.968,3.4927,-14.4498,0.9568,4
19.068,3.4927,-14.4498,0.9567,4
19.168,3.4927,-14.4498,0.9568,4
19.268,3.4934,-14.4489,0.9563,4
19.368,3.4931,-14.4494,0.9563,4
19.468,3.4940,-14.4481,0.9564,4
19.568,3.4932,-14.4492,0.9566,4
19.668,3.4926,-14.4502,0.9570,4
19.767,3.4927,-14.4501,0.9571,4
19.868,3.4927,-14.4501,0.9571,4
19.968,3.4918,-14.4513,0.9578,4
20.068,3.4919,-14.4512,0.9578,4
20.168,3.4917,-14.4515,0.9580,4
20.268,3.4917,-14.4515,0.9581,4
20.376,3.4919,-14.4513,0.9578,4
20.468,3.4919,-14.4513,0.9578,4
20.568,3.4920,-14.4512,0.9579,4
20.668,3.4922,-14.4509,0.9581,4
20.768,3.4930,-14.4497,0.9571,4
20.868,3.4925,-14.4504,0.9574,4
20.968,3.4926,-14.4504,0.9574,4
21.067,3.4928,-14.4501,0.9572,4
21.168,3.4925,-14.4504,0.9574,4
21.267,3.4925,-14.4504,0.9574,4
21.367,3.4922,-14.4509,0.9575,4
21.468,3.4925,-14.4505,0.9574,4
21.568,3.4922,-14.4510,0.9576,4
21.668,3.4922,-14.4510,0.9577,4
21.768,3.4922,-14.4510,0.9573,4
21.868,3.4920,-14.4512,0.9575,4
21.968,3.4929,-14.4500,0.9573,4
22.068,3.4929,-14.4500,0.9572,4
22.168,3.4921,-14.4512,0.9577,4
22.267,3.4932,-14.4498,0.9571,4
22.368,3.4937,-14.4491,0.9569,4
22.468,3.4924,-14.4511,0.9575,4
22.568,3.4931,-14.4502,0.9571,4
22.668,3.4929,-14.4505,0.9572,4
22.768,3.4930,-14.4504,0.9572,4
22.868,3.4922,-14.4514,0.9577,4
22.968,3.4922,-14.4515,0.9574,4
23.068,3.4931,-14.4502,0.9574,4
23.169,3.4931,-14.4503,0.9572,4
23.268,3.4928,-14.4507,0.9573,4
23.368,3.4922,-14.4515,0.9576,4
23.468,3.4924,-14.4513,0.9577,4
23.568,3.4924,-14.4512,0.9577,4
23.668,3.4925,-14.4512,0.9577,4
23.768,3.4927,-14.4509,0.9578,4
23.868,3.4932,-14.4502,0.9573,4
23.968,3.4932,-14.4502,0.9573,4
24.068,3.4932,-14.4503,0.9573,4
24.168,3.4937,-14.4496,0.9569,4
24.268,3.4929,-14.4508,0.9570,4
24.368,3.4926,-14.4512,0.9572,4
24.468,3.4925,-14.4514,0.9572,4
24.568,3.4919,-14.4523,0.9575,4
24.667,3.4934,-14.4502,0.9570,4
24.768,3.4928,-14.4512,0.9572,4
24.868,3.4925,-14.4515,0.9575,4
24.968,3.4925,-14.4516,0.9576,4
25.068,3.4928,-14.4513,0.9576,4
25.168,3.4930,-14.4509,0.9576,4
25.268,3.4935,-14.4503,0.9575,4
25.368,3.4935,-14.4503,0.9575,4
25.468,3.4949,-14.4484,0.9565,4
25.568,3.4932,-14.4510,0.9578,4
25.668,3.4957,-14.4477,0.9558,4
25.768,3.4957,-14.4477,0.9558,4
25.868,3.4954,-14.4481,0.9559,4
25.968,3.4943,-14.4497,0.9566,4
26.068,3.4957,-14.4478,0.9558,4
26.168,3.4957,-14.4478,0.9559,4
26.268,3.4958,-14.4477,0.9558,4
26.368,3.4954,-14.4482,0.9560,4
26.468,3.4949,-14.4490,0.9564,4
26.568,3.4953,-14.4485,0.9559,4
26.667,3.4963,-14.4472,0.9553,4
26.768,3.4949,-14.4492,0.9558,4
26.867,3.4960,-14.4477,0.9552,4
26.968,3.4939,-14.4509,0.9558,4
27.068,3.4925,-14.4531,0.9566,4
27.168,3.4918,-14.4542,0.9570,4
27.268,3.4919,-14.4540,0.9571,4
27.368,3.4925,-14.4533,0.9569,4
27.468,3.4930,-14.4526,0.9566,4
27.568,3.4930,-14.4526,0.9567,4
27.668,3.4931,-14.4525,0.9567,4
27.768,3.4936,-14.4517,0.9566,4
27.868,3.4932,-14.4523,0.9566,4
27.968,3.4926,-14.4532,0.9569,4
28.068,3.4923,-14.4537,0.9567,4
28.168,3.4929,-14.4529,0.9562,4
28.268,3.4931,-14.4526,0.9561,4
28.368,3.4930,-14.4528,0.9563,4
28.468,3.4928,-14.4531,0.9562,4
28.568,3.4922,-14.4541,0.9564,4
28.668,3.4926,-14.4536,0.9560,4
28.768,3.4933,-14.4526,0.9558,4
28.868,3.4935,-14.4522,0.9549,4
28.968,3.4937,-14.4520,0.9548,4
29.068,3.4939,-14.4517,0.9549,4
29.168,3.4934,-14.4524,0.9552,4
29.268,3.4942,-14.4514,0.9550,4
29.368,3.4937,-14.4521,0.9550,4
29.468,3.4943,-14.4514,0.9549,4
29.568,3.4935,-14.4524,0.9551,4
29.668,3.4934,-14.4526,0.9552,4
29.768,3.4932,-14.4529,0.9553,4
29.868,3.4934,-14.4525,0.9550,4
29.968,3.4935,-14.4525,0.9552,4
30.067,3.4944,-14.4512,0.9547,4
30.168,3.4942,-14.4515,0.9552,4
30.268,3.4940,-14.4518,0.9549,4
30.368,3.4939,-14.4520,0.9552,-1
