bag_receive_t,state,why,state_s
1790509182.464,UP,LOCK,112.3
1790509183.465,UP,LOCK,113.3
1790509184.467,UP,LOCK,114.3
1790509185.469,UP,LOCK,115.3
1790509186.471,UP,LOCK,116.3
1790509187.473,UP,LOCK,117.3
1790509188.474,UP,LOCK,118.3
1790509189.475,UP,LOCK,119.3
1790509190.478,UP,LOCK,120.3
1790509191.480,UP,LOCK,121.3
1790509192.481,UP,LOCK,122.3
1790509193.483,UP,LOCK,123.3
1790509194.485,UP,LOCK,124.3
1790509195.488,UP,LOCK,125.3
1790509196.489,UP,LOCK,126.3
1790509197.491,UP,LOCK,127.3
1790509198.493,UP,LOCK,128.3
1790509199.495,UP,LOCK,129.3
1790509200.498,UP,LOCK,130.3
1790509201.500,UP,LOCK,131.3
1790509202.503,UP,LOCK,132.3
1790509203.505,UP,LOCK,133.3
1790509204.506,UP,LOCK,134.3
1790509205.509,UP,LOCK,135.3
1790509206.510,UP,LOCK,136.3
1790509207.511,UP,LOCK,137.3
1790509208.512,UP,LOCK,138.3
1790509209.514,UP,LOCK,139.3
1790509210.516,UP,LOCK,140.3
1790509211.518,UP,LOCK,141.3
1790509212.520,UP,LOCK,142.3
1790509213.522,UP,LOCK,143.3
1790509214.524,UP,LOCK,144.3
1790509215.525,UP,LOCK,145.3
1790509216.527,UP,LOCK,146.4
1790509217.529,UP,LOCK,147.4
1790509218.530,UP,LOCK,148.4
1790509219.531,UP,LOCK,149.4
1790509220.533,UP,LOCK,150.4
1790509221.534,UP,LOCK,151.4
1790509222.536,UP,LOCK,152.4
1790509223.538,UP,LOCK,153.4
1790509224.540,UP,LOCK,154.4
1790509225.542,UP,LOCK,155.4
1790509226.544,UP,LOCK,156.4
1790509227.546,UP,LOCK,157.4
1790509228.549,UP,LOCK,158.4
1790509229.551,UP,LOCK,159.4
1790509230.553,UP,LOCK,160.4
1790509231.555,UP,LOCK,161.4
1790509232.557,UP,LOCK,162.4
1790509233.559,UP,LOCK,163.4
1790509234.561,UP,LOCK,164.4
1790509235.562,UP,LOCK,165.4
1790509236.563,UP,LOCK,166.4
1790509237.566,UP,LOCK,167.4
1790509238.569,UP,LOCK,168.4
1790509239.571,UP,LOCK,169.4
1790509240.572,UP,LOCK,170.4
1790509241.575,UP,LOCK,171.4
1790509242.576,UP,LOCK,172.4
1790509243.578,UP,LOCK,173.4
1790509244.580,UP,LOCK,174.4
1790509245.582,UP,LOCK,175.4
1790509246.585,UP,LOCK,176.4
1790509247.586,UP,LOCK,177.4
1790509248.588,UP,LOCK,178.4
1790509249.589,UP,LOCK,179.4
1790509250.592,UP,LOCK,180.4
1790509251.594,UP,LOCK,181.4
1790509252.595,UP,LOCK,182.4
1790509253.597,UP,LOCK,183.4
1790509254.599,UP,LOCK,184.4
1790509255.600,UP,LOCK,185.4
1790509256.603,UP,LOCK,186.4
1790509257.605,UP,LOCK,187.4
1790509258.607,UP,LOCK,188.4
1790509259.609,UP,LOCK,189.4
1790509260.612,UP,LOCK,190.4
1790509261.613,UP,LOCK,191.4
1790509262.614,UP,LOCK,192.4
1790509263.616,UP,LOCK,193.4
1790509264.618,UP,LOCK,194.4
1790509265.621,UP,LOCK,195.4
1790509266.622,UP,LOCK,196.4
1790509267.625,UP,LOCK,197.4
1790509268.627,UP,LOCK,198.5
1790509269.629,UP,LOCK,199.5
1790509270.631,UP,LOCK,200.5
1790509271.633,UP,LOCK,201.5
1790509272.634,UP,LOCK,202.5
1790509273.635,UP,LOCK,203.5
1790509274.637,UP,LOCK,204.5
1790509275.640,UP,LOCK,205.5
1790509276.643,UP,LOCK,206.5
1790509277.646,UP,LOCK,207.5
1790509278.649,UP,LOCK,208.5
1790509279.650,UP,LOCK,209.5
1790509280.652,UP,LOCK,210.5
1790509281.653,UP,LOCK,211.5
1790509282.654,UP,LOCK,212.5
1790509283.655,UP,LOCK,213.5
1790509284.656,UP,LOCK,214.5
1790509285.658,UP,LOCK,215.5
1790509286.659,UP,LOCK,216.5
1790509287.660,UP,LOCK,217.5
1790509288.663,UP,LOCK,218.5
1790509289.664,UP,LOCK,219.5
1790509290.666,UP,LOCK,220.5
1790509291.669,UP,LOCK,221.5
1790509292.671,UP,LOCK,222.5
1790509293.672,UP,LOCK,223.5
1790509294.673,UP,LOCK,224.5
1790509295.675,UP,LOCK,225.5
1790509296.676,UP,LOCK,226.5
1790509297.678,UP,LOCK,227.5
1790509298.679,UP,LOCK,228.5
1790509299.682,UP,LOCK,229.5
1790509300.684,UP,LOCK,230.5
1790509301.686,UP,LOCK,231.5
1790509302.687,UP,LOCK,232.5
1790509303.688,UP,LOCK,233.5
1790509304.691,UP,LOCK,234.5
1790509305.694,UP,LOCK,235.5
1790509306.698,UP,LOCK,236.5
1790509307.699,UP,LOCK,237.5
1790509308.701,UP,LOCK,238.5
1790509309.704,UP,LOCK,239.5
1790509310.706,UP,LOCK,240.5
1790509311.708,UP,LOCK,241.5
1790509312.711,UP,LOCK,242.5
1790509313.714,UP,LOCK,243.5
1790509314.716,UP,LOCK,244.5
1790509315.717,UP,LOCK,245.5
1790509316.719,UP,LOCK,246.5
1790509317.720,UP,LOCK,247.5
1790509318.722,UP,LOCK,248.5
1790509319.723,UP,LOCK,249.5
1790509320.726,UP,LOCK,250.5
1790509321.728,UP,LOCK,251.6
1790509322.729,UP,LOCK,252.6
1790509323.731,UP,LOCK,253.6
1790509324.733,UP,LOCK,254.6
1790509325.734,UP,LOCK,255.6
1790509326.735,UP,LOCK,256.6
1790509327.737,UP,LOCK,257.6
1790509328.739,UP,LOCK,258.6
1790509329.742,UP,LOCK,259.6
1790509330.744,UP,LOCK,260.6
1790509331.745,UP,LOCK,261.6
1790509332.746,UP,LOCK,262.6
1790509333.748,UP,LOCK,263.6
1790509334.749,UP,LOCK,264.6
1790509335.751,UP,LOCK,265.6
1790509336.753,UP,LOCK,266.6
1790509337.754,UP,LOCK,267.6
1790509338.757,UP,LOCK,268.6
1790509339.759,UP,LOCK,269.6
1790509340.762,UP,LOCK,270.6
1790509341.765,UP,LOCK,271.6
1790509342.767,UP,LOCK,272.6
1790509343.771,UP,LOCK,273.6
1790509344.771,UP,LOCK,274.6
1790509345.772,UP,LOCK,275.6
1790509346.774,UP,LOCK,276.6
1790509347.776,UP,LOCK,277.6
1790509348.777,UP,LOCK,278.6
1790509349.778,UP,LOCK,279.6
1790509350.781,UP,LOCK,280.6
1790509351.785,UP,LOCK,281.6
1790509352.785,UP,LOCK,282.6
1790509353.787,UP,LOCK,283.6
1790509354.789,UP,LOCK,284.6
1790509355.791,UP,LOCK,285.6
1790509356.793,UP,LOCK,286.6
1790509357.795,UP,LOCK,287.6
1790509358.796,UP,LOCK,288.6
1790509359.799,UP,LOCK,289.6
1790509360.800,UP,LOCK,290.6
1790509361.803,UP,LOCK,291.6
1790509362.805,UP,LOCK,292.6
1790509363.807,UP,LOCK,293.6
1790509364.808,UP,LOCK,294.6
1790509365.811,UP,LOCK,295.6
1790509366.813,UP,LOCK,296.6
1790509367.814,UP,LOCK,297.6
1790509368.815,UP,LOCK,298.6
1790509369.817,UP,LOCK,299.6
1790509370.819,UP,LOCK,300.6
1790509371.821,UP,LOCK,301.6
1790509372.823,UP,LOCK,302.6
1790509373.824,UP,LOCK,303.6
1790509374.825,UP,LOCK,304.6
1790509375.826,UP,LOCK,305.7
1790509376.828,UP,LOCK,306.7
1790509377.829,UP,LOCK,307.7
1790509378.831,UP,LOCK,308.7
1790509379.833,UP,LOCK,309.7
1790509380.834,UP,LOCK,310.7
1790509381.835,UP,LOCK,311.7
1790509382.837,UP,LOCK,312.7
1790509383.838,UP,LOCK,313.7
1790509384.840,UP,LOCK,314.7
1790509385.841,UP,LOCK,315.7
1790509386.842,UP,LOCK,316.7
1790509387.843,UP,LOCK,317.7
1790509388.845,UP,LOCK,318.7
1790509389.846,UP,LOCK,319.7
1790509390.848,UP,LOCK,320.7
1790509391.850,UP,LOCK,321.7
1790509392.851,UP,LOCK,322.7
1790509393.853,UP,LOCK,323.7
1790509394.855,UP,LOCK,324.7
1790509395.857,UP,LOCK,325.7
1790509396.858,UP,LOCK,326.7
1790509397.861,UP,LOCK,327.7
1790509398.862,UP,LOCK,328.7
1790509399.864,UP,LOCK,329.7
1790509400.867,UP,LOCK,330.7
1790509401.867,UP,LOCK,331.7
1790509402.869,UP,LOCK,332.7
1790509403.870,UP,LOCK,333.7
1790509404.871,UP,LOCK,334.7
1790509405.872,UP,LOCK,335.7
1790509406.874,UP,LOCK,336.7
1790509407.875,UP,LOCK,337.7
1790509408.877,UP,LOCK,338.7
1790509409.879,UP,LOCK,339.7
1790509410.881,UP,LOCK,340.7
1790509411.883,UP,LOCK,341.7
1790509412.885,UP,LOCK,342.7
1790509413.887,UP,LOCK,343.7
1790509414.889,UP,LOCK,344.7
1790509415.890,UP,LOCK,345.7
1790509416.892,UP,LOCK,346.7
1790509417.899,UP,LOCK,347.7
1790509418.898,UP,LOCK,348.7
1790509419.899,UP,LOCK,349.7
1790509420.902,UP,LOCK,350.7
1790509421.902,UP,LOCK,351.7
1790509422.903,UP,LOCK,352.7
1790509423.904,UP,LOCK,353.7
1790509424.906,UP,LOCK,354.7
1790509425.907,UP,LOCK,355.7
1790509426.910,UP,LOCK,356.7
1790509427.913,UP,LOCK,357.7
1790509428.916,UP,LOCK,358.7
1790509429.919,UP,LOCK,359.7
1790509430.921,UP,LOCK,360.7
1790509431.923,UP,LOCK,361.7
1790509432.924,UP,LOCK,362.7
1790509433.927,UP,LOCK,363.8
1790509434.928,UP,LOCK,364.8
1790509435.930,UP,LOCK,365.8
1790509436.933,UP,LOCK,366.8
1790509437.935,UP,LOCK,367.8
1790509438.936,UP,LOCK,368.8
1790509439.937,UP,LOCK,369.8
1790509440.939,UP,LOCK,370.8
1790509441.940,UP,LOCK,371.8
1790509442.942,UP,LOCK,372.8
1790509443.944,UP,LOCK,373.8
1790509444.945,UP,LOCK,374.8
1790509445.946,UP,LOCK,375.8
1790509446.949,UP,LOCK,376.8
1790509447.950,UP,LOCK,377.8
1790509448.952,UP,LOCK,378.8
1790509449.953,UP,LOCK,379.8
1790509450.955,UP,LOCK,380.8
1790509451.956,UP,LOCK,381.8
1790509452.958,UP,LOCK,382.8
1790509453.960,UP,LOCK,383.8
1790509454.962,UP,LOCK,384.8
1790509455.965,UP,LOCK,385.8
1790509456.966,UP,LOCK,386.8
1790509457.968,UP,LOCK,387.8
1790509458.970,UP,LOCK,388.8
1790509459.972,UP,LOCK,389.8
1790509460.973,UP,LOCK,390.8
1790509461.975,UP,LOCK,391.8
1790509462.977,UP,LOCK,392.8
1790509463.979,UP,LOCK,393.8
1790509464.984,UP,LOCK,394.8
1790509465.982,UP,LOCK,395.8
1790509466.983,UP,LOCK,396.8
1790509467.984,UP,LOCK,397.8
1790509468.987,UP,LOCK,398.8
1790509469.989,UP,LOCK,399.8
1790509470.990,UP,LOCK,400.8
1790509471.991,UP,LOCK,401.8
1790509472.993,UP,LOCK,402.8
1790509473.994,UP,LOCK,403.8
1790509474.996,UP,LOCK,404.8
1790509476.000,UP,LOCK,405.8
1790509477.002,UP,LOCK,406.8
1790509478.003,UP,LOCK,407.8
1790509479.005,UP,LOCK,408.8
1790509480.007,UP,LOCK,409.8
1790509481.009,UP,LOCK,410.8
1790509482.010,UP,LOCK,411.8
1790509483.011,UP,LOCK,412.8
1790509484.013,UP,LOCK,413.8
1790509485.014,UP,LOCK,414.8
1790509486.015,UP,LOCK,415.8
1790509487.018,UP,LOCK,416.8
1790509488.019,UP,LOCK,417.8
1790509489.020,UP,LOCK,418.8
1790509490.023,UP,LOCK,419.8
1790509491.024,UP,LOCK,420.8
1790509492.026,UP,LOCK,421.9
1790509493.028,UP,LOCK,422.9
1790509494.030,UP,LOCK,423.9
1790509495.033,UP,LOCK,424.9
1790509496.035,UP,LOCK,425.9
1790509497.037,UP,LOCK,426.9
1790509498.043,UP,LOCK,427.9
1790509499.041,UP,LOCK,428.9
1790509500.042,UP,LOCK,429.9
1790509501.043,UP,LOCK,430.9
1790509502.045,UP,LOCK,431.9
1790509503.047,UP,LOCK,432.9
1790509504.049,UP,LOCK,433.9
1790509505.051,UP,LOCK,434.9
1790509506.053,UP,LOCK,435.9
1790509507.055,UP,LOCK,436.9
1790509508.060,UP,LOCK,437.9
1790509509.062,UP,LOCK,438.9
1790509510.064,UP,LOCK,439.9
1790509511.066,UP,LOCK,440.9
1790509512.067,UP,LOCK,441.9
1790509513.069,UP,LOCK,442.9
1790509514.070,UP,LOCK,443.9
1790509515.071,UP,LOCK,444.9
1790509516.072,UP,LOCK,445.9
1790509517.075,UP,LOCK,446.9
1790509518.076,UP,LOCK,447.9
1790509519.079,UP,LOCK,448.9
1790509520.081,UP,LOCK,449.9
1790509521.083,UP,LOCK,450.9
1790509522.085,UP,LOCK,451.9
1790509523.086,UP,LOCK,452.9
1790509524.088,UP,LOCK,453.9
1790509525.091,UP,LOCK,454.9
1790509526.092,UP,LOCK,455.9
1790509527.094,UP,LOCK,456.9
1790509528.095,UP,LOCK,457.9
1790509529.096,UP,LOCK,458.9
1790509530.098,UP,LOCK,459.9
1790509531.100,UP,LOCK,460.9
1790509532.104,UP,LOCK,461.9
1790509533.106,UP,LOCK,462.9
1790509534.107,UP,LOCK,463.9
1790509535.108,UP,LOCK,464.9
1790509536.110,UP,LOCK,465.9
1790509537.111,UP,LOCK,466.9
1790509538.112,UP,LOCK,467.9
1790509539.114,UP,LOCK,468.9
1790509540.115,UP,LOCK,469.9
1790509541.116,UP,LOCK,470.9
1790509542.120,UP,LOCK,471.9
1790509543.123,UP,LOCK,472.9
1790509544.123,UP,LOCK,473.9
1790509545.125,UP,LOCK,474.9
1790509546.126,UP,LOCK,476.0
1790509547.127,UP,LOCK,477.0
1790509548.129,UP,LOCK,478.0
1790509549.132,UP,LOCK,479.0
1790509550.133,UP,LOCK,480.0
1790509551.134,UP,LOCK,481.0
1790509552.136,UP,LOCK,482.0
1790509553.144,UP,LOCK,483.0
1790509554.140,UP,LOCK,484.0
1790509555.141,UP,LOCK,485.0
1790509556.144,UP,LOCK,486.0
1790509557.146,UP,LOCK,487.0
1790509558.148,UP,LOCK,488.0
1790509559.149,UP,LOCK,489.0
1790509560.150,UP,LOCK,490.0
1790509561.152,UP,LOCK,491.0
1790509562.154,UP,LOCK,492.0
1790509563.156,UP,LOCK,493.0
1790509564.158,UP,LOCK,494.0
1790509565.160,UP,LOCK,495.0
1790509566.161,UP,LOCK,496.0
1790509567.164,UP,LOCK,497.0
1790509568.165,UP,LOCK,498.0
1790509569.167,UP,LOCK,499.0
1790509570.168,UP,LOCK,500.0
1790509571.170,UP,LOCK,501.0
1790509572.172,UP,LOCK,502.0
1790509573.173,UP,LOCK,503.0
1790509574.174,UP,LOCK,504.0
1790509575.175,UP,LOCK,505.0
1790509576.177,UP,LOCK,506.0
1790509577.180,UP,LOCK,507.0
1790509578.181,UP,LOCK,508.0
1790509579.183,UP,LOCK,509.0
1790509580.185,UP,LOCK,510.0
1790509581.189,UP,LOCK,511.0
1790509582.188,UP,LOCK,512.0
1790509583.189,UP,LOCK,513.0
1790509584.191,UP,LOCK,514.0
1790509585.193,UP,LOCK,515.0
1790509586.194,UP,LOCK,516.0
1790509587.195,UP,LOCK,517.0
1790509588.197,UP,LOCK,518.0
1790509589.199,UP,LOCK,519.0
1790509590.201,UP,LOCK,520.0
1790509591.203,UP,LOCK,521.0
1790509592.205,UP,LOCK,522.0
1790509593.206,UP,LOCK,523.0
1790509594.208,UP,LOCK,524.0
1790509595.209,UP,LOCK,525.0
1790509596.210,UP,RELOCK_QUICK,0.0
1790509597.211,UP,RELOCK_QUICK,1.0
1790509598.212,UP,RELOCK_QUICK,2.0
1790509599.214,UP,RELOCK_QUICK,3.0
1790509600.216,UP,RELOCK_QUICK,4.0
1790509601.219,UP,RELOCK_QUICK,5.0
1790509602.219,UP,RELOCK_QUICK,6.0
1790509603.222,UP,RELOCK_QUICK,7.0
1790509604.222,UP,RELOCK_QUICK,8.0
1790509605.223,UP,RELOCK_QUICK,9.0
1790509606.225,UP,RELOCK_QUICK,10.0
1790509607.226,UP,RELOCK_QUICK,11.0
1790509608.228,UP,RELOCK_QUICK,12.0
1790509609.229,UP,RELOCK_QUICK,13.0
1790509610.233,UP,RELOCK_QUICK,14.0
1790509611.235,UP,RELOCK_QUICK,15.0
1790509612.237,UP,RELOCK_QUICK,16.0
1790509613.239,UP,RELOCK_QUICK,17.0
1790509614.241,UP,RELOCK_QUICK,18.0
1790509615.242,UP,RELOCK_QUICK,19.0
1790509616.243,UP,RELOCK_QUICK,20.0
1790509617.245,UP,RELOCK_QUICK,21.0
1790509618.246,UP,RELOCK_QUICK,22.0
1790509619.248,UP,RELOCK_QUICK,23.1
1790509620.250,UP,RELOCK_QUICK,24.1
1790509621.250,UP,RELOCK_QUICK,25.1
1790509622.253,UP,RELOCK_QUICK,26.1
1790509623.254,UP,RELOCK_QUICK,27.1
1790509624.255,UP,RELOCK_QUICK,28.1
1790509625.258,UP,RELOCK_QUICK,29.1
1790509626.259,UP,RELOCK_QUICK,30.1
1790509627.261,UP,RELOCK_QUICK,31.1
1790509628.262,UP,RELOCK_QUICK,32.1
1790509629.264,UP,RELOCK_QUICK,33.1
1790509630.266,UP,RELOCK_QUICK,34.1
1790509631.268,UP,RELOCK_QUICK,35.1
1790509632.270,UP,RELOCK_QUICK,36.1
1790509633.272,UP,RELOCK_QUICK,37.1
1790509634.274,UP,RELOCK_QUICK,38.1
1790509635.276,UP,RELOCK_QUICK,39.1
1790509636.278,UP,RELOCK_QUICK,40.1
1790509637.279,UP,RELOCK_QUICK,41.1
1790509638.281,UP,RELOCK_QUICK,42.1
1790509639.283,UP,RELOCK_QUICK,43.1
1790509640.285,UP,RELOCK_QUICK,44.1
1790509641.286,UP,RELOCK_QUICK,45.1
1790509642.288,UP,RELOCK_QUICK,46.1
1790509643.290,UP,RELOCK_QUICK,47.1
1790509644.292,UP,RELOCK_QUICK,48.1
1790509645.294,UP,RELOCK_QUICK,49.1
1790509646.295,UP,RELOCK_QUICK,50.1
1790509647.297,UP,RELOCK_QUICK,51.1
1790509648.298,UP,RELOCK_QUICK,52.1
1790509649.300,UP,RELOCK_QUICK,53.1
1790509650.301,UP,RELOCK_QUICK,54.1
1790509651.304,UP,RELOCK_QUICK,55.1
1790509652.306,UP,RELOCK_QUICK,56.1
1790509653.308,UP,RELOCK_QUICK,57.1
1790509654.309,UP,RELOCK_QUICK,58.1
1790509655.311,UP,RELOCK_QUICK,59.1
1790509656.313,UP,RELOCK_QUICK,60.1
1790509657.314,UP,RELOCK_QUICK,61.1
1790509658.316,UP,RELOCK_QUICK,62.1
1790509659.317,UP,RELOCK_QUICK,63.1
1790509660.318,UP,RELOCK_QUICK,64.1
1790509661.320,UP,RELOCK_QUICK,65.1
1790509662.322,UP,RELOCK_QUICK,66.1
1790509663.324,UP,RELOCK_QUICK,67.1
1790509664.325,UP,RELOCK_QUICK,68.1
1790509665.327,UP,RELOCK_QUICK,69.1
1790509666.329,UP,RELOCK_QUICK,70.1
1790509667.331,UP,RELOCK_QUICK,71.1
1790509668.333,UP,RELOCK_QUICK,72.1
1790509669.335,UP,RELOCK_QUICK,73.1
1790509670.338,UP,RELOCK_QUICK,74.1
1790509671.340,UP,RELOCK_QUICK,75.1
1790509672.341,UP,RELOCK_QUICK,76.1
1790509673.342,UP,RELOCK_QUICK,77.1
1790509674.344,UP,RELOCK_QUICK,78.1
1790509675.347,UP,RELOCK_QUICK,79.1
1790509676.347,UP,RELOCK_QUICK,80.2
1790509677.348,UP,RELOCK_QUICK,81.2
1790509678.350,UP,RELOCK_QUICK,82.2
1790509679.352,UP,RELOCK_QUICK,83.2
1790509680.354,UP,RELOCK_QUICK,84.2
1790509681.356,UP,RELOCK_QUICK,85.2
1790509682.357,UP,RELOCK_QUICK,86.2
1790509683.359,UP,RELOCK_QUICK,87.2
1790509684.360,UP,RELOCK_QUICK,88.2
1790509685.362,UP,RELOCK_QUICK,89.2
1790509686.363,UP,RELOCK_QUICK,90.2
1790509687.365,UP,RELOCK_QUICK,91.2
1790509688.366,UP,RELOCK_QUICK,92.2
1790509689.368,UP,RELOCK_QUICK,93.2
1790509690.369,UP,RELOCK_QUICK,94.2
1790509691.371,UP,RELOCK_QUICK,95.2
1790509692.373,UP,RELOCK_QUICK,96.2
1790509693.374,UP,RELOCK_QUICK,97.2
1790509694.376,UP,RELOCK_QUICK,98.2
1790509695.377,UP,RELOCK_QUICK,99.2
1790509696.379,UP,RELOCK_QUICK,100.2
1790509697.381,UP,RELOCK_QUICK,101.2
1790509698.383,UP,RELOCK_QUICK,102.2
1790509699.384,UP,RELOCK_QUICK,103.2
1790509700.386,UP,RELOCK_QUICK,104.2
1790509701.387,UP,RELOCK_QUICK,105.2
1790509702.390,UP,RELOCK_QUICK,106.2
1790509703.391,UP,RELOCK_QUICK,107.2
1790509704.393,UP,RELOCK_QUICK,108.2
1790509705.395,UP,RELOCK_QUICK,109.2
1790509706.397,UP,RELOCK_QUICK,110.2
1790509707.398,UP,RELOCK_QUICK,111.2
1790509708.400,UP,RELOCK_QUICK,112.2
1790509709.402,UP,RELOCK_QUICK,113.2
1790509710.404,UP,RELOCK_QUICK,114.2
1790509711.406,UP,RELOCK_QUICK,115.2
1790509712.408,UP,RELOCK_QUICK,116.2
1790509713.410,UP,RELOCK_QUICK,117.2
1790509714.412,UP,RELOCK_QUICK,118.2
1790509715.414,UP,RELOCK_QUICK,119.2
1790509716.414,UP,RELOCK_QUICK,120.2
1790509717.417,UP,RELOCK_QUICK,121.2
1790509718.418,UP,RELOCK_QUICK,122.2
1790509719.421,UP,RELOCK_QUICK,123.2
1790509720.421,UP,RELOCK_QUICK,124.2
1790509721.422,UP,RELOCK_QUICK,125.2
1790509722.423,UP,RELOCK_QUICK,126.2
1790509723.425,UP,RELOCK_QUICK,127.2
1790509724.427,UP,RELOCK_QUICK,128.2
1790509725.429,UP,RELOCK_QUICK,129.2
1790509726.430,UP,RELOCK_QUICK,130.2
1790509727.431,UP,RELOCK_QUICK,131.2
1790509728.432,UP,RELOCK_QUICK,132.2
1790509729.434,UP,RELOCK_QUICK,133.2
1790509730.435,UP,RELOCK_QUICK,134.2
1790509731.437,UP,RELOCK_QUICK,135.2
1790509732.439,UP,RELOCK_QUICK,136.2
1790509733.440,UP,RELOCK_QUICK,137.2
1790509734.443,UP,RELOCK_QUICK,138.2
1790509735.445,UP,RELOCK_QUICK,139.2
1790509736.447,UP,RELOCK_QUICK,140.2
1790509737.448,UP,RELOCK_QUICK,141.3
1790509738.450,UP,RELOCK_QUICK,142.3
1790509739.451,UP,RELOCK_QUICK,143.3
1790509740.452,UP,RELOCK_QUICK,144.3
1790509741.454,UP,RELOCK_QUICK,145.3
1790509742.456,UP,RELOCK_QUICK,146.3
1790509743.457,UP,RELOCK_QUICK,147.3
1790509744.459,UP,RELOCK_QUICK,148.3
1790509745.460,UP,RELOCK_QUICK,149.3
1790509746.462,UP,RELOCK_QUICK,150.3
1790509747.463,UP,RELOCK_QUICK,151.3
1790509748.466,UP,RELOCK_QUICK,152.3
1790509749.466,UP,RELOCK_QUICK,153.3
1790509750.467,UP,RELOCK_QUICK,154.3
1790509751.469,UP,RELOCK_QUICK,155.3
1790509752.472,UP,RELOCK_QUICK,156.3
1790509753.471,UP,RELOCK_QUICK,157.3
1790509754.473,UP,RELOCK_QUICK,158.3
1790509755.474,UP,RELOCK_QUICK,159.3
1790509756.476,UP,RELOCK_QUICK,160.3
1790509757.477,UP,RELOCK_QUICK,161.3
1790509758.479,UP,RELOCK_QUICK,162.3
1790509759.481,UP,RELOCK_QUICK,163.3
1790509760.483,UP,RELOCK_QUICK,164.3
1790509761.484,UP,RELOCK_QUICK,165.3
1790509762.485,UP,RELOCK_QUICK,166.3
1790509763.487,UP,RELOCK_QUICK,167.3
1790509764.488,UP,RELOCK_QUICK,168.3
1790509765.489,UP,RELOCK_QUICK,169.3
1790509766.491,UP,RELOCK_QUICK,170.3
1790509767.492,UP,RELOCK_QUICK,171.3
1790509768.493,UP,RELOCK_QUICK,172.3
1790509769.496,UP,RELOCK_QUICK,173.3
1790509770.497,UP,RELOCK_QUICK,174.3
1790509771.498,UP,RELOCK_QUICK,175.3
1790509772.499,UP,RELOCK_QUICK,176.3
1790509773.501,UP,RELOCK_QUICK,177.3
1790509774.503,UP,RELOCK_QUICK,178.3
1790509775.505,UP,RELOCK_QUICK,179.3
1790509776.507,UP,RELOCK_QUICK,180.3
1790509777.509,UP,RELOCK_QUICK,181.3
1790509778.510,UP,RELOCK_QUICK,182.3
1790509779.513,UP,RELOCK_QUICK,183.3
1790509780.515,UP,RELOCK_QUICK,184.3
1790509781.516,UP,RELOCK_QUICK,185.3
1790509782.519,UP,RELOCK_QUICK,186.3
1790509783.519,UP,RELOCK_QUICK,187.3
1790509784.521,UP,RELOCK_QUICK,188.3
1790509785.522,UP,RELOCK_QUICK,189.3
1790509786.524,UP,RELOCK_QUICK,190.3
1790509787.525,UP,RELOCK_QUICK,191.3
1790509788.528,UP,RELOCK_QUICK,192.3
1790509789.529,UP,RELOCK_QUICK,193.3
1790509790.530,UP,RELOCK_QUICK,194.3
1790509791.533,UP,RELOCK_QUICK,195.3
1790509792.536,UP,RELOCK_QUICK,196.3
1790509793.537,UP,RELOCK_QUICK,197.3
1790509794.539,UP,RELOCK_QUICK,198.3
1790509795.541,UP,RELOCK_QUICK,199.3
1790509796.543,UP,RELOCK_QUICK,200.3
1790509797.545,UP,RELOCK_QUICK,201.3
1790509798.546,UP,RELOCK_QUICK,202.3
1790509799.547,UP,RELOCK_QUICK,203.4
1790509800.549,UP,RELOCK_QUICK,204.4
1790509801.553,UP,RELOCK_QUICK,205.4
1790509802.553,UP,RELOCK_QUICK,206.4
1790509803.554,UP,RELOCK_QUICK,207.4
1790509804.554,UP,RELOCK_QUICK,208.4
1790509805.557,UP,RELOCK_QUICK,209.4
1790509806.557,UP,RELOCK_QUICK,210.4
1790509807.558,UP,RELOCK_QUICK,211.4
1790509808.560,UP,RELOCK_QUICK,212.4
1790509809.562,UP,RELOCK_QUICK,213.4
1790509810.564,UP,RELOCK_QUICK,214.4
1790509811.566,UP,RELOCK_QUICK,215.4
1790509812.568,UP,RELOCK_QUICK,216.4
1790509813.569,UP,RELOCK_QUICK,217.4
1790509814.570,UP,RELOCK_QUICK,218.4
1790509815.571,UP,RELOCK_QUICK,219.4
1790509816.572,UP,RELOCK_QUICK,220.4
1790509817.574,UP,RELOCK_QUICK,221.4
1790509818.576,UP,RELOCK_QUICK,222.4
1790509819.577,UP,RELOCK_QUICK,223.4
1790509820.578,UP,RELOCK_QUICK,224.4
1790509821.580,UP,RELOCK_QUICK,225.4
1790509822.583,UP,RELOCK_QUICK,226.4
1790509823.585,UP,RELOCK_QUICK,227.4
1790509824.586,UP,RELOCK_QUICK,228.4
1790509825.588,UP,RELOCK_QUICK,229.4
1790509826.589,UP,RELOCK_QUICK,230.4
1790509827.591,UP,RELOCK_QUICK,231.4
1790509828.593,UP,RELOCK_QUICK,232.4
1790509829.595,UP,RELOCK_QUICK,233.4
1790509830.596,UP,RELOCK_QUICK,234.4
1790509831.599,UP,RELOCK_QUICK,235.4
1790509832.601,UP,RELOCK_QUICK,236.4
1790509833.602,UP,RELOCK_QUICK,237.4
1790509834.603,UP,RELOCK_QUICK,238.4
1790509835.605,UP,RELOCK_QUICK,239.4
1790509836.607,UP,RELOCK_QUICK,240.4
1790509837.610,UP,RELOCK_QUICK,241.4
1790509838.612,UP,RELOCK_QUICK,242.4
1790509839.614,UP,RELOCK_QUICK,243.4
1790509840.616,UP,RELOCK_QUICK,244.4
1790509841.618,UP,RELOCK_QUICK,245.4
1790509842.620,UP,RELOCK_QUICK,246.4
1790509843.622,UP,RELOCK_QUICK,247.4
1790509844.623,UP,RELOCK_QUICK,248.4
1790509845.625,UP,RELOCK_QUICK,249.4
1790509846.627,UP,RELOCK_QUICK,250.4
1790509847.629,UP,RELOCK_QUICK,251.4
1790509848.630,UP,RELOCK_QUICK,252.4
1790509849.633,UP,RELOCK_QUICK,253.4
1790509850.634,UP,RELOCK_QUICK,254.4
1790509851.636,UP,RELOCK_QUICK,255.4
1790509852.637,UP,RELOCK_QUICK,256.4
1790509853.639,UP,RELOCK_QUICK,257.4
1790509854.640,UP,RELOCK_QUICK,258.4
1790509855.641,UP,RELOCK_QUICK,259.4
1790509856.643,UP,RELOCK_QUICK,260.4
1790509857.644,UP,RELOCK_QUICK,261.4
1790509858.645,UP,RELOCK_QUICK,262.4
1790509859.646,UP,RELOCK_QUICK,263.4
1790509860.647,UP,RELOCK_QUICK,264.5
1790509861.649,UP,RELOCK_QUICK,265.5
1790509862.651,UP,RELOCK_QUICK,266.5
1790509863.656,UP,RELOCK_QUICK,267.5
1790509864.658,UP,RELOCK_QUICK,268.5
1790509865.657,UP,RELOCK_QUICK,269.5
1790509866.658,UP,RELOCK_QUICK,270.5
1790509867.659,UP,RELOCK_QUICK,271.5
1790509868.661,UP,RELOCK_QUICK,272.5
1790509869.662,UP,RELOCK_QUICK,273.5
1790509870.665,UP,RELOCK_QUICK,274.5
1790509871.666,UP,RELOCK_QUICK,275.5
1790509872.668,UP,RELOCK_QUICK,276.5
1790509873.670,UP,RELOCK_QUICK,277.5
1790509874.672,UP,RELOCK_QUICK,278.5
1790509875.674,UP,RELOCK_QUICK,279.5
1790509876.676,UP,RELOCK_QUICK,280.5
1790509877.678,UP,RELOCK_QUICK,281.5
1790509878.680,UP,RELOCK_QUICK,282.5
1790509879.682,UP,RELOCK_QUICK,283.5
1790509880.683,UP,RELOCK_QUICK,284.5
1790509881.685,UP,RELOCK_QUICK,285.5
1790509882.686,UP,RELOCK_QUICK,286.5
1790509883.687,UP,RELOCK_QUICK,287.5
1790509884.689,UP,RELOCK_QUICK,288.5
1790509885.690,UP,RELOCK_QUICK,289.5
1790509886.692,UP,RELOCK_QUICK,290.5
1790509887.693,UP,RELOCK_QUICK,291.5
1790509888.696,UP,RELOCK_QUICK,292.5
1790509889.697,UP,RELOCK_QUICK,293.5
1790509890.699,UP,RELOCK_QUICK,294.5
1790509891.704,UP,RELOCK_QUICK,295.5
1790509892.703,UP,RELOCK_QUICK,296.5
1790509893.705,UP,RELOCK_QUICK,297.5
1790509894.706,UP,RELOCK_QUICK,298.5
1790509895.707,UP,RELOCK_QUICK,299.5
1790509896.709,UP,RELOCK_QUICK,300.5
1790509897.711,UP,RELOCK_QUICK,301.5
1790509898.713,UP,RELOCK_QUICK,302.5
1790509899.715,UP,RELOCK_QUICK,303.5
1790509900.717,UP,RELOCK_QUICK,304.5
1790509901.718,UP,RELOCK_QUICK,305.5
1790509902.719,UP,RELOCK_QUICK,306.5
1790509903.721,UP,RELOCK_QUICK,307.5
1790509904.722,UP,RELOCK_QUICK,308.5
1790509905.724,UP,RELOCK_QUICK,309.5
1790509906.732,UP,RELOCK_QUICK,310.5
1790509907.731,UP,RELOCK_QUICK,311.5
1790509908.732,UP,RELOCK_QUICK,312.5
1790509909.733,UP,RELOCK_QUICK,313.5
1790509910.735,UP,RELOCK_QUICK,314.5
1790509911.736,UP,RELOCK_QUICK,315.5
1790509912.738,UP,RELOCK_QUICK,316.5
1790509913.741,UP,RELOCK_QUICK,317.5
1790509914.742,UP,RELOCK_QUICK,318.5
1790509915.744,UP,RELOCK_QUICK,319.5
1790509916.745,UP,RELOCK_QUICK,320.5
1790509917.747,UP,RELOCK_QUICK,321.5
1790509918.749,UP,RELOCK_QUICK,322.6
1790509919.750,UP,RELOCK_QUICK,323.6
1790509920.752,UP,RELOCK_QUICK,0.1
1790509921.756,UP,RELOCK_QUICK,1.1
1790509922.755,UP,RELOCK_QUICK,2.1
1790509923.757,UP,RELOCK_QUICK,3.1
1790509924.758,UP,RELOCK_QUICK,4.1
1790509925.760,UP,RELOCK_QUICK,5.2
1790509926.762,UP,RELOCK_QUICK,6.2
1790509927.764,UP,RELOCK_QUICK,7.2
1790509928.766,UP,RELOCK_QUICK,8.2
1790509929.767,UP,RELOCK_QUICK,9.2
1790509930.769,UP,RELOCK_QUICK,10.2
1790509931.770,UP,RELOCK_QUICK,11.2
1790509932.772,UP,RELOCK_QUICK,12.2
1790509933.774,UP,RELOCK_QUICK,13.2
1790509934.776,UP,RELOCK_QUICK,14.2
1790509935.778,UP,RELOCK_QUICK,15.2
1790509936.780,UP,RELOCK_QUICK,16.2
1790509937.782,UP,RELOCK_QUICK,17.2
1790509938.784,UP,RELOCK_QUICK,18.2
1790509939.786,UP,RELOCK_QUICK,19.2
1790509940.788,UP,RELOCK_QUICK,20.2
1790509941.791,UP,RELOCK_QUICK,21.2
1790509942.798,UP,RELOCK_QUICK,22.2
1790509943.794,UP,RELOCK_QUICK,23.2
1790509944.795,UP,RELOCK_QUICK,24.2
1790509945.797,UP,RELOCK_QUICK,25.2
1790509946.799,UP,RELOCK_QUICK,26.2
1790509947.801,UP,RELOCK_QUICK,27.2
1790509948.802,UP,RELOCK_QUICK,28.2
1790509949.804,UP,RELOCK_QUICK,29.2
1790509950.805,UP,RELOCK_QUICK,30.2
1790509951.807,UP,RELOCK_QUICK,31.2
1790509952.807,UP,RELOCK_QUICK,32.2
1790509953.808,UP,RELOCK_QUICK,33.2
1790509954.812,UP,RELOCK_QUICK,34.2
1790509955.812,UP,RELOCK_QUICK,35.2
1790509956.813,UP,RELOCK_QUICK,36.2
1790509957.815,UP,RELOCK_QUICK,37.2
1790509958.817,UP,RELOCK_QUICK,38.2
1790509959.819,UP,RELOCK_QUICK,39.2
1790509960.820,UP,RELOCK_QUICK,40.2
1790509961.822,UP,RELOCK_QUICK,41.2
1790509962.825,UP,RELOCK_QUICK,42.2
1790509963.826,UP,RELOCK_QUICK,43.2
1790509964.828,UP,RELOCK_QUICK,44.2
1790509965.829,UP,RELOCK_QUICK,45.2
1790509966.831,UP,RELOCK_QUICK,46.2
1790509967.833,UP,RELOCK_QUICK,47.2
1790509968.835,UP,RELOCK_QUICK,48.2
1790509969.837,UP,RELOCK_QUICK,49.2
1790509970.839,UP,RELOCK_QUICK,50.2
1790509971.841,UP,RELOCK_QUICK,51.2
1790509972.843,UP,RELOCK_QUICK,52.2
1790509973.845,UP,RELOCK_QUICK,53.2
1790509974.847,UP,RELOCK_QUICK,54.2
1790509975.848,UP,RELOCK_QUICK,55.2
1790509976.852,UP,RELOCK_QUICK,56.2
1790509977.854,UP,RELOCK_QUICK,57.2
1790509978.858,UP,RELOCK_QUICK,58.2
1790509979.858,UP,RELOCK_QUICK,59.2
1790509980.860,UP,RELOCK_QUICK,60.3
1790509981.861,UP,RELOCK_QUICK,61.3
1790509982.863,UP,RELOCK_QUICK,62.3
1790509983.864,UP,RELOCK_QUICK,63.3
1790509984.867,UP,RELOCK_QUICK,64.3
1790509985.869,UP,RELOCK_QUICK,65.3
1790509986.871,UP,RELOCK_QUICK,66.3
1790509987.872,UP,RELOCK_QUICK,67.3
1790509988.873,UP,RELOCK_QUICK,68.3
1790509989.874,UP,RELOCK_QUICK,69.3
1790509990.875,UP,RELOCK_QUICK,70.3
1790509991.877,UP,RELOCK_QUICK,71.3
1790509992.879,UP,RELOCK_QUICK,72.3
1790509993.881,UP,RELOCK_QUICK,73.3
1790509994.883,UP,RELOCK_QUICK,74.3
1790509995.884,UP,RELOCK_QUICK,75.3
1790509996.886,UP,RELOCK_QUICK,76.3
1790509997.887,UP,RELOCK_QUICK,77.3
1790509998.889,UP,RELOCK_QUICK,78.3
1790509999.890,UP,RELOCK_QUICK,79.3
1790510000.891,UP,RELOCK_QUICK,80.3
1790510001.892,UP,RELOCK_QUICK,81.3
1790510002.894,UP,RELOCK_QUICK,82.3
1790510003.896,UP,RELOCK_QUICK,83.3
1790510004.898,UP,RELOCK_QUICK,84.3
1790510005.900,UP,RELOCK_QUICK,85.3
1790510006.902,UP,RELOCK_QUICK,86.3
1790510007.905,UP,RELOCK_QUICK,87.3
1790510008.906,UP,RELOCK_QUICK,88.3
1790510009.908,UP,RELOCK_QUICK,89.3
1790510010.910,UP,RELOCK_QUICK,90.3
1790510011.912,UP,RELOCK_QUICK,91.3
1790510012.915,UP,RELOCK_QUICK,92.3
1790510013.916,UP,RELOCK_QUICK,93.3
1790510014.918,UP,RELOCK_QUICK,94.3
1790510015.921,UP,RELOCK_QUICK,95.3
1790510016.922,UP,RELOCK_QUICK,96.3
1790510017.924,UP,RELOCK_QUICK,97.3
1790510018.926,UP,RELOCK_QUICK,98.3
1790510019.927,UP,RELOCK_QUICK,99.3
1790510020.929,UP,RELOCK_QUICK,100.3
1790510021.931,UP,RELOCK_QUICK,101.3
1790510022.933,UP,RELOCK_QUICK,102.3
1790510023.935,UP,RELOCK_QUICK,103.3
1790510024.937,UP,RELOCK_QUICK,104.3
1790510025.939,UP,RELOCK_QUICK,105.3
1790510026.941,UP,RELOCK_QUICK,106.3
1790510027.943,UP,RELOCK_QUICK,107.3
1790510028.945,UP,RELOCK_QUICK,108.3
1790510029.946,UP,RELOCK_QUICK,109.3
1790510030.948,UP,RELOCK_QUICK,110.3
1790510031.948,UP,RELOCK_QUICK,111.3
1790510032.951,UP,RELOCK_QUICK,112.3
1790510033.953,UP,RELOCK_QUICK,113.3
1790510034.955,UP,RELOCK_QUICK,114.3
1790510035.957,UP,RELOCK_QUICK,115.3
1790510036.959,UP,RELOCK_QUICK,116.3
1790510037.961,UP,RELOCK_QUICK,117.4
1790510038.962,UP,RELOCK_QUICK,118.4
1790510039.963,UP,RELOCK_QUICK,119.4
1790510040.964,UP,RELOCK_QUICK,120.4
1790510041.966,UP,RELOCK_QUICK,121.4
1790510042.968,UP,RELOCK_QUICK,122.4
1790510043.970,UP,RELOCK_QUICK,123.4
1790510044.972,UP,RELOCK_QUICK,124.4
1790510045.974,UP,RELOCK_QUICK,125.4
1790510046.976,UP,RELOCK_QUICK,126.4
1790510047.977,UP,RELOCK_QUICK,127.4
1790510048.979,UP,RELOCK_QUICK,128.4
1790510049.981,UP,RELOCK_QUICK,129.4
1790510050.982,UP,RELOCK_QUICK,130.4
1790510051.984,UP,RELOCK_QUICK,131.4
1790510052.986,UP,RELOCK_QUICK,132.4
1790510053.988,UP,RELOCK_QUICK,133.4
1790510054.990,UP,RELOCK_QUICK,134.4
1790510055.992,UP,RELOCK_QUICK,135.4
1790510056.995,UP,RELOCK_QUICK,136.4
1790510057.996,UP,RELOCK_QUICK,137.4
1790510058.998,UP,RELOCK_QUICK,138.4
1790510060.000,UP,RELOCK_QUICK,139.4
1790510061.001,UP,RELOCK_QUICK,140.4
1790510062.004,UP,RELOCK_QUICK,141.4
1790510063.005,UP,RELOCK_QUICK,142.4
1790510064.012,UP,RELOCK_QUICK,143.4
1790510065.008,UP,RELOCK_QUICK,144.4
1790510066.010,UP,RELOCK_QUICK,145.4
1790510067.012,UP,RELOCK_QUICK,146.4
1790510068.013,UP,RELOCK_QUICK,147.4
1790510069.015,UP,RELOCK_QUICK,148.4
1790510070.016,UP,RELOCK_QUICK,149.4
1790510071.017,UP,RELOCK_QUICK,150.4
1790510072.019,UP,RELOCK_QUICK,151.4
1790510073.021,UP,RELOCK_QUICK,152.4
1790510074.023,UP,RELOCK_QUICK,153.4
1790510075.024,UP,RELOCK_QUICK,154.4
1790510076.025,UP,RELOCK_QUICK,155.4
1790510077.027,UP,RELOCK_QUICK,156.4
1790510078.029,UP,RELOCK_QUICK,157.4
1790510079.031,UP,RELOCK_QUICK,158.4
1790510080.032,UP,RELOCK_QUICK,159.4
1790510081.034,UP,RELOCK_QUICK,160.4
1790510082.035,UP,RELOCK_QUICK,161.4
1790510083.037,UP,RELOCK_QUICK,162.4
1790510084.043,UP,RELOCK_QUICK,163.4
1790510085.041,UP,RELOCK_QUICK,164.4
1790510086.041,UP,RELOCK_QUICK,165.4
1790510087.043,UP,RELOCK_QUICK,166.4
1790510088.045,UP,RELOCK_QUICK,167.4
1790510089.046,UP,RELOCK_QUICK,168.4
1790510090.049,UP,RELOCK_QUICK,169.4
1790510091.051,UP,RELOCK_QUICK,170.4
1790510092.053,UP,RELOCK_QUICK,171.4
1790510093.055,UP,RELOCK_QUICK,172.4
1790510094.060,UP,RELOCK_QUICK,173.4
1790510095.057,UP,RELOCK_QUICK,174.4
1790510096.059,UP,RELOCK_QUICK,175.4
1790510097.061,UP,RELOCK_QUICK,176.5
1790510098.063,UP,RELOCK_QUICK,177.5
1790510099.065,UP,RELOCK_QUICK,178.5
1790510100.067,UP,RELOCK_QUICK,179.5
1790510101.069,UP,RELOCK_QUICK,180.5
1790510102.071,UP,RELOCK_QUICK,181.5
1790510103.073,UP,RELOCK_QUICK,182.5
1790510104.075,UP,RELOCK_QUICK,183.5
1790510105.077,UP,RELOCK_QUICK,184.5
1790510106.078,UP,RELOCK_QUICK,185.5
1790510107.081,UP,RELOCK_QUICK,186.5
1790510108.083,UP,RELOCK_QUICK,187.5
1790510109.084,UP,RELOCK_QUICK,188.5
1790510110.085,UP,RELOCK_QUICK,189.5
1790510111.088,UP,RELOCK_QUICK,190.5
1790510112.089,UP,RELOCK_QUICK,191.5
1790510113.092,UP,RELOCK_QUICK,192.5
1790510114.093,UP,RELOCK_QUICK,193.5
1790510115.095,UP,RELOCK_QUICK,194.5
1790510116.096,UP,RELOCK_QUICK,195.5
1790510117.098,UP,RELOCK_QUICK,196.5
1790510118.099,UP,RELOCK_QUICK,197.5
1790510119.102,UP,RELOCK_QUICK,198.5
1790510120.103,UP,RELOCK_QUICK,199.5
1790510121.104,UP,RELOCK_QUICK,200.5
1790510122.106,UP,RELOCK_QUICK,201.5
1790510123.108,UP,RELOCK_QUICK,202.5
1790510124.109,UP,RELOCK_QUICK,203.5
1790510125.111,DOWN,no bytes for 1.5 s,1.0
1790510126.113,DOWN,<robot-wifi-address>:8111 timed out,2.0
1790510127.116,DOWN,<robot-wifi-address>:8111 timed out,3.0
1790510128.117,DOWN,<robot-wifi-address>:8111 timed out,4.0
1790510129.119,DOWN,<robot-wifi-address>:8111 timed out,5.0
1790510130.121,DOWN,<robot-wifi-address>:8111 timed out,6.0
1790510131.125,DOWN,<robot-wifi-address>:8111 timed out,7.0
1790510132.125,DOWN,<robot-wifi-address>:8111 timed out,8.0
1790510133.127,DOWN,<robot-wifi-address>:8111 timed out,9.0
1790510134.129,DOWN,<robot-wifi-address>:8111 timed out,10.0
1790510135.130,DOWN,<robot-wifi-address>:8111 timed out,11.0
1790510136.131,DOWN,<robot-wifi-address>:8111 timed out,12.0
1790510137.132,DOWN,<robot-wifi-address>:8111 timed out,13.0
1790510138.135,DOWN,<robot-wifi-address>:8111 timed out,14.0
1790510139.137,UP,RELOCK_QUICK,0.5
1790510140.138,UP,RELOCK_QUICK,1.5
1790510141.140,UP,RELOCK_QUICK,2.5
1790510142.141,UP,RELOCK_QUICK,3.5
1790510143.142,UP,RELOCK_QUICK,4.5
1790510144.143,UP,RELOCK_QUICK,5.5
1790510145.145,UP,RELOCK_QUICK,6.5
1790510146.146,UP,RELOCK_QUICK,7.5
1790510147.147,UP,RELOCK_QUICK,8.5
1790510148.149,UP,RELOCK_QUICK,9.5
1790510149.150,UP,RELOCK_QUICK,10.5
1790510150.151,UP,RELOCK_QUICK,11.5
1790510151.153,UP,RELOCK_QUICK,12.5
1790510152.155,UP,RELOCK_QUICK,13.5
1790510153.157,UP,RELOCK_QUICK,14.5
1790510154.158,UP,RELOCK_QUICK,15.5
1790510155.159,UP,RELOCK_QUICK,16.5
1790510156.162,UP,RELOCK_QUICK,17.5
1790510157.163,UP,RELOCK_QUICK,18.5
1790510158.165,UP,RELOCK_QUICK,19.5
1790510159.167,UP,RELOCK_QUICK,20.5
1790510160.168,UP,RELOCK_QUICK,21.5
1790510161.171,UP,RELOCK_QUICK,22.5
1790510162.172,UP,RELOCK_QUICK,23.5
1790510163.174,UP,RELOCK_QUICK,24.5
1790510164.176,UP,RELOCK_QUICK,25.5
1790510165.177,UP,RELOCK_QUICK,26.5
1790510166.181,UP,RELOCK_QUICK,27.5
1790510167.181,UP,RELOCK_QUICK,28.5
1790510168.182,UP,RELOCK_QUICK,29.5
1790510169.183,UP,RELOCK_QUICK,30.5
1790510170.185,DOWN,no bytes for 1.5 s,1.0
1790510171.186,DOWN,<robot-wifi-address>:8111 timed out,2.0
1790510172.188,DOWN,<robot-wifi-address>:8111 timed out,3.0
1790510173.190,DOWN,<robot-wifi-address>:8111 timed out,4.0
1790510174.191,DOWN,<robot-wifi-address>:8111 timed out,5.0
1790510175.194,DOWN,<robot-wifi-address>:8111 timed out,6.0
1790510176.196,DOWN,<robot-wifi-address>:8111 timed out,7.0
1790510177.197,DOWN,<robot-wifi-address>:8111 timed out,8.0
1790510178.199,DOWN,<robot-wifi-address>:8111 timed out,9.0
1790510179.201,DOWN,<robot-wifi-address>:8111 timed out,10.0
1790510180.203,DOWN,<robot-wifi-address>:8111 timed out,11.0
1790510181.204,UP,RELOCK_QUICK,0.9
1790510182.205,UP,RELOCK_QUICK,1.9
1790510183.208,UP,RELOCK_QUICK,2.9
1790510184.208,UP,RELOCK_QUICK,3.9
1790510185.210,UP,RELOCK_QUICK,4.9
1790510186.212,UP,RELOCK_QUICK,5.9
1790510187.213,UP,RELOCK_QUICK,6.9
1790510188.215,UP,RELOCK_QUICK,7.9
1790510189.216,UP,RELOCK_QUICK,8.9
1790510190.218,UP,RELOCK_QUICK,9.9
1790510191.220,UP,RELOCK_QUICK,10.9
1790510192.221,UP,RELOCK_QUICK,11.9
1790510193.224,UP,RELOCK_QUICK,12.9
1790510194.225,UP,RELOCK_QUICK,13.9
1790510195.227,UP,RELOCK_QUICK,14.9
1790510196.229,UP,RELOCK_QUICK,15.9
1790510197.230,UP,RELOCK_QUICK,16.9
1790510198.233,UP,RELOCK_QUICK,17.9
1790510199.235,UP,RELOCK_QUICK,18.9
1790510200.237,UP,RELOCK_QUICK,19.9
1790510201.238,UP,RELOCK_QUICK,20.9
1790510202.240,UP,RELOCK_QUICK,21.9
1790510203.242,UP,RELOCK_QUICK,22.9
1790510204.244,UP,RELOCK_QUICK,23.9
1790510205.246,UP,RELOCK_QUICK,24.9
1790510206.247,UP,RELOCK_QUICK,25.9
1790510207.249,UP,RELOCK_QUICK,26.9
1790510208.250,UP,RELOCK_QUICK,27.9
1790510209.251,UP,RELOCK_QUICK,28.9
1790510210.253,UP,RELOCK_QUICK,29.9
1790510211.254,UP,RELOCK_QUICK,30.9
1790510212.255,UP,RELOCK_QUICK,31.9
1790510213.256,UP,RELOCK_QUICK,32.9
1790510214.258,UP,RELOCK_QUICK,33.9
1790510215.260,UP,RELOCK_QUICK,34.9
1790510216.262,UP,RELOCK_QUICK,35.9
1790510217.263,UP,RELOCK_QUICK,36.9
1790510218.265,UP,RELOCK_QUICK,37.9
1790510219.266,UP,RELOCK_QUICK,38.9
1790510220.268,UP,RELOCK_QUICK,39.9
1790510221.270,UP,RELOCK_QUICK,40.9
1790510222.271,UP,RELOCK_QUICK,41.9
1790510223.273,UP,RELOCK_QUICK,42.9
1790510224.281,UP,RELOCK_QUICK,43.9
1790510225.277,UP,RELOCK_QUICK,44.9
1790510226.278,UP,RELOCK_QUICK,45.9
1790510227.280,UP,RELOCK_QUICK,46.9
1790510228.283,UP,RELOCK_QUICK,47.9
1790510229.285,UP,RELOCK_QUICK,48.9
1790510230.286,UP,RELOCK_QUICK,49.9
1790510231.288,UP,RELOCK_QUICK,50.9
1790510232.291,UP,RELOCK_QUICK,52.0
1790510233.292,UP,RELOCK_QUICK,53.0
1790510234.295,UP,RELOCK_QUICK,54.0
1790510235.296,UP,RELOCK_QUICK,55.0
1790510236.298,UP,RELOCK_QUICK,56.0
1790510237.299,UP,RELOCK_QUICK,57.0
1790510238.301,UP,RELOCK_QUICK,58.0
1790510239.303,DOWN,no bytes for 1.5 s,0.2
1790510240.305,DOWN,no bytes for 1.5 s,1.2
1790510241.308,DOWN,<robot-wifi-address>:8111 timed out,2.2
1790510242.309,DOWN,<robot-wifi-address>:8111 timed out,3.2
1790510243.310,DOWN,<robot-wifi-address>:8111 timed out,4.2
1790510244.311,DOWN,<robot-wifi-address>:8111 timed out,5.2
1790510245.313,DOWN,<robot-wifi-address>:8111 timed out,6.2
1790510246.314,DOWN,<robot-wifi-address>:8111 timed out,7.2
1790510247.316,DOWN,<robot-wifi-address>:8111 timed out,8.2
1790510248.317,DOWN,<robot-wifi-address>:8111 timed out,9.2
1790510249.319,DOWN,<robot-wifi-address>:8111 timed out,10.2
1790510250.321,DOWN,<robot-wifi-address>:8111 No route to host,11.2
1790510251.322,DOWN,<robot-wifi-address>:8111 No route to host,12.2
1790510252.326,DOWN,<robot-wifi-address>:8111 timed out,13.2
1790510253.328,DOWN,<robot-wifi-address>:8111 timed out,14.2
1790510254.330,DOWN,<robot-wifi-address>:8111 timed out,15.2
1790510255.331,DOWN,<robot-wifi-address>:8111 timed out,16.2
1790510256.333,DOWN,<robot-wifi-address>:8111 timed out,17.2
1790510257.334,DOWN,<robot-wifi-address>:8111 timed out,18.2
1790510258.337,DOWN,<robot-wifi-address>:8111 timed out,19.2
1790510259.339,DOWN,<robot-wifi-address>:8111 timed out,20.2
1790510260.341,DOWN,<robot-wifi-address>:8111 timed out,21.2
1790510261.342,DOWN,<robot-wifi-address>:8111 timed out,22.2
1790510262.344,DOWN,<robot-wifi-address>:8111 timed out,23.2
1790510263.346,DOWN,<robot-wifi-address>:8111 timed out,24.2
1790510264.348,DOWN,<robot-wifi-address>:8111 timed out,25.2
1790510265.348,DOWN,<robot-wifi-address>:8111 timed out,26.2
1790510266.349,DOWN,<robot-wifi-address>:8111 timed out,27.2
1790510267.352,DOWN,<robot-wifi-address>:8111 timed out,28.2
1790510268.353,DOWN,<robot-wifi-address>:8111 timed out,29.2
1790510269.356,DOWN,<robot-wifi-address>:8111 timed out,30.2
1790510270.357,LOCKING,clock,0.1
1790510271.359,UP,RELOCK_QUICK,1.0
1790510272.361,UP,RELOCK_QUICK,2.0
1790510273.362,UP,RELOCK_QUICK,3.0
1790510274.364,UP,RELOCK_QUICK,4.0
1790510275.366,UP,RELOCK_QUICK,5.0
1790510276.368,UP,RELOCK_QUICK,6.0
1790510277.370,UP,RELOCK_QUICK,7.0
1790510278.371,UP,RELOCK_QUICK,8.0
1790510279.373,UP,RELOCK_QUICK,9.0
1790510280.374,UP,RELOCK_QUICK,10.0
1790510281.377,DOWN,no bytes for 1.5 s,1.0
1790510282.378,LOCKING,clock,0.2
1790510283.379,UP,RELOCK_QUICK,0.7
1790510284.381,UP,RELOCK_QUICK,1.7
1790510285.382,UP,RELOCK_QUICK,2.7
1790510286.384,UP,RELOCK_QUICK,3.7
1790510287.386,UP,RELOCK_QUICK,4.7
1790510288.388,UP,RELOCK_QUICK,5.7
1790510289.390,UP,RELOCK_QUICK,6.7
1790510290.393,UP,RELOCK_QUICK,7.7
1790510291.395,UP,RELOCK_QUICK,8.7
1790510292.396,UP,RELOCK_QUICK,9.7
1790510293.399,UP,RELOCK_QUICK,10.7
1790510294.402,UP,RELOCK_QUICK,11.7
1790510295.402,UP,RELOCK_QUICK,12.7
1790510296.404,UP,RELOCK_QUICK,13.7
1790510297.406,UP,RELOCK_QUICK,14.7
1790510298.409,UP,RELOCK_QUICK,15.7
1790510299.410,UP,RELOCK_QUICK,16.7
1790510300.412,UP,RELOCK_QUICK,17.7
1790510301.413,UP,RELOCK_QUICK,18.7
1790510302.415,UP,RELOCK_QUICK,19.7
1790510303.416,UP,RELOCK_QUICK,20.7
1790510304.418,UP,RELOCK_QUICK,21.7
1790510305.420,UP,RELOCK_QUICK,22.7
1790510306.421,UP,RELOCK_QUICK,23.7
1790510307.423,LOCKING,clock,0.1
1790510308.425,UP,RELOCK_QUICK,1.0
1790510309.427,UP,RELOCK_QUICK,2.0
1790510310.428,UP,RELOCK_QUICK,3.0
1790510311.431,UP,RELOCK_QUICK,4.0
1790510312.431,UP,RELOCK_QUICK,5.0
1790510313.433,UP,RELOCK_QUICK,6.0
1790510314.435,UP,RELOCK_QUICK,7.0
1790510315.436,UP,RELOCK_QUICK,8.0
1790510316.438,UP,RELOCK_QUICK,9.0
1790510317.440,UP,RELOCK_QUICK,10.0
1790510318.442,UP,RELOCK_QUICK,11.0
1790510319.444,UP,RELOCK_QUICK,12.0
1790510320.447,UP,RELOCK_QUICK,13.0
1790510321.449,UP,RELOCK_QUICK,14.0
1790510322.450,UP,RELOCK_QUICK,15.0
1790510323.451,UP,RELOCK_QUICK,16.0
1790510324.453,UP,RELOCK_QUICK,17.0
1790510325.456,UP,RELOCK_QUICK,18.0
1790510326.457,UP,RELOCK_QUICK,19.0
1790510327.458,UP,RELOCK_QUICK,20.0
1790510328.460,UP,RELOCK_QUICK,21.0
1790510329.462,UP,RELOCK_QUICK,22.0
1790510330.464,UP,RELOCK_QUICK,23.0
1790510331.466,UP,RELOCK_QUICK,24.0
1790510332.467,UP,RELOCK_QUICK,25.0
1790510333.469,UP,RELOCK_QUICK,26.0
1790510334.470,UP,RELOCK_QUICK,27.0
1790510335.472,UP,RELOCK_QUICK,28.0
1790510336.474,UP,RELOCK_QUICK,29.0
1790510337.476,UP,RELOCK_QUICK,30.0
1790510338.477,UP,RELOCK_QUICK,31.0
1790510339.479,UP,RELOCK_QUICK,32.0
1790510340.480,UP,RELOCK_QUICK,33.0
1790510341.481,UP,RELOCK_QUICK,34.0
1790510342.484,UP,RELOCK_QUICK,35.0
1790510343.485,UP,RELOCK_QUICK,36.0
1790510344.487,UP,RELOCK_QUICK,37.0
1790510345.489,UP,RELOCK_QUICK,38.0
1790510346.490,UP,RELOCK_QUICK,39.0
1790510347.491,UP,RELOCK_QUICK,40.0
1790510348.493,UP,RELOCK_QUICK,41.0
1790510349.495,UP,RELOCK_QUICK,42.0
1790510350.500,UP,RELOCK_QUICK,43.0
1790510351.497,UP,RELOCK_QUICK,44.0
1790510352.499,UP,RELOCK_QUICK,45.0
1790510353.501,UP,RELOCK_QUICK,46.0
1790510354.503,UP,RELOCK_QUICK,47.0
1790510355.506,UP,RELOCK_QUICK,48.0
1790510356.507,UP,RELOCK_QUICK,49.0
1790510357.509,UP,RELOCK_QUICK,50.0
1790510358.510,UP,RELOCK_QUICK,51.0
1790510359.512,UP,RELOCK_QUICK,52.0
1790510360.514,UP,RELOCK_QUICK,53.1
1790510361.516,UP,RELOCK_QUICK,54.1
1790510362.517,UP,RELOCK_QUICK,55.1
1790510363.520,UP,RELOCK_QUICK,56.1
1790510364.522,UP,RELOCK_QUICK,57.1
1790510365.524,UP,RELOCK_QUICK,58.1
1790510366.526,UP,RELOCK_QUICK,59.1
1790510367.528,UP,RELOCK_QUICK,60.1
1790510368.530,UP,RELOCK_QUICK,61.1
1790510369.531,UP,RELOCK_QUICK,62.1
1790510370.532,UP,RELOCK_QUICK,63.1
1790510371.536,UP,RELOCK_QUICK,64.1
1790510372.538,UP,RELOCK_QUICK,65.1
1790510373.539,UP,RELOCK_QUICK,66.1
1790510374.541,UP,RELOCK_QUICK,67.1
1790510375.543,UP,RELOCK_QUICK,68.1
1790510376.545,UP,RELOCK_QUICK,69.1
1790510377.547,UP,RELOCK_QUICK,70.1
1790510378.549,UP,RELOCK_QUICK,71.1
1790510379.550,UP,RELOCK_QUICK,72.1
1790510380.551,UP,RELOCK_QUICK,73.1
1790510381.553,UP,RELOCK_QUICK,74.1
1790510382.555,UP,RELOCK_QUICK,75.1
1790510383.556,UP,RELOCK_QUICK,76.1
1790510384.558,UP,RELOCK_QUICK,77.1
1790510385.561,UP,RELOCK_QUICK,78.1
1790510386.563,UP,RELOCK_QUICK,79.1
1790510387.565,UP,RELOCK_QUICK,80.1
1790510388.566,UP,RELOCK_QUICK,81.1
1790510389.568,UP,RELOCK_QUICK,82.1
1790510390.569,UP,RELOCK_QUICK,83.1
1790510391.570,UP,RELOCK_QUICK,84.1
1790510392.572,DOWN,no bytes for 1.5 s,0.6
1790510393.574,DOWN,<robot-wifi-address>:8111 timed out,1.6
1790510394.578,DOWN,<robot-wifi-address>:8111 timed out,2.6
1790510395.579,DOWN,<robot-wifi-address>:8111 timed out,3.6
1790510396.580,DOWN,<robot-wifi-address>:8111 timed out,4.6
1790510397.582,DOWN,<robot-wifi-address>:8111 timed out,5.6
1790510398.584,DOWN,<robot-wifi-address>:8111 timed out,6.6
1790510399.586,DOWN,<robot-wifi-address>:8111 timed out,7.6
1790510400.588,DOWN,<robot-wifi-address>:8111 timed out,8.6
1790510401.588,DOWN,<robot-wifi-address>:8111 timed out,9.6
1790510402.590,DOWN,<robot-wifi-address>:8111 timed out,10.6
1790510403.591,DOWN,<robot-wifi-address>:8111 timed out,11.6
1790510404.592,DOWN,<robot-wifi-address>:8111 timed out,12.6
1790510405.595,DOWN,<robot-wifi-address>:8111 timed out,13.6
1790510406.604,DOWN,<robot-wifi-address>:8111 timed out,14.6
1790510407.598,LOCKING,clock,0.1
1790510408.600,UP,RELOCK_QUICK,1.0
1790510409.602,UP,RELOCK_QUICK,2.0
1790510410.604,UP,RELOCK_QUICK,3.0
1790510411.606,UP,RELOCK_QUICK,4.0
1790510412.607,UP,RELOCK_QUICK,5.0
1790510413.609,UP,RELOCK_QUICK,6.0
1790510414.610,UP,RELOCK_QUICK,7.0
1790510415.612,UP,RELOCK_QUICK,8.0
1790510416.614,UP,RELOCK_QUICK,9.0
1790510417.616,UP,RELOCK_QUICK,10.0
1790510418.617,UP,RELOCK_QUICK,11.0
1790510419.618,UP,RELOCK_QUICK,12.0
1790510420.620,UP,RELOCK_QUICK,13.0
1790510421.621,UP,RELOCK_QUICK,14.0
1790510422.624,UP,RELOCK_QUICK,15.0
1790510423.625,UP,RELOCK_QUICK,16.0
1790510424.626,UP,RELOCK_QUICK,17.0
1790510425.628,UP,RELOCK_QUICK,18.0
1790510426.630,UP,RELOCK_QUICK,19.0
1790510427.633,UP,RELOCK_QUICK,20.0
1790510428.634,UP,RELOCK_QUICK,21.0
1790510429.636,UP,RELOCK_QUICK,22.0
1790510430.640,UP,RELOCK_QUICK,23.0
1790510431.641,UP,RELOCK_QUICK,24.0
1790510432.643,UP,RELOCK_QUICK,25.0
1790510433.645,UP,RELOCK_QUICK,26.0
1790510434.645,UP,RELOCK_QUICK,27.0
1790510435.647,UP,RELOCK_QUICK,28.0
1790510436.649,UP,RELOCK_QUICK,29.0
1790510437.650,UP,RELOCK_QUICK,30.0
1790510438.652,UP,RELOCK_QUICK,31.0
1790510439.654,UP,RELOCK_QUICK,32.0
1790510440.655,UP,RELOCK_QUICK,33.0
1790510441.657,UP,RELOCK_QUICK,34.0
1790510442.659,UP,RELOCK_QUICK,35.0
1790510443.661,UP,RELOCK_QUICK,36.1
1790510444.662,UP,RELOCK_QUICK,37.1
1790510445.663,UP,RELOCK_QUICK,38.1
1790510446.664,UP,RELOCK_QUICK,39.1
1790510447.665,UP,RELOCK_QUICK,40.1
1790510448.667,UP,RELOCK_QUICK,0.2
1790510449.669,UP,RELOCK_QUICK,1.2
1790510450.670,UP,RELOCK_QUICK,2.2
1790510451.673,UP,RELOCK_QUICK,3.2
1790510452.673,UP,RELOCK_QUICK,4.2
1790510453.675,UP,RELOCK_QUICK,5.2
1790510454.676,UP,RELOCK_QUICK,6.2
1790510455.679,UP,RELOCK_QUICK,7.2
1790510456.681,UP,RELOCK_QUICK,8.2
1790510457.683,UP,RELOCK_QUICK,9.2
1790510458.685,UP,RELOCK_QUICK,10.2
1790510459.686,UP,RELOCK_QUICK,11.2
1790510460.687,UP,RELOCK_QUICK,12.2
1790510461.690,UP,RELOCK_QUICK,13.2
1790510462.691,UP,RELOCK_QUICK,14.2
1790510463.693,UP,RELOCK_QUICK,15.2
1790510464.694,UP,RELOCK_QUICK,16.2
1790510465.696,UP,RELOCK_QUICK,17.2
1790510466.696,UP,RELOCK_QUICK,18.2
1790510467.699,UP,RELOCK_QUICK,19.2
1790510468.701,UP,RELOCK_QUICK,20.2
1790510469.702,UP,RELOCK_QUICK,21.2
1790510470.703,UP,RELOCK_QUICK,22.2
1790510471.705,UP,RELOCK_QUICK,23.2
1790510472.707,UP,RELOCK_QUICK,24.2
1790510473.709,UP,RELOCK_QUICK,25.2
1790510474.710,UP,RELOCK_QUICK,26.2
1790510475.712,UP,RELOCK_QUICK,27.2
1790510476.714,UP,RELOCK_QUICK,28.2
1790510477.715,UP,RELOCK_QUICK,29.3
1790510478.717,UP,RELOCK_QUICK,30.3
1790510479.718,UP,RELOCK_QUICK,31.3
1790510480.720,UP,RELOCK_QUICK,32.3
1790510481.721,UP,RELOCK_QUICK,33.3
1790510482.723,UP,RELOCK_QUICK,34.3
1790510483.725,UP,RELOCK_QUICK,35.3
1790510484.727,UP,RELOCK_QUICK,36.3
1790510485.729,UP,RELOCK_QUICK,37.3
1790510486.729,UP,RELOCK_QUICK,38.3
1790510487.730,UP,RELOCK_QUICK,39.3
1790510488.732,UP,RELOCK_QUICK,40.3
1790510489.733,UP,RELOCK_QUICK,41.3
1790510490.735,UP,RELOCK_QUICK,42.3
1790510491.737,UP,RELOCK_QUICK,43.3
1790510492.739,UP,RELOCK_QUICK,44.3
1790510493.741,UP,RELOCK_QUICK,45.3
1790510494.742,UP,RELOCK_QUICK,46.3
1790510495.744,UP,RELOCK_QUICK,47.3
1790510496.745,UP,RELOCK_QUICK,48.3
1790510497.747,UP,RELOCK_QUICK,49.3
1790510498.750,UP,RELOCK_QUICK,50.3
1790510499.751,UP,RELOCK_QUICK,51.3
1790510500.753,UP,RELOCK_QUICK,52.3
1790510501.755,UP,RELOCK_QUICK,53.3
1790510502.756,UP,RELOCK_QUICK,54.3
1790510503.758,UP,RELOCK_QUICK,55.3
1790510504.759,UP,RELOCK_QUICK,56.3
1790510505.761,UP,RELOCK_QUICK,57.3
1790510506.762,UP,RELOCK_QUICK,58.3
1790510507.763,UP,RELOCK_QUICK,59.3
1790510508.765,UP,RELOCK_QUICK,60.3
1790510509.766,UP,RELOCK_QUICK,61.3
1790510510.767,UP,RELOCK_QUICK,62.3
1790510511.769,UP,RELOCK_QUICK,63.3
1790510512.771,UP,RELOCK_QUICK,64.3
1790510513.772,UP,RELOCK_QUICK,65.3
1790510514.775,UP,RELOCK_QUICK,66.3
1790510515.774,UP,RELOCK_QUICK,67.3
1790510516.776,UP,RELOCK_QUICK,68.3
1790510517.777,UP,RELOCK_QUICK,69.3
1790510518.779,UP,RELOCK_QUICK,70.3
1790510519.781,UP,RELOCK_QUICK,71.3
1790510520.782,UP,RELOCK_QUICK,72.3
1790510521.783,UP,RELOCK_QUICK,73.3
1790510522.785,UP,RELOCK_QUICK,74.3
1790510523.787,UP,RELOCK_QUICK,75.3
1790510524.789,UP,RELOCK_QUICK,76.3
1790510525.790,UP,RELOCK_QUICK,77.3
1790510526.791,UP,RELOCK_QUICK,78.3
1790510527.793,UP,RELOCK_QUICK,79.3
1790510528.794,UP,RELOCK_QUICK,80.3
1790510529.796,UP,RELOCK_QUICK,81.3
1790510530.798,UP,RELOCK_QUICK,82.3
1790510531.800,UP,RELOCK_QUICK,83.3
1790510532.801,UP,RELOCK_QUICK,84.3
1790510533.802,UP,RELOCK_QUICK,85.3
1790510534.804,UP,RELOCK_QUICK,86.3
1790510535.804,UP,RELOCK_QUICK,87.3
1790510536.806,UP,RELOCK_QUICK,88.3
1790510537.807,UP,RELOCK_QUICK,89.3
1790510538.809,UP,RELOCK_QUICK,90.3
1790510539.811,UP,RELOCK_QUICK,91.3
1790510540.813,UP,RELOCK_QUICK,92.3
1790510541.814,UP,RELOCK_QUICK,93.3
1790510542.816,UP,RELOCK_QUICK,94.4
1790510543.819,UP,RELOCK_QUICK,95.4
1790510544.821,UP,RELOCK_QUICK,96.4
1790510545.822,UP,RELOCK_QUICK,97.4
1790510546.823,UP,RELOCK_QUICK,98.4
1790510547.825,UP,RELOCK_QUICK,99.4
1790510548.827,UP,RELOCK_QUICK,100.4
1790510549.829,UP,RELOCK_QUICK,101.4
1790510550.831,UP,RELOCK_QUICK,102.4
1790510551.833,UP,RELOCK_QUICK,103.4
1790510552.834,UP,RELOCK_QUICK,104.4
1790510553.835,UP,RELOCK_QUICK,105.4
1790510554.837,UP,RELOCK_QUICK,106.4
1790510555.839,UP,RELOCK_QUICK,107.4
1790510556.841,UP,RELOCK_QUICK,108.4
1790510557.842,UP,RELOCK_QUICK,109.4
1790510558.843,UP,RELOCK_QUICK,110.4
1790510559.845,UP,RELOCK_QUICK,111.4
1790510560.847,UP,RELOCK_QUICK,112.4
1790510561.849,UP,RELOCK_QUICK,113.4
1790510562.851,UP,RELOCK_QUICK,114.4
1790510563.853,UP,RELOCK_QUICK,115.4
1790510564.856,UP,RELOCK_QUICK,116.4
1790510565.857,UP,RELOCK_QUICK,117.4
1790510566.859,UP,RELOCK_QUICK,118.4
1790510567.861,UP,RELOCK_QUICK,119.4
1790510568.863,UP,RELOCK_QUICK,120.4
1790510569.864,UP,RELOCK_QUICK,121.4
1790510570.867,UP,RELOCK_QUICK,122.4
1790510571.867,UP,RELOCK_QUICK,123.4
1790510572.869,UP,RELOCK_QUICK,124.4
1790510573.870,UP,RELOCK_QUICK,125.4
1790510574.872,UP,RELOCK_QUICK,126.4
1790510575.873,UP,RELOCK_QUICK,127.4
1790510576.875,UP,RELOCK_QUICK,128.4
1790510577.877,UP,RELOCK_QUICK,129.4
1790510578.878,UP,RELOCK_QUICK,130.4
1790510579.879,UP,RELOCK_QUICK,131.4
1790510580.881,UP,RELOCK_QUICK,132.4
1790510581.883,UP,RELOCK_QUICK,133.4
1790510582.885,UP,RELOCK_QUICK,134.4
1790510583.887,UP,RELOCK_QUICK,135.4
1790510584.889,UP,RELOCK_QUICK,136.4
1790510585.891,UP,RELOCK_QUICK,137.4
1790510586.893,UP,RELOCK_QUICK,138.4
1790510587.894,UP,RELOCK_QUICK,139.4
1790510588.896,UP,RELOCK_QUICK,140.4
1790510589.898,UP,RELOCK_QUICK,141.4
1790510590.899,UP,RELOCK_QUICK,142.4
1790510591.901,UP,RELOCK_QUICK,143.4
1790510592.903,UP,RELOCK_QUICK,144.4
1790510593.904,UP,RELOCK_QUICK,145.4
1790510594.907,UP,RELOCK_QUICK,146.4
1790510595.909,UP,RELOCK_QUICK,147.4
1790510596.911,DOWN,no bytes for 1.5 s,0.7
1790510597.913,DOWN,<robot-wifi-address>:8111 timed out,1.7
1790510598.915,DOWN,<robot-wifi-address>:8111 timed out,2.7
1790510599.916,DOWN,<robot-wifi-address>:8111 timed out,3.7
1790510600.918,DOWN,<robot-wifi-address>:8111 timed out,4.7
1790510601.920,DOWN,<robot-wifi-address>:8111 timed out,5.7
1790510602.921,DOWN,<robot-wifi-address>:8111 timed out,6.7
1790510603.922,DOWN,<robot-wifi-address>:8111 timed out,7.7
1790510604.924,DOWN,<robot-wifi-address>:8111 timed out,8.7
1790510605.928,DOWN,<robot-wifi-address>:8111 timed out,9.7
1790510606.928,DOWN,<robot-wifi-address>:8111 timed out,10.7
1790510607.930,DOWN,<robot-wifi-address>:8111 timed out,11.7
1790510608.931,DOWN,<robot-wifi-address>:8111 timed out,12.7
1790510609.932,DOWN,<robot-wifi-address>:8111 timed out,13.7
1790510610.934,UP,RELOCK_QUICK,0.6
1790510611.936,UP,RELOCK_QUICK,1.6
1790510612.937,UP,RELOCK_QUICK,2.6
1790510613.939,UP,RELOCK_QUICK,3.6
1790510614.940,UP,RELOCK_QUICK,4.6
1790510615.941,UP,RELOCK_QUICK,5.6
1790510616.943,UP,RELOCK_QUICK,6.6
1790510617.944,UP,RELOCK_QUICK,7.6
1790510618.945,UP,RELOCK_QUICK,8.6
1790510619.947,UP,RELOCK_QUICK,9.6
1790510620.949,UP,RELOCK_QUICK,10.6
1790510621.951,UP,RELOCK_QUICK,11.6
1790510622.953,UP,RELOCK_QUICK,12.6
1790510623.955,UP,RELOCK_QUICK,13.6
1790510624.957,UP,RELOCK_QUICK,14.6
1790510625.958,UP,RELOCK_QUICK,15.6
1790510626.961,UP,RELOCK_QUICK,16.6
1790510627.963,UP,RELOCK_QUICK,17.6
1790510628.965,UP,RELOCK_QUICK,18.6
1790510629.966,UP,RELOCK_QUICK,19.6
1790510630.968,UP,RELOCK_QUICK,20.6
1790510631.969,UP,RELOCK_QUICK,21.6
1790510632.971,UP,RELOCK_QUICK,22.6
1790510633.971,UP,RELOCK_QUICK,23.6
1790510634.973,UP,RELOCK_QUICK,24.6
1790510635.975,UP,RELOCK_QUICK,25.6
1790510636.976,UP,RELOCK_QUICK,26.6
1790510637.978,UP,RELOCK_QUICK,27.6
1790510638.980,UP,RELOCK_QUICK,28.6
1790510639.982,UP,RELOCK_QUICK,29.6
1790510640.983,UP,RELOCK_QUICK,30.6
1790510641.985,UP,RELOCK_QUICK,31.6
1790510642.987,UP,RELOCK_QUICK,32.6
1790510643.989,UP,RELOCK_QUICK,33.6
1790510644.991,UP,RELOCK_QUICK,34.6
1790510645.993,UP,RELOCK_QUICK,35.6
1790510646.994,UP,RELOCK_QUICK,36.6
1790510647.996,UP,RELOCK_QUICK,37.6
1790510648.998,UP,RELOCK_QUICK,38.6
1790510649.999,UP,RELOCK_QUICK,39.6
1790510651.001,UP,RELOCK_QUICK,40.6
1790510652.003,UP,RELOCK_QUICK,41.6
1790510653.005,UP,RELOCK_QUICK,42.6
1790510654.006,UP,RELOCK_QUICK,43.6
1790510655.008,UP,RELOCK_QUICK,44.6
1790510656.010,UP,RELOCK_QUICK,45.6
1790510657.011,UP,RELOCK_QUICK,46.6
1790510658.013,UP,RELOCK_QUICK,47.6
1790510659.014,UP,RELOCK_QUICK,48.6
1790510660.015,UP,RELOCK_QUICK,49.6
1790510661.017,UP,RELOCK_QUICK,50.6
1790510662.019,UP,RELOCK_QUICK,51.6
1790510663.021,UP,RELOCK_QUICK,52.6
1790510664.022,UP,RELOCK_QUICK,53.6
1790510665.024,UP,RELOCK_QUICK,54.6
1790510666.025,UP,RELOCK_QUICK,55.7
1790510667.026,UP,RELOCK_QUICK,56.7
1790510668.028,UP,RELOCK_QUICK,57.7
1790510669.030,UP,RELOCK_QUICK,58.7
1790510670.032,DOWN,no bytes for 1.5 s,0.8
1790510671.034,DOWN,<robot-wifi-address>:8111 timed out,1.8
1790510672.035,DOWN,<robot-wifi-address>:8111 timed out,2.8
1790510673.036,DOWN,<robot-wifi-address>:8111 timed out,3.8
1790510674.038,DOWN,<robot-wifi-address>:8111 timed out,4.8
1790510675.040,UP,RELOCK_QUICK,0.7
1790510676.042,UP,RELOCK_QUICK,1.7
1790510677.044,UP,RELOCK_QUICK,2.7
1790510678.046,UP,RELOCK_QUICK,3.7
1790510679.048,DOWN,no bytes for 1.5 s,0.2
1790510680.050,DOWN,no bytes for 1.5 s,1.2
1790510681.052,DOWN,<robot-wifi-address>:8111 timed out,2.2
1790510682.054,UP,RELOCK_QUICK,0.1
1790510683.056,UP,RELOCK_QUICK,1.1
1790510684.057,UP,RELOCK_QUICK,2.1
1790510685.059,UP,RELOCK_QUICK,3.1
1790510686.060,UP,RELOCK_QUICK,4.1
1790510687.063,UP,RELOCK_QUICK,5.1
1790510688.065,UP,RELOCK_QUICK,6.1
1790510689.067,UP,RELOCK_QUICK,7.1
1790510690.068,UP,RELOCK_QUICK,8.1
1790510691.068,UP,RELOCK_QUICK,9.1
1790510692.071,UP,RELOCK_QUICK,10.1
1790510693.072,UP,RELOCK_QUICK,11.1
1790510694.074,UP,RELOCK_QUICK,12.1
1790510695.075,UP,RELOCK_QUICK,13.1
1790510696.076,UP,RELOCK_QUICK,14.1
1790510697.078,UP,RELOCK_QUICK,15.1
1790510698.080,UP,RELOCK_QUICK,16.1
1790510699.082,UP,RELOCK_QUICK,17.1
1790510700.084,UP,RELOCK_QUICK,18.1
1790510701.086,UP,RELOCK_QUICK,19.1
1790510702.087,UP,RELOCK_QUICK,20.1
1790510703.089,UP,RELOCK_QUICK,21.1
1790510704.091,UP,RELOCK_QUICK,22.1
1790510705.093,UP,RELOCK_QUICK,23.1
1790510706.094,UP,RELOCK_QUICK,24.1
1790510707.096,UP,RELOCK_QUICK,25.1
1790510708.098,UP,RELOCK_QUICK,26.1
1790510709.100,UP,RELOCK_QUICK,27.2
1790510710.102,UP,RELOCK_QUICK,28.2
1790510711.105,UP,RELOCK_QUICK,29.2
1790510712.105,UP,RELOCK_QUICK,30.2
1790510713.107,UP,RELOCK_QUICK,31.2
1790510714.110,UP,RELOCK_QUICK,32.2
1790510715.112,UP,RELOCK_QUICK,33.2
1790510716.114,UP,RELOCK_QUICK,34.2
1790510717.116,UP,RELOCK_QUICK,35.2
1790510718.118,UP,RELOCK_QUICK,36.2
1790510719.119,UP,RELOCK_QUICK,37.2
1790510720.120,UP,RELOCK_QUICK,38.2
1790510721.122,UP,RELOCK_QUICK,39.2
1790510722.124,UP,RELOCK_QUICK,40.2
1790510723.126,UP,RELOCK_QUICK,41.2
1790510724.129,UP,RELOCK_QUICK,42.2
1790510725.130,UP,RELOCK_QUICK,43.2
1790510726.132,UP,RELOCK_QUICK,44.2
1790510727.134,UP,RELOCK_QUICK,45.2
1790510728.135,UP,RELOCK_QUICK,46.2
1790510729.136,UP,RELOCK_QUICK,47.2
1790510730.137,UP,RELOCK_QUICK,48.2
1790510731.140,UP,RELOCK_QUICK,49.2
1790510732.142,UP,RELOCK_QUICK,50.2
1790510733.143,UP,RELOCK_QUICK,51.2
1790510734.145,UP,RELOCK_QUICK,52.2
1790510735.146,UP,RELOCK_QUICK,53.2
1790510736.148,UP,RELOCK_QUICK,54.2
1790510737.150,UP,RELOCK_QUICK,55.2
1790510738.152,UP,RELOCK_QUICK,56.2
1790510739.153,UP,RELOCK_QUICK,57.2
1790510740.154,UP,RELOCK_QUICK,58.2
1790510741.156,UP,RELOCK_QUICK,59.2
1790510742.157,UP,RELOCK_QUICK,60.2
1790510743.159,UP,RELOCK_QUICK,61.2
1790510744.161,UP,RELOCK_QUICK,62.2
1790510745.162,UP,RELOCK_QUICK,63.2
1790510746.164,UP,RELOCK_QUICK,64.2
1790510747.165,UP,RELOCK_QUICK,65.2
1790510748.167,UP,RELOCK_QUICK,66.2
1790510749.169,UP,RELOCK_QUICK,67.2
1790510750.171,UP,RELOCK_QUICK,68.2
1790510751.173,UP,RELOCK_QUICK,69.2
1790510752.175,UP,RELOCK_QUICK,70.2
1790510753.177,UP,RELOCK_QUICK,71.2
1790510754.179,UP,RELOCK_QUICK,72.2
1790510755.181,UP,RELOCK_QUICK,73.2
1790510756.183,UP,RELOCK_QUICK,74.2
1790510757.184,UP,RELOCK_QUICK,75.2
1790510758.185,UP,RELOCK_QUICK,76.2
1790510759.187,UP,RELOCK_QUICK,77.2
1790510760.189,UP,RELOCK_QUICK,78.2
1790510761.191,UP,RELOCK_QUICK,79.2
1790510762.192,UP,RELOCK_QUICK,80.2
1790510763.194,UP,RELOCK_QUICK,81.2
1790510764.195,UP,RELOCK_QUICK,82.2
1790510765.196,UP,RELOCK_QUICK,83.2
1790510766.197,UP,RELOCK_QUICK,84.2
1790510767.199,UP,RELOCK_QUICK,85.2
1790510768.201,UP,RELOCK_QUICK,86.3
1790510769.203,UP,RELOCK_QUICK,87.3
1790510770.205,UP,RELOCK_QUICK,88.3
1790510771.207,UP,RELOCK_QUICK,89.3
1790510772.209,UP,RELOCK_QUICK,90.3
1790510773.211,UP,RELOCK_QUICK,91.3
1790510774.212,UP,RELOCK_QUICK,92.3
1790510775.213,UP,RELOCK_QUICK,93.3
1790510776.214,UP,RELOCK_QUICK,94.3
1790510777.217,UP,RELOCK_QUICK,95.3
1790510778.218,UP,RELOCK_QUICK,96.3
1790510779.219,UP,RELOCK_QUICK,97.3
1790510780.220,UP,RELOCK_QUICK,98.3
1790510781.223,UP,RELOCK_QUICK,99.3
1790510782.225,UP,RELOCK_QUICK,100.3
1790510783.227,UP,RELOCK_QUICK,101.3
1790510784.229,UP,RELOCK_QUICK,102.3
1790510785.230,UP,RELOCK_QUICK,103.3
1790510786.231,UP,RELOCK_QUICK,104.3
1790510787.233,UP,RELOCK_QUICK,105.3
1790510788.235,UP,RELOCK_QUICK,106.3
1790510789.237,UP,RELOCK_QUICK,107.3
1790510790.238,UP,RELOCK_QUICK,108.3
1790510791.240,UP,RELOCK_QUICK,109.3
1790510792.241,UP,RELOCK_QUICK,110.3
1790510793.243,UP,RELOCK_QUICK,111.3
1790510794.244,UP,RELOCK_QUICK,112.3
1790510795.246,UP,RELOCK_QUICK,113.3
1790510796.247,UP,RELOCK_QUICK,114.3
1790510797.249,UP,RELOCK_QUICK,115.3
1790510798.251,UP,RELOCK_QUICK,116.3
1790510799.252,UP,RELOCK_QUICK,117.3
1790510800.253,UP,RELOCK_QUICK,118.3
1790510801.254,UP,RELOCK_QUICK,119.3
1790510802.256,UP,RELOCK_QUICK,120.3
1790510803.258,UP,RELOCK_QUICK,121.3
1790510804.260,UP,RELOCK_QUICK,122.3
1790510805.260,UP,RELOCK_QUICK,123.3
1790510806.261,UP,RELOCK_QUICK,124.3
1790510807.264,UP,RELOCK_QUICK,125.3
1790510808.266,UP,RELOCK_QUICK,126.3
1790510809.269,UP,RELOCK_QUICK,127.3
1790510810.270,UP,RELOCK_QUICK,128.3
1790510811.272,UP,RELOCK_QUICK,129.3
1790510812.274,UP,RELOCK_QUICK,130.3
1790510813.276,UP,RELOCK_QUICK,131.3
1790510814.277,UP,RELOCK_QUICK,132.3
1790510815.279,UP,RELOCK_QUICK,133.3
1790510816.280,UP,RELOCK_QUICK,134.3
1790510817.282,UP,RELOCK_QUICK,135.3
1790510818.284,UP,RELOCK_QUICK,136.3
1790510819.286,UP,RELOCK_QUICK,137.3
1790510820.288,UP,RELOCK_QUICK,138.3
1790510821.290,UP,RELOCK_QUICK,139.3
1790510822.292,UP,RELOCK_QUICK,140.3
1790510823.293,UP,RELOCK_QUICK,141.3
1790510824.295,UP,RELOCK_QUICK,142.3
1790510825.297,UP,RELOCK_QUICK,143.3
1790510826.299,UP,RELOCK_QUICK,144.3
1790510827.300,UP,RELOCK_QUICK,145.4
1790510828.303,UP,RELOCK_QUICK,146.4
1790510829.306,UP,RELOCK_QUICK,147.4
1790510830.307,UP,RELOCK_QUICK,148.4
1790510831.309,UP,RELOCK_QUICK,149.4
1790510832.311,UP,RELOCK_QUICK,150.4
1790510833.313,UP,RELOCK_QUICK,151.4
1790510834.314,UP,RELOCK_QUICK,152.4
1790510835.315,UP,RELOCK_QUICK,153.4
1790510836.317,UP,RELOCK_QUICK,154.4
1790510837.318,UP,RELOCK_QUICK,155.4
1790510838.319,UP,RELOCK_QUICK,156.4
1790510839.321,UP,RELOCK_QUICK,157.4
1790510840.322,UP,RELOCK_QUICK,158.4
1790510841.324,UP,RELOCK_QUICK,159.4
1790510842.325,UP,RELOCK_QUICK,160.4
1790510843.326,UP,RELOCK_QUICK,161.4
1790510844.328,UP,RELOCK_QUICK,162.4
1790510845.330,UP,RELOCK_QUICK,163.4
1790510846.332,UP,RELOCK_QUICK,164.4
1790510847.333,UP,RELOCK_QUICK,165.4
1790510848.334,UP,RELOCK_QUICK,166.4
1790510849.336,UP,RELOCK_QUICK,167.4
1790510850.338,UP,RELOCK_QUICK,168.4
1790510851.339,UP,RELOCK_QUICK,169.4
1790510852.341,UP,RELOCK_QUICK,170.4
1790510853.343,UP,RELOCK_QUICK,171.4
1790510854.344,UP,RELOCK_QUICK,172.4
1790510855.346,UP,RELOCK_QUICK,173.4
1790510856.350,UP,RELOCK_QUICK,174.4
1790510857.350,UP,RELOCK_QUICK,175.4
1790510858.352,UP,RELOCK_QUICK,176.4
1790510859.354,UP,RELOCK_QUICK,177.4
1790510860.356,UP,RELOCK_QUICK,178.4
1790510861.358,UP,RELOCK_QUICK,179.4
1790510862.358,UP,RELOCK_QUICK,180.4
1790510863.360,UP,RELOCK_QUICK,181.4
1790510864.363,UP,RELOCK_QUICK,182.4
1790510865.365,UP,RELOCK_QUICK,183.4
1790510866.366,UP,RELOCK_QUICK,184.4
1790510867.368,UP,RELOCK_QUICK,185.4
1790510868.369,UP,RELOCK_QUICK,186.4
1790510869.371,UP,RELOCK_QUICK,187.4
1790510870.373,UP,RELOCK_QUICK,188.4
1790510871.374,UP,RELOCK_QUICK,189.4
1790510872.376,UP,RELOCK_QUICK,190.4
1790510873.378,UP,RELOCK_QUICK,191.4
1790510874.381,UP,RELOCK_QUICK,192.4
1790510875.383,UP,RELOCK_QUICK,193.4
1790510876.385,UP,RELOCK_QUICK,194.4
1790510877.386,UP,RELOCK_QUICK,195.4
