fix,t_hamilton,s,kind,map_x,map_y,compared_with_fix,motion_from,dt_s,motion_m,disagreement_m,heading_disagreement_deg,wifi_gap_between,wrong
2,07:46:45,213.1,nearby,6.0682,-0.1663,1,wheels+gyro,1.0,0.182,0.009,0.09,False,False
3,07:46:46,214.1,nearby,6.2477,-0.1658,2,wheels+gyro,1.03,0.185,0.006,0.01,False,False
4,07:46:47,215.2,nearby,6.4278,-0.1552,3,wheels+gyro,1.07,0.192,0.016,0.06,False,False
5,07:46:48,216.2,nearby,6.6009,-0.1592,4,wheels+gyro,1.03,0.186,0.013,0.05,False,False
6,07:46:49,217.3,nearby,6.7868,-0.1616,5,wheels+gyro,1.07,0.192,0.007,0.02,False,False
7,07:46:50,218.3,both,6.9649,-0.1611,6,wheels+gyro,1.07,0.193,0.015,0.02,False,False
8,07:46:51,219.4,both,7.1375,-0.1609,7,wheels+gyro,1.03,0.184,0.011,0.03,False,False
9,07:46:52,220.4,both,7.2376,-0.1602,8,wheels+gyro,1.03,0.131,0.026,-0.01,False,False
10,07:47:07,234.9,both,7.3979,-0.1595,9,wheels+gyro,14.5,0.158,0.005,0.01,False,False
11,07:47:08,235.9,both,7.5734,-0.1456,10,wheels+gyro,1.03,0.184,0.015,-0.33,False,False
12,07:47:09,237.0,both,7.7543,-0.1556,11,wheels+gyro,1.07,0.196,0.019,0.09,False,False
13,07:47:10,238.1,nearby,7.9372,-0.1537,12,wheels+gyro,1.07,0.192,0.009,0.14,False,False
14,07:47:11,239.1,both,8.1025,-0.148,13,wheels+gyro,1.0,0.18,0.015,0.12,False,False
15,07:47:12,240.1,both,8.2673,-0.1397,14,wheels+gyro,1.0,0.18,0.016,0.05,False,False
16,07:47:13,241.1,both,8.4445,-0.1413,15,wheels+gyro,1.03,0.186,0.01,-0.0,False,False
17,07:47:14,242.1,both,8.6193,-0.1383,16,wheels+gyro,1.03,0.185,0.01,0.07,False,False
18,07:47:15,243.2,both,8.8001,-0.1334,17,wheels+gyro,1.07,0.193,0.012,0.02,False,False
19,07:47:16,244.2,both,8.9709,-0.1217,18,wheels+gyro,1.03,0.187,0.018,-0.1,False,False
20,07:47:17,245.2,both,9.1431,-0.1196,19,wheels+gyro,1.0,0.178,0.006,0.04,False,False
21,07:47:18,246.3,nearby,9.2251,-0.1166,20,wheels+gyro,1.03,0.106,0.024,-0.16,False,False
22,07:49:51,399.4,nearby,9.4024,-0.1181,21,wheels+gyro,153.17,0.168,0.013,0.08,False,False
23,07:49:52,400.4,both,9.5421,-0.1152,22,wheels+gyro,1.0,0.167,0.027,0.04,False,False
24,07:49:56,403.7,both,9.6366,-0.1108,23,wheels+gyro,3.23,0.084,0.014,-0.06,False,False
25,07:49:57,404.7,both,9.8691,-0.1039,24,wheels+gyro,1.07,0.245,0.012,-0.06,False,False
26,07:49:58,405.8,both,10.0872,-0.1004,25,wheels+gyro,1.07,0.236,0.018,0.13,False,False
27,07:49:59,406.9,both,10.2749,-0.0933,26,wheels+gyro,1.07,0.198,0.011,-0.03,False,False
28,07:50:00,408.0,both,10.4899,-0.0898,27,wheels+gyro,1.1,0.228,0.013,0.0,False,False
29,07:50:01,409.0,both,10.6926,-0.0817,28,wheels+gyro,1.07,0.213,0.011,0.14,False,False
30,07:50:02,410.1,nearby,10.8752,-0.0761,29,wheels+gyro,1.07,0.194,0.012,0.05,False,False
31,07:50:03,411.2,nearby,11.0643,-0.0689,30,wheels+gyro,1.07,0.199,0.01,-0.02,False,False
32,07:50:04,412.2,nearby,11.2488,-0.0614,31,wheels+gyro,1.03,0.197,0.012,0.11,False,False
33,07:50:05,413.2,nearby,11.4353,-0.0597,32,wheels+gyro,1.0,0.199,0.013,0.07,False,False
34,07:50:06,414.2,nearby,11.6437,-0.0527,33,wheels+gyro,1.03,0.218,0.01,0.11,False,False
35,07:50:07,415.3,nearby,11.8996,-0.0406,34,wheels+gyro,1.03,0.237,0.02,0.7,False,False
36,07:50:08,416.3,nearby,12.142,-0.0364,35,wheels+gyro,1.03,0.238,0.01,-0.64,False,False
37,07:50:09,417.3,nearby,12.3313,-0.0093,36,wheels+gyro,1.03,0.246,0.058,0.11,False,False
38,07:50:27,435.0,nearby,14.487,-0.239,37,wheels+gyro,17.63,2.585,0.485,-1.82,False,False
39,07:50:30,438.1,nearby,14.4833,-0.4181,38,wheels+gyro,3.17,0.18,0.014,0.19,False,False
40,07:50:31,439.1,nearby,14.4689,-0.595,39,wheels+gyro,1.0,0.191,0.013,0.01,False,False
41,07:51:06,474.1,nearby,14.4693,-0.669,40,wheels+gyro,34.97,0.09,0.008,0.14,False,False
42,07:51:07,475.1,nearby,14.4642,-0.8698,41,wheels+gyro,1.03,0.209,0.008,0.05,False,False
43,07:51:08,476.1,nearby,14.4466,-1.084,42,wheels+gyro,1.0,0.221,0.012,0.16,False,False
44,07:51:09,477.2,nearby,14.446,-1.3132,43,wheels+gyro,1.07,0.236,0.009,-0.09,False,False
45,07:51:10,478.2,nearby,14.4403,-1.5284,44,wheels+gyro,1.0,0.218,0.002,-0.02,False,False
46,07:51:12,480.3,nearby,14.4274,-1.9868,45,wheels+gyro,2.07,0.46,0.002,0.1,False,False
47,07:51:15,483.3,nearby,14.4151,-2.6426,46,wheels+gyro,3.03,0.676,0.02,0.01,False,False
48,07:51:18,486.4,nearby,14.4056,-3.2531,47,wheels+gyro,3.1,0.718,0.107,0.43,False,False
49,07:51:19,487.4,nearby,14.4039,-3.4853,48,wheels+gyro,1.03,0.237,0.005,-0.16,False,False
50,07:51:21,489.4,nearby,14.4017,-3.9048,49,wheels+gyro,2.0,0.438,0.018,-0.03,False,False
51,07:51:22,490.5,nearby,14.4021,-4.1276,50,wheels+gyro,1.07,0.223,0.001,-0.05,False,False
52,07:51:23,491.5,nearby,14.4053,-4.321,51,wheels+gyro,1.03,0.217,0.024,0.11,False,False
53,07:51:24,492.5,nearby,14.4043,-4.5232,52,wheels+gyro,1.0,0.21,0.008,0.01,False,False
54,07:51:25,493.6,nearby,14.4074,-4.7441,53,wheels+gyro,1.07,0.224,0.004,-0.12,False,False
55,07:51:27,494.6,nearby,14.4049,-4.9972,54,wheels+gyro,1.03,0.259,0.007,0.08,False,False
56,07:51:28,495.6,nearby,14.407,-5.2856,55,wheels+gyro,1.0,0.297,0.008,0.12,False,False
57,07:51:29,496.6,nearby,14.4103,-5.548,56,wheels+gyro,1.0,0.272,0.01,0.06,False,False
58,07:51:34,501.8,nearby,14.4288,-6.8843,57,wheels+gyro,5.2,1.46,0.124,0.32,False,False
59,07:51:35,502.9,nearby,14.4361,-7.1802,58,wheels+gyro,1.07,0.298,0.002,-0.0,False,False
60,07:51:37,504.9,nearby,14.4457,-7.701,59,wheels+gyro,2.03,0.569,0.048,-0.25,False,False
61,07:51:39,507.0,nearby,14.4634,-8.242,60,wheels+gyro,2.07,0.579,0.038,0.11,False,False
62,07:51:40,508.1,nearby,14.4665,-8.5187,61,wheels+gyro,1.1,0.31,0.034,-0.03,False,False
63,07:51:43,511.2,nearby,14.4752,-9.2837,62,wheels+gyro,3.07,0.82,0.055,-0.11,False,False
64,07:51:45,513.3,nearby,14.4841,-9.8609,63,wheels+gyro,2.1,0.614,0.037,0.01,False,False
65,07:51:46,514.3,nearby,14.49,-10.182,64,wheels+gyro,1.03,0.342,0.02,0.07,False,False
66,07:51:47,515.4,nearby,14.4963,-10.5128,65,wheels+gyro,1.07,0.352,0.021,-0.03,False,False
67,07:51:48,516.5,nearby,14.5045,-10.878,66,wheels+gyro,1.17,0.388,0.023,0.01,False,False
68,07:51:50,517.7,nearby,14.5137,-11.2588,67,wheels+gyro,1.2,0.392,0.011,-0.05,False,False
69,07:51:53,521.2,nearby,14.5665,-12.3109,68,wheels+gyro,3.43,1.09,0.046,0.32,False,False
70,07:51:54,522.3,nearby,14.5893,-12.629,69,wheels+gyro,1.1,0.345,0.029,-0.35,False,False
71,07:51:56,524.4,nearby,14.6018,-13.2626,70,wheels+gyro,2.13,0.676,0.043,-0.07,True,False
72,07:51:57,525.5,nearby,14.6172,-13.6193,71,blend (fix inside a WiFi gap),1.07,0.36,0.006,-0.08,True,False
73,07:51:58,526.5,nearby,14.6356,-13.9619,72,blend (fix inside a WiFi gap),1.07,0.359,0.018,0.0,True,False
74,07:51:59,527.6,nearby,14.656,-14.2739,73,blend (fix inside a WiFi gap),1.03,0.33,0.019,-0.36,True,False
75,07:52:00,528.6,nearby,14.668,-14.6125,71,wheels+gyro,4.17,1.471,0.121,-0.62,True,False
76,07:52:01,529.6,nearby,14.6814,-14.9224,75,wheels+gyro,1.03,0.329,0.019,-0.06,False,False
77,07:52:05,532.7,nearby,14.673,-14.9715,76,wheels+gyro,3.1,0.085,0.031,-0.24,False,False
78,07:52:16,544.0,nearby,14.2705,-14.9676,77,wheels+gyro,11.27,0.395,0.04,-0.87,False,False
79,07:52:17,545.0,nearby,14.0334,-14.9559,78,wheels+gyro,1.0,0.281,0.044,0.31,False,False
80,07:52:18,546.0,nearby,13.7793,-14.954,79,wheels+gyro,1.03,0.272,0.019,-0.06,False,False
81,07:52:19,547.0,nearby,13.5551,-14.9465,80,wheels+gyro,1.0,0.231,0.006,-0.19,False,False
82,07:52:20,548.1,nearby,13.3588,-14.9122,81,wheels+gyro,1.07,0.202,0.009,0.1,False,False
83,07:52:21,549.1,nearby,13.0284,-14.8455,82,wheels+gyro,1.07,0.344,0.007,0.02,False,False
84,07:52:22,550.2,nearby,12.7069,-14.7806,83,wheels+gyro,1.03,0.342,0.014,0.01,False,False
85,07:52:24,552.3,nearby,12.0183,-14.6475,84,wheels+gyro,2.1,0.74,0.039,-0.0,False,False
86,07:52:25,553.3,nearby,11.6749,-14.583,85,wheels+gyro,1.03,0.374,0.025,0.03,False,False
87,07:52:26,554.3,nearby,11.3367,-14.5193,86,wheels+gyro,1.0,0.358,0.014,0.17,False,False
88,07:52:28,556.3,nearby,10.7917,-14.4836,87,wheels+gyro,2.0,0.596,0.052,0.11,False,False
89,07:52:29,557.4,nearby,10.4661,-14.4738,88,wheels+gyro,1.07,0.34,0.014,0.03,False,False
90,07:52:31,559.4,nearby,9.863,-14.4601,89,wheels+gyro,2.03,0.65,0.047,0.2,False,False
91,07:52:32,560.4,nearby,9.5555,-14.4558,90,wheels+gyro,1.03,0.33,0.022,0.02,False,False
92,07:52:33,561.5,nearby,9.2398,-14.4509,91,wheels+gyro,1.03,0.337,0.021,-0.07,False,False
93,07:52:34,562.5,nearby,8.92,-14.4467,92,wheels+gyro,1.03,0.342,0.022,0.03,False,False
94,07:52:35,563.5,nearby,8.6084,-14.4424,93,wheels+gyro,1.0,0.331,0.019,0.02,False,False
95,07:52:36,564.6,nearby,8.2531,-14.4364,94,wheels+gyro,1.07,0.366,0.011,-0.07,False,False
96,07:52:37,565.6,nearby,7.9109,-14.4348,95,wheels+gyro,1.03,0.367,0.025,-0.02,False,False
97,07:52:38,566.6,nearby,7.583,-14.4294,96,wheels+gyro,1.0,0.347,0.019,-0.02,False,False
98,07:52:40,567.6,nearby,7.2432,-14.4274,97,wheels+gyro,1.03,0.358,0.018,0.05,False,False
99,07:52:41,568.7,nearby,6.8976,-14.4282,98,wheels+gyro,1.07,0.366,0.02,0.01,False,False
100,07:52:42,569.8,nearby,6.5583,-14.4281,99,wheels+gyro,1.07,0.361,0.022,0.1,False,False
101,07:52:43,570.8,nearby,6.2251,-14.4291,100,wheels+gyro,1.03,0.353,0.02,0.01,False,False
102,07:52:44,571.8,nearby,5.9111,-14.4313,101,wheels+gyro,1.0,0.341,0.027,-0.02,False,False
103,07:52:45,572.8,nearby,5.5774,-14.4352,102,wheels+gyro,1.03,0.35,0.016,0.02,False,False
104,07:52:46,573.8,nearby,5.2546,-14.4369,103,wheels+gyro,1.0,0.339,0.017,0.01,False,False
105,07:52:47,574.8,nearby,4.9273,-14.4418,104,wheels+gyro,1.0,0.341,0.014,-0.03,False,False
106,07:52:48,575.9,nearby,4.5566,-14.4459,105,wheels+gyro,1.1,0.374,0.003,0.03,False,False
107,07:52:49,577.0,nearby,4.2216,-14.4523,106,wheels+gyro,1.07,0.353,0.018,0.04,False,False
108,07:52:50,578.0,nearby,3.889,-14.4589,107,wheels+gyro,1.03,0.342,0.009,0.01,False,False
109,07:52:51,579.1,nearby,3.5584,-14.4674,108,wheels+gyro,1.03,0.342,0.011,0.06,False,False
110,07:52:52,580.1,nearby,3.2612,-14.4748,109,wheels+gyro,1.03,0.341,0.044,0.01,False,False
111,07:52:53,581.1,nearby,2.9451,-14.4836,110,wheels+gyro,1.03,0.341,0.025,0.04,False,False
112,07:52:54,582.2,nearby,2.5883,-14.4945,111,wheels+gyro,1.07,0.354,0.003,0.03,False,False
113,07:52:55,583.2,nearby,2.2859,-14.5069,112,wheels+gyro,1.0,0.324,0.022,0.04,False,False
114,07:52:57,585.2,nearby,1.7025,-14.527,113,wheels+gyro,2.03,0.636,0.052,0.06,False,False
115,07:52:58,586.3,nearby,1.445,-14.54,114,wheels+gyro,1.03,0.303,0.045,0.07,False,False
116,07:52:59,587.3,nearby,1.2186,-14.5375,115,wheels+gyro,1.0,0.258,0.032,0.04,False,False
117,07:53:00,588.3,nearby,0.8929,-14.5239,116,wheels+gyro,1.07,0.336,0.01,0.02,False,False
118,07:53:01,589.4,nearby,0.5393,-14.5097,117,wheels+gyro,1.07,0.372,0.018,0.01,False,False
119,07:53:02,590.4,nearby,0.1818,-14.4963,118,wheels+gyro,1.03,0.37,0.012,-0.04,False,False
120,07:53:04,592.5,nearby,-0.5628,-14.4671,119,wheels+gyro,2.1,0.791,0.046,0.07,False,False
121,07:53:30,618.4,nearby,-0.3166,-14.478,120,wheels+gyro,25.83,7.908,0.1,-0.05,False,False
122,07:53:31,619.4,nearby,-0.0112,-14.4868,121,wheels+gyro,1.03,0.311,0.006,0.0,False,False
123,07:53:32,620.4,nearby,0.2772,-14.4976,122,wheels+gyro,1.03,0.31,0.021,-0.08,False,False
124,07:53:34,622.5,nearby,0.6366,-14.5125,123,wheels+gyro,2.1,0.423,0.058,0.01,False,False
125,07:53:35,623.6,nearby,0.4267,-14.4973,124,wheels+gyro,1.03,0.2,0.012,-0.05,False,False
126,07:53:36,624.6,nearby,0.3102,-14.4958,125,wheels+gyro,1.03,0.152,0.019,0.04,False,False
127,07:53:40,627.6,nearby,0.3406,-14.4852,126,wheels+gyro,3.03,0.029,0.032,0.99,False,False
128,07:53:41,628.7,nearby,0.3694,-14.3271,127,wheels+gyro,1.03,0.104,0.069,-0.58,False,False
129,07:53:42,629.7,nearby,0.3616,-14.0386,128,wheels+gyro,1.0,0.286,0.022,-0.31,False,False
130,07:53:44,631.8,nearby,0.3068,-13.3413,129,wheels+gyro,2.13,0.726,0.03,0.42,False,False
131,07:53:45,632.9,nearby,0.2516,-13.2267,130,wheels+gyro,1.07,0.362,0.246,1.08,False,False
132,07:53:46,633.9,nearby,0.2033,-12.8554,131,wheels+gyro,1.03,0.371,0.003,0.07,False,False
133,07:53:47,634.9,nearby,0.1608,-12.5773,132,wheels+gyro,1.0,0.367,0.085,0.2,False,False
134,07:53:48,636.0,nearby,0.1326,-12.2278,133,wheels+gyro,1.1,0.333,0.021,-0.26,False,False
135,07:53:49,637.1,nearby,0.142,-11.8932,134,wheels+gyro,1.07,0.381,0.046,0.32,False,False
136,07:53:50,638.1,nearby,0.1465,-11.4878,135,wheels+gyro,1.07,0.415,0.009,-0.03,False,False
137,07:53:52,640.1,nearby,0.157,-10.7586,136,wheels+gyro,2.0,0.786,0.057,0.06,False,False
138,07:53:54,642.2,nearby,0.1597,-9.9874,137,wheels+gyro,2.1,0.829,0.058,0.01,False,False
139,07:53:56,644.2,nearby,0.168,-9.2602,138,wheels+gyro,2.0,0.795,0.068,0.2,False,False
140,07:53:57,645.2,nearby,0.1636,-8.9201,139,wheels+gyro,1.0,0.397,0.057,0.1,False,False
141,07:53:58,646.3,nearby,0.1629,-8.5011,140,wheels+gyro,1.07,0.427,0.009,-0.03,False,False
142,07:54:00,648.4,nearby,0.1725,-7.7752,141,wheels+gyro,2.1,0.836,0.112,0.63,False,False
143,07:54:02,650.4,nearby,0.1441,-6.9754,142,wheels+gyro,2.03,0.816,0.016,-0.24,False,False
144,07:54:04,652.5,nearby,0.1842,-6.2293,143,wheels+gyro,2.03,0.79,0.045,-0.3,False,False
145,07:54:05,653.5,nearby,0.2127,-5.8369,144,wheels+gyro,1.0,0.396,0.003,0.03,False,False
146,07:54:07,655.5,nearby,0.2781,-5.039,145,wheels+gyro,2.07,0.826,0.026,0.08,False,False
147,07:54:08,656.5,nearby,0.3122,-4.6823,146,wheels+gyro,1.0,0.403,0.046,0.26,False,False
148,07:54:09,657.6,nearby,0.3363,-4.2554,147,wheels+gyro,1.03,0.413,0.015,-0.06,False,False
149,07:54:10,658.6,nearby,0.3582,-3.9738,148,wheels+gyro,1.0,0.4,0.118,0.55,False,False
150,07:54:14,661.7,nearby,0.4191,-2.886,149,wheels+gyro,3.13,1.146,0.064,-0.14,False,False
151,07:54:16,663.8,nearby,0.4361,-2.2768,150,wheels+gyro,2.07,0.666,0.06,-0.15,False,False
152,07:54:17,664.8,nearby,0.4379,-1.9526,151,wheels+gyro,1.03,0.348,0.024,0.05,False,False
153,07:54:18,665.8,nearby,0.4403,-1.6225,152,wheels+gyro,1.03,0.35,0.021,-0.04,False,False
154,07:54:19,666.9,nearby,0.4301,-1.2981,153,wheels+gyro,1.03,0.349,0.026,-0.46,False,False
155,07:54:20,667.9,nearby,0.4334,-0.9568,154,wheels+gyro,1.07,0.364,0.023,0.06,False,False
156,07:54:22,670.0,nearby,0.4306,-0.3153,155,wheels+gyro,2.03,0.669,0.028,-0.13,False,False
157,07:54:23,671.0,nearby,0.4267,-0.0651,156,wheels+gyro,1.03,0.26,0.01,0.08,False,False
158,07:54:33,681.4,nearby,0.5198,-0.1043,157,wheels+gyro,10.37,0.043,0.101,-1.18,False,False
159,07:54:34,682.4,nearby,0.5352,-0.1473,158,wheels+gyro,1.0,0.008,0.046,0.27,False,False
160,07:54:38,686.5,nearby,0.7335,-0.1573,159,wheels+gyro,4.17,0.181,0.018,0.11,False,False
161,07:54:39,687.5,nearby,1.0229,-0.209,160,wheels+gyro,1.0,0.307,0.046,0.26,False,False
162,07:54:40,688.5,nearby,1.3179,-0.2049,161,wheels+gyro,1.0,0.3,0.012,-0.09,False,False
163,07:54:41,689.6,nearby,1.6182,-0.2309,162,wheels+gyro,1.03,0.312,0.022,0.12,False,False
164,07:54:42,690.6,nearby,1.8925,-0.2477,163,wheels+gyro,1.0,0.296,0.025,0.14,False,False
165,07:54:43,691.6,both,2.1735,-0.2485,164,wheels+gyro,1.0,0.294,0.014,0.08,False,False
166,07:54:45,692.6,nearby,2.4877,-0.2512,165,wheels+gyro,1.07,0.316,0.002,0.06,False,False
167,07:54:46,693.6,nearby,2.7776,-0.2557,166,wheels+gyro,1.0,0.3,0.01,0.05,False,False
168,07:54:47,694.7,nearby,3.0627,-0.2547,167,wheels+gyro,1.03,0.308,0.024,0.12,False,False
169,07:54:48,695.7,both,3.3264,-0.2569,168,wheels+gyro,1.0,0.301,0.037,0.02,False,False
170,07:54:49,696.7,nearby,3.6111,-0.2565,169,wheels+gyro,1.0,0.297,0.013,0.11,False,False
171,07:54:50,697.7,both,3.8986,-0.254,170,wheels+gyro,1.03,0.312,0.024,-0.04,False,False
172,07:54:51,698.7,nearby,4.1762,-0.2536,171,wheels+gyro,1.0,0.299,0.021,0.04,False,False
173,07:54:52,699.8,both,4.4698,-0.249,172,wheels+gyro,1.07,0.316,0.023,0.05,False,False
174,07:54:53,700.8,both,4.7516,-0.247,173,wheels+gyro,1.0,0.3,0.018,-0.02,False,False
175,07:54:54,701.8,nearby,5.082,-0.2437,174,wheels+gyro,1.03,0.337,0.007,0.06,False,False
176,07:54:55,702.8,nearby,5.4075,-0.2384,175,wheels+gyro,1.0,0.342,0.017,0.05,False,False
177,07:54:56,703.8,both,5.7348,-0.2311,176,wheels+gyro,1.03,0.351,0.023,0.08,False,False
178,07:54:57,704.8,both,6.0607,-0.2257,177,wheels+gyro,1.0,0.341,0.015,0.05,False,False
179,07:54:58,705.8,both,6.377,-0.2084,178,wheels+gyro,1.0,0.351,0.035,-0.03,False,False
180,07:54:59,706.9,nearby,6.7329,-0.2036,179,wheels+gyro,1.07,0.368,0.013,0.09,False,False
181,07:55:00,708.0,nearby,7.0826,-0.1934,180,wheels+gyro,1.07,0.375,0.026,-0.05,False,False
182,07:55:01,709.0,both,7.398,-0.1856,181,wheels+gyro,1.0,0.343,0.028,-0.0,False,False
183,07:55:02,710.0,nearby,7.7291,-0.1785,182,wheels+gyro,1.03,0.357,0.026,-0.02,False,False
184,07:55:03,711.0,nearby,8.0641,-0.1618,183,wheels+gyro,1.03,0.357,0.022,0.23,False,False
185,07:55:04,712.1,both,8.3971,-0.1381,184,wheels+gyro,1.03,0.36,0.029,-0.38,False,False
186,07:55:05,713.1,both,8.7247,-0.131,185,wheels+gyro,1.0,0.344,0.017,0.2,False,False
187,07:55:06,714.1,both,9.0498,-0.1165,186,wheels+gyro,1.0,0.346,0.021,-0.15,False,False
188,07:55:07,715.1,nearby,9.3997,-0.106,187,wheels+gyro,1.07,0.375,0.025,0.19,False,False
189,07:55:08,716.2,both,9.7424,-0.0874,188,wheels+gyro,1.03,0.361,0.018,-0.07,False,False
190,07:55:09,717.2,both,10.0796,-0.071,189,wheels+gyro,1.03,0.363,0.026,-0.03,False,False
191,07:55:10,718.2,both,10.4198,-0.0529,190,wheels+gyro,1.03,0.361,0.021,-0.01,False,False
192,07:55:11,719.3,both,10.763,-0.0329,191,wheels+gyro,1.03,0.36,0.016,0.11,False,False
193,07:55:12,720.3,both,11.1012,-0.0094,192,wheels+gyro,1.03,0.36,0.022,0.03,False,False
194,07:55:13,721.3,both,11.4407,0.0045,193,wheels+gyro,1.03,0.358,0.02,0.16,False,False
195,07:55:14,722.3,nearby,11.7617,0.0298,194,wheels+gyro,1.0,0.342,0.02,-0.19,False,False
196,07:55:15,723.4,nearby,12.1504,0.0477,195,wheels+gyro,1.07,0.365,0.025,0.03,False,False
197,07:55:53,761.5,nearby,14.3633,0.1561,196,wheels+gyro,38.1,2.651,0.419,0.37,True,False
198,07:55:59,766.7,nearby,14.3878,0.3407,197,wheels+gyro,5.17,0.173,0.016,-0.92,False,False
199,07:56:00,767.7,nearby,14.4199,0.6257,198,wheels+gyro,1.03,0.298,0.012,-0.26,False,False
200,07:56:01,768.7,nearby,14.4521,0.8997,199,wheels+gyro,1.0,0.29,0.014,-0.03,False,False
201,07:56:02,769.8,nearby,14.4897,1.2182,200,wheels+gyro,1.07,0.341,0.021,0.12,False,False
202,07:56:03,770.8,nearby,14.5253,1.552,201,wheels+gyro,1.03,0.342,0.007,-0.07,False,False
203,07:56:05,772.8,nearby,14.5425,2.1294,202,wheels+gyro,2.03,0.629,0.053,0.2,False,False
204,07:56:06,773.9,nearby,14.5457,2.4205,203,blend (fix inside a WiFi gap),1.03,0.302,0.011,-0.05,True,False
205,07:56:07,774.9,nearby,14.5471,2.7177,203,wheels+gyro,2.07,0.619,0.031,-0.05,True,False
206,07:56:08,776.0,nearby,14.5474,2.9976,205,blend (fix inside a WiFi gap),1.07,0.308,0.028,-0.1,True,False
207,07:56:09,777.0,nearby,14.5472,3.2696,206,blend (fix inside a WiFi gap),1.0,0.245,0.027,-0.01,True,False
208,07:56:10,778.0,nearby,14.549,3.5841,207,blend (fix inside a WiFi gap),1.03,0.33,0.015,-0.08,True,False
209,07:56:11,779.0,nearby,14.55,3.8758,208,blend (fix inside a WiFi gap),1.0,0.317,0.026,0.01,True,False
210,07:56:12,780.0,nearby,14.5432,4.1338,209,blend (fix inside a WiFi gap),1.0,0.235,0.024,-0.05,True,False
211,07:56:13,781.0,nearby,14.5417,4.4405,210,blend (fix inside a WiFi gap),1.0,0.303,0.004,-0.08,True,False
212,07:56:14,782.0,nearby,14.5424,4.7441,211,blend (fix inside a WiFi gap),1.03,0.337,0.033,-0.08,True,False
213,07:56:15,783.0,nearby,14.5402,5.0358,212,blend (fix inside a WiFi gap),1.0,0.27,0.021,0.09,True,False
214,07:56:16,784.1,nearby,14.5382,5.3531,213,blend (fix inside a WiFi gap),1.03,0.327,0.01,0.16,True,False
215,07:56:17,785.1,nearby,14.5413,5.6578,214,blend (fix inside a WiFi gap),1.0,0.314,0.009,-0.16,True,False
216,07:56:18,786.1,nearby,14.5436,5.9828,215,blend (fix inside a WiFi gap),1.03,0.332,0.008,-0.0,True,False
217,07:56:19,787.1,nearby,14.5489,6.3393,216,blend (fix inside a WiFi gap),1.03,0.35,0.007,-0.08,True,False
218,07:56:20,788.1,nearby,14.5513,6.6391,205,wheels+gyro,13.23,4.269,0.348,-0.35,True,False
219,07:56:21,789.1,nearby,14.5554,6.9355,218,wheels+gyro,1.0,0.32,0.024,-0.07,False,False
220,07:56:22,790.1,nearby,14.5578,7.2493,219,wheels+gyro,1.0,0.32,0.006,0.02,False,False
221,07:56:23,791.2,nearby,14.5552,7.518,220,wheels+gyro,1.03,0.3,0.031,-0.05,False,False
222,07:56:24,792.2,nearby,14.557,7.8137,221,wheels+gyro,1.03,0.301,0.006,0.01,False,False
223,07:56:25,793.2,nearby,14.5543,8.0845,222,wheels+gyro,1.0,0.301,0.031,-0.02,False,False
224,07:56:26,794.2,nearby,14.5591,8.3834,223,wheels+gyro,1.03,0.311,0.013,0.0,False,False
225,07:56:28,796.3,nearby,14.5593,8.933,224,wheels+gyro,2.1,0.594,0.045,-0.19,False,False
226,07:56:29,797.4,nearby,14.5663,9.192,225,wheels+gyro,1.03,0.273,0.013,-0.02,False,False
227,07:56:30,798.4,nearby,14.5741,9.4526,226,wheels+gyro,1.03,0.277,0.016,0.0,False,False
228,07:56:31,799.5,nearby,14.5824,9.7147,227,wheels+gyro,1.07,0.277,0.014,-0.06,False,False
229,07:56:32,800.5,nearby,14.5837,9.8119,228,wheels+gyro,1.03,0.147,0.044,0.0,False,False
230,07:56:34,802.6,nearby,14.5899,9.8251,229,wheels+gyro,2.07,0.008,0.015,-0.18,False,False
231,07:56:35,803.6,nearby,14.6058,9.8065,230,wheels+gyro,1.03,0.008,0.024,-0.1,False,False
232,07:56:41,808.8,nearby,14.6215,9.7831,231,wheels+gyro,5.2,0.042,0.027,0.42,False,False
233,07:56:42,809.8,nearby,14.6091,9.7705,232,wheels+gyro,1.03,0.005,0.019,0.45,False,False
234,07:56:54,822.3,nearby,14.6163,9.6217,233,wheels+gyro,12.43,0.133,0.023,0.19,False,False
235,07:56:55,823.3,nearby,14.6171,9.3601,234,wheels+gyro,1.03,0.269,0.008,0.07,False,False
236,07:56:56,824.3,nearby,14.6173,9.1112,235,wheels+gyro,1.0,0.268,0.02,0.12,False,False
237,07:56:57,825.4,nearby,14.6147,8.8299,236,wheels+gyro,1.07,0.288,0.007,0.02,False,False
238,07:56:58,826.4,nearby,14.6142,8.5595,237,wheels+gyro,1.03,0.279,0.009,-0.1,False,False
239,07:56:59,827.4,nearby,14.6151,8.3031,238,wheels+gyro,1.0,0.272,0.016,-0.02,False,False
240,07:57:00,828.4,nearby,14.6136,8.0488,239,wheels+gyro,1.0,0.269,0.015,0.06,False,False
241,07:57:01,829.5,nearby,14.6123,7.789,240,wheels+gyro,1.07,0.287,0.027,0.02,False,False
242,07:57:02,830.5,nearby,14.6126,7.5288,241,wheels+gyro,1.03,0.28,0.019,-0.02,False,False
243,07:57:03,831.6,nearby,14.6138,7.2477,242,wheels+gyro,1.07,0.287,0.006,0.03,False,False
244,07:57:04,832.6,nearby,14.6142,6.979,243,wheels+gyro,1.03,0.282,0.013,0.0,False,False
245,07:57:06,833.7,nearby,14.6162,6.711,244,wheels+gyro,1.07,0.286,0.018,0.0,False,False
246,07:57:07,834.7,nearby,14.6194,6.4619,245,wheels+gyro,1.03,0.28,0.031,-0.01,False,False
247,07:57:08,835.7,nearby,14.6187,6.2044,246,wheels+gyro,1.03,0.279,0.022,-0.0,False,False
248,07:57:09,836.7,nearby,14.6233,5.947,247,wheels+gyro,1.0,0.27,0.012,-0.12,False,False
249,07:57:10,837.8,nearby,14.6228,5.6609,248,wheels+gyro,1.07,0.287,0.003,0.0,False,False
250,07:57:11,838.8,nearby,14.6311,5.4293,249,wheels+gyro,1.0,0.272,0.041,0.08,False,False
251,07:57:12,839.8,nearby,14.6353,5.1729,250,wheels+gyro,1.0,0.268,0.012,-0.03,False,False
252,07:57:13,840.8,nearby,14.6383,4.8969,251,wheels+gyro,1.03,0.28,0.004,-0.04,False,False
253,07:57:14,841.9,nearby,14.6427,4.6244,252,wheels+gyro,1.07,0.289,0.016,-0.0,False,False
254,07:57:15,842.9,nearby,14.6505,4.3772,253,wheels+gyro,1.0,0.273,0.026,-0.03,False,False
255,07:57:16,843.9,nearby,14.6544,4.116,254,wheels+gyro,1.03,0.28,0.019,0.09,False,False
256,07:57:17,844.9,nearby,14.6608,3.8631,255,wheels+gyro,1.0,0.271,0.018,-0.04,False,False
257,07:57:18,846.0,nearby,14.6671,3.6057,256,blend (fix inside a WiFi gap),1.03,0.266,0.009,0.0,True,False
258,07:57:19,847.0,nearby,14.6743,3.3446,257,blend (fix inside a WiFi gap),1.03,0.23,0.032,-0.04,True,False
259,07:57:20,848.0,nearby,14.681,3.0965,258,blend (fix inside a WiFi gap),1.0,0.251,0.003,-0.12,True,False
260,07:57:21,849.1,nearby,14.6891,2.8382,259,blend (fix inside a WiFi gap),1.07,0.261,0.003,0.05,True,False
261,07:57:22,850.1,both,14.6953,2.5921,260,blend (fix inside a WiFi gap),1.0,0.247,0.001,0.01,True,False
262,07:57:23,851.1,nearby,14.7049,2.358,261,blend (fix inside a WiFi gap),1.0,0.234,0.002,-0.07,True,False
263,07:57:24,852.1,nearby,14.7127,2.1191,262,blend (fix inside a WiFi gap),1.03,0.256,0.017,-0.01,True,False
264,07:57:25,853.1,nearby,14.7214,1.8891,263,blend (fix inside a WiFi gap),1.0,0.217,0.013,0.03,True,False
265,07:57:26,854.1,nearby,14.73,1.6813,264,blend (fix inside a WiFi gap),1.03,0.22,0.012,-0.09,True,False
266,07:57:27,855.2,nearby,14.7396,1.4455,265,blend (fix inside a WiFi gap),1.03,0.244,0.009,0.87,True,False
267,07:57:28,856.2,nearby,14.7071,1.2691,266,blend (fix inside a WiFi gap),1.0,0.17,0.013,-0.88,True,False
268,07:57:29,857.2,nearby,14.6868,1.0532,267,blend (fix inside a WiFi gap),1.03,0.218,0.002,0.01,True,False
269,07:57:30,858.2,nearby,14.6627,0.8327,268,blend (fix inside a WiFi gap),1.0,0.234,0.012,-0.03,True,False
270,07:57:31,859.2,nearby,14.637,0.5821,269,blend (fix inside a WiFi gap),1.03,0.259,0.007,-0.03,True,False
271,07:57:32,860.3,nearby,14.6642,0.3466,270,blend (fix inside a WiFi gap),1.03,0.268,0.062,1.5,True,False
272,07:57:33,861.4,nearby,14.6449,0.0969,271,blend (fix inside a WiFi gap),1.1,0.242,0.008,-0.78,True,False
273,07:57:34,862.4,nearby,14.6205,-0.128,272,blend (fix inside a WiFi gap),1.0,0.212,0.015,0.11,True,False
274,07:57:35,863.4,nearby,14.576,-0.3565,273,blend (fix inside a WiFi gap),1.03,0.235,0.025,-0.28,True,False
275,07:57:36,864.4,nearby,14.566,-0.5641,274,blend (fix inside a WiFi gap),1.03,0.193,0.017,-0.35,True,False
276,07:57:37,865.4,nearby,14.5566,-0.7553,275,blend (fix inside a WiFi gap),1.0,0.201,0.009,0.11,True,False
277,07:57:38,866.5,nearby,14.5388,-0.9829,276,blend (fix inside a WiFi gap),1.03,0.199,0.03,-0.05,True,False
278,07:57:39,867.5,nearby,14.5314,-1.1953,277,blend (fix inside a WiFi gap),1.0,0.244,0.031,-0.01,True,False
279,07:57:41,869.5,nearby,14.5044,-1.6832,278,blend (fix inside a WiFi gap),2.03,0.515,0.026,0.03,True,False
280,07:57:45,872.6,nearby,14.4657,-2.4916,279,blend (fix inside a WiFi gap),3.1,0.801,0.008,-0.03,True,False
281,07:57:46,873.7,nearby,14.4532,-2.739,280,blend (fix inside a WiFi gap),1.07,0.247,0.002,0.03,True,False
282,07:57:47,874.7,nearby,14.4478,-2.9214,281,blend (fix inside a WiFi gap),1.07,0.21,0.028,0.09,True,False
283,07:57:49,876.8,nearby,14.4288,-3.3415,282,blend (fix inside a WiFi gap),2.03,0.384,0.037,0.0,True,False
284,07:57:50,877.8,nearby,14.414,-3.5663,283,blend (fix inside a WiFi gap),1.03,0.244,0.02,-0.24,True,False
285,07:57:55,883.0,nearby,14.3799,-4.7016,256,wheels+gyro,38.03,9.107,0.54,0.78,True,False
286,07:57:57,885.0,nearby,14.3676,-5.1619,285,wheels+gyro,2.03,0.469,0.009,0.08,False,False
287,07:57:58,886.0,nearby,14.3649,-5.4017,286,wheels+gyro,1.03,0.238,0.003,-0.02,False,False
288,07:58:05,893.2,nearby,14.3453,-6.9143,287,wheels+gyro,7.17,1.651,0.138,0.47,True,False
289,07:58:06,894.2,nearby,14.3542,-7.1288,288,wheels+gyro,1.0,0.231,0.018,-0.32,False,False
290,07:58:07,895.2,nearby,14.3514,-7.3649,289,wheels+gyro,1.03,0.236,0.002,-0.07,False,False
291,07:58:08,896.3,nearby,14.3509,-7.6001,290,wheels+gyro,1.07,0.264,0.029,0.02,False,False
292,07:58:11,899.4,nearby,14.3379,-8.3867,291,wheels+gyro,3.1,0.836,0.051,0.04,False,False
293,07:58:13,901.4,nearby,14.337,-8.9084,292,wheels+gyro,2.03,0.554,0.032,0.1,False,False
294,07:58:18,906.6,nearby,14.3582,-10.2893,293,blend (fix inside a WiFi gap),5.13,1.445,0.064,-0.13,True,False
295,07:58:23,911.0,nearby,14.3933,-11.575,293,wheels+gyro,9.57,2.847,0.18,-0.1,True,False
296,07:58:25,913.2,nearby,14.4195,-12.2439,295,blend (fix inside a WiFi gap),2.17,0.683,0.015,-0.12,True,False
297,07:58:26,914.3,nearby,14.4392,-12.5912,296,blend (fix inside a WiFi gap),1.1,0.342,0.011,-0.03,True,False
298,07:58:28,916.4,nearby,14.4653,-12.7657,295,wheels+gyro,5.43,1.319,0.124,0.04,True,False
299,07:59:13,961.5,nearby,13.4005,-14.9426,298,wheels+gyro,45.07,6.71,0.272,-1.48,False,False
300,07:59:14,962.5,nearby,13.0679,-14.8789,299,wheels+gyro,1.0,0.359,0.021,-0.02,False,False
301,07:59:15,963.5,nearby,12.7003,-14.808,300,wheels+gyro,1.03,0.393,0.019,-0.05,False,False
302,07:59:16,964.5,nearby,12.3293,-14.7354,301,wheels+gyro,1.0,0.394,0.016,0.02,False,False
303,07:59:17,965.5,nearby,11.9566,-14.6659,302,wheels+gyro,1.0,0.398,0.019,0.01,False,False
304,07:59:18,966.5,nearby,11.5903,-14.6337,303,wheels+gyro,1.0,0.395,0.03,0.2,False,False
305,07:59:20,967.6,nearby,11.2222,-14.6168,304,wheels+gyro,1.07,0.387,0.018,-0.14,False,False
306,07:59:21,968.6,nearby,10.8896,-14.6044,305,wheels+gyro,1.03,0.365,0.032,0.04,False,False
307,07:59:22,969.7,nearby,10.509,-14.589,306,wheels+gyro,1.03,0.4,0.019,0.04,False,False
308,07:59:23,970.7,nearby,10.1376,-14.576,307,blend (fix inside a WiFi gap),1.0,0.376,0.005,0.06,True,False
309,07:59:24,971.7,both,9.7777,-14.5659,307,wheels+gyro,2.0,0.79,0.058,0.07,True,False
310,07:59:25,972.7,nearby,9.3752,-14.5551,309,blend (fix inside a WiFi gap),1.07,0.416,0.013,0.05,True,False
311,07:59:26,973.7,nearby,8.9959,-14.5439,309,wheels+gyro,2.07,0.829,0.047,0.06,True,False
312,07:59:27,974.8,both,8.5917,-14.5342,311,wheels+gyro,1.07,0.424,0.02,0.04,False,False
313,07:59:28,975.8,both,8.2034,-14.5273,312,wheels+gyro,1.03,0.41,0.022,-0.01,False,False
314,07:59:29,976.8,both,7.8193,-14.5188,313,wheels+gyro,1.0,0.401,0.017,-0.0,False,False
315,07:59:30,977.9,both,7.4329,-14.5139,314,wheels+gyro,1.03,0.417,0.031,-0.02,False,False
316,07:59:31,978.9,both,7.065,-14.5084,315,wheels+gyro,1.07,0.386,0.018,0.04,False,False
317,07:59:32,980.0,both,6.7278,-14.5052,316,wheels+gyro,1.03,0.364,0.027,0.02,False,False
318,07:59:33,981.0,nearby,6.3913,-14.504,317,wheels+gyro,1.03,0.361,0.025,0.04,False,False
319,07:59:34,982.0,nearby,6.0374,-14.5012,318,wheels+gyro,1.03,0.36,0.006,-0.01,False,False
320,07:59:35,983.1,nearby,5.7002,-14.503,319,wheels+gyro,1.07,0.376,0.039,0.09,False,False
321,07:59:39,987.2,nearby,4.3081,-14.5071,320,wheels+gyro,4.1,1.434,0.042,-0.03,False,False
322,07:59:40,988.2,nearby,3.9613,-14.5115,321,wheels+gyro,1.0,0.357,0.01,0.01,False,False
323,07:59:41,989.2,nearby,3.629,-14.5168,322,wheels+gyro,1.03,0.364,0.032,-0.01,False,False
324,07:59:42,990.2,nearby,3.308,-14.521,323,wheels+gyro,1.0,0.341,0.02,0.07,False,False
325,07:59:43,991.3,nearby,2.9683,-14.527,324,wheels+gyro,1.03,0.349,0.009,0.01,False,False
326,07:59:44,992.3,nearby,2.6556,-14.5342,325,wheels+gyro,1.03,0.354,0.041,0.02,False,False
327,07:59:45,993.3,nearby,2.339,-14.5436,326,wheels+gyro,1.03,0.35,0.033,0.06,False,False
328,07:59:46,994.4,nearby,2.0006,-14.5541,327,blend (fix inside a WiFi gap),1.03,0.335,0.004,-0.04,True,False
329,07:59:47,995.4,nearby,1.6853,-14.5628,327,wheels+gyro,2.03,0.691,0.037,0.01,True,False
330,07:59:48,996.4,nearby,1.3761,-14.5728,329,wheels+gyro,1.0,0.339,0.03,0.04,False,False
331,07:59:49,997.4,nearby,1.0659,-14.5842,330,blend (fix inside a WiFi gap),1.0,0.326,0.016,0.05,True,False
332,07:59:50,998.4,nearby,0.7421,-14.5958,331,blend (fix inside a WiFi gap),1.07,0.323,0.001,-0.01,True,False
333,07:59:51,999.4,nearby,0.46,-14.5695,332,blend (fix inside a WiFi gap),1.0,0.292,0.01,-0.01,True,False
334,07:59:52,1000.5,nearby,0.1047,-14.539,333,blend (fix inside a WiFi gap),1.03,0.377,0.02,0.01,True,False
335,07:59:54,1002.6,nearby,-0.6712,-14.467,334,blend (fix inside a WiFi gap),2.1,0.782,0.003,0.01,True,False
336,08:00:21,1029.2,nearby,-0.0845,-14.3406,330,wheels+gyro,32.83,7.579,0.218,0.16,True,False
337,08:00:23,1031.2,nearby,-0.0675,-14.3111,336,wheels+gyro,2.0,0.061,0.042,-0.56,False,False
338,08:00:25,1033.2,nearby,-0.0188,-14.2291,337,wheels+gyro,2.03,0.027,0.095,0.29,False,False
339,08:00:30,1038.4,nearby,-0.0319,-13.2414,338,wheels+gyro,5.17,1.283,0.281,1.37,False,False
340,08:00:31,1039.4,nearby,-0.0323,-12.8091,339,wheels+gyro,1.03,0.41,0.022,0.26,False,False
341,08:00:32,1040.4,nearby,-0.0387,-12.5062,340,wheels+gyro,1.0,0.404,0.101,0.03,False,False
342,08:00:33,1041.5,nearby,-0.0435,-12.11,341,wheels+gyro,1.03,0.412,0.016,0.08,False,False
343,08:00:34,1042.5,nearby,-0.0567,-11.7626,342,wheels+gyro,1.0,0.406,0.059,0.1,False,False
344,08:00:35,1043.5,nearby,-0.0638,-11.362,343,wheels+gyro,1.03,0.415,0.014,0.07,False,False
345,08:00:36,1044.5,nearby,-0.0764,-10.9916,344,wheels+gyro,1.0,0.399,0.029,0.04,False,False
346,08:00:37,1045.5,nearby,-0.0861,-10.5869,345,wheels+gyro,1.03,0.414,0.01,0.15,False,False
347,08:00:38,1046.5,nearby,-0.0867,-10.2038,346,wheels+gyro,1.0,0.395,0.012,-0.01,False,False
348,08:00:41,1048.6,nearby,-0.0983,-9.4437,347,wheels+gyro,2.1,0.842,0.082,0.1,False,False
349,08:00:42,1049.7,nearby,-0.1024,-9.0527,348,wheels+gyro,1.03,0.415,0.024,-0.07,False,False
350,08:00:43,1050.7,nearby,-0.1067,-8.6604,349,wheels+gyro,1.07,0.426,0.034,0.18,False,False
351,08:00:44,1051.7,nearby,-0.1144,-8.2693,350,wheels+gyro,1.0,0.4,0.009,-0.08,False,False
352,08:00:46,1053.8,nearby,-0.1276,-7.5035,351,wheels+gyro,2.03,0.811,0.045,0.1,False,False
353,08:00:47,1054.8,nearby,-0.1395,-7.1079,352,blend (fix inside a WiFi gap),1.0,0.388,0.008,0.04,True,False
354,08:00:48,1055.8,nearby,-0.1491,-6.7649,353,blend (fix inside a WiFi gap),1.0,0.369,0.025,0.0,True,False
355,08:00:49,1056.8,both,-0.1607,-6.3661,352,wheels+gyro,3.03,1.216,0.079,0.05,True,False
356,08:00:50,1057.8,nearby,-0.1785,-6.0332,355,wheels+gyro,1.0,0.399,0.066,0.05,False,False
357,08:00:51,1058.8,nearby,-0.1959,-5.6597,356,wheels+gyro,1.03,0.416,0.042,-0.01,False,False
358,08:00:52,1059.8,nearby,-0.2108,-5.2915,357,wheels+gyro,1.0,0.399,0.03,-0.07,False,False
359,08:00:53,1060.9,nearby,-0.2122,-4.9316,358,wheels+gyro,1.03,0.363,0.004,-0.03,False,False
360,08:00:54,1061.9,nearby,-0.2047,-4.5988,359,wheels+gyro,1.03,0.36,0.027,-0.02,False,False
361,08:00:55,1062.9,nearby,-0.1987,-4.2514,360,wheels+gyro,1.0,0.363,0.016,0.04,False,False
362,08:00:56,1063.9,both,-0.1936,-3.909,361,wheels+gyro,1.03,0.364,0.022,0.02,False,False
363,08:00:57,1065.0,nearby,-0.1884,-3.5597,362,wheels+gyro,1.03,0.363,0.013,0.06,False,False
364,08:00:58,1066.0,both,-0.1856,-3.2116,363,wheels+gyro,1.07,0.372,0.024,-0.01,False,False
365,08:00:59,1067.0,both,-0.1853,-2.8905,364,wheels+gyro,1.0,0.35,0.029,0.06,False,False
366,08:01:00,1068.1,both,-0.1802,-2.562,365,wheels+gyro,1.03,0.358,0.029,-0.12,False,False
367,08:01:01,1069.1,both,-0.165,-2.2536,366,wheels+gyro,1.03,0.33,0.022,0.15,False,False
368,08:01:02,1070.1,both,-0.1481,-1.9271,367,wheels+gyro,1.03,0.357,0.031,0.03,False,False
369,08:01:03,1071.2,both,-0.1316,-1.5851,368,blend (fix inside a WiFi gap),1.03,0.339,0.003,0.03,True,False
370,08:01:04,1072.2,both,-0.1158,-1.2568,368,wheels+gyro,2.03,0.715,0.044,0.07,True,False
371,08:01:05,1073.2,both,-0.1015,-0.9145,370,blend (fix inside a WiFi gap),1.03,0.344,0.003,0.04,True,False
372,08:01:06,1074.2,both,-0.0873,-0.5774,370,wheels+gyro,2.07,0.715,0.035,0.1,True,False
373,08:01:07,1075.3,nearby,-0.0765,-0.2748,372,wheels+gyro,1.03,0.33,0.027,0.1,False,False
374,08:01:08,1076.3,nearby,-0.071,-0.2891,373,wheels+gyro,1.03,0.013,0.012,-0.56,False,False
375,08:01:09,1077.4,both,-0.0142,-0.3113,374,wheels+gyro,1.1,0.011,0.061,-0.26,False,False
376,08:01:10,1078.4,both,0.0232,-0.3467,375,wheels+gyro,1.0,0.008,0.052,-0.14,False,False
377,08:01:11,1079.4,both,0.0951,-0.3209,376,wheels+gyro,1.03,0.062,0.024,0.49,False,False
378,08:01:12,1080.4,nearby,0.3537,-0.1689,377,wheels+gyro,1.0,0.319,0.02,0.15,False,False
379,08:01:13,1081.5,nearby,0.6473,-0.0021,378,wheels+gyro,1.03,0.351,0.013,0.14,False,False
380,08:01:14,1082.5,nearby,0.8247,0.101,379,wheels+gyro,1.07,0.214,0.009,-0.0,False,False
381,08:01:15,1083.5,nearby,0.8291,0.0796,380,wheels+gyro,1.0,0.008,0.022,-0.58,False,False
382,08:01:16,1084.6,nearby,0.8482,0.0586,381,wheels+gyro,1.03,0.011,0.028,0.56,False,False
383,08:01:21,1088.7,nearby,0.6651,0.0405,382,wheels+gyro,4.1,0.16,0.033,-0.07,False,False
384,08:01:22,1089.7,both,0.4093,0.033,383,wheels+gyro,1.07,0.246,0.017,-0.02,True,False
385,08:01:23,1090.7,both,0.2023,0.0371,384,wheels+gyro,1.0,0.23,0.023,0.02,False,False
386,08:01:24,1091.8,nearby,0.2007,0.0204,385,wheels+gyro,1.03,0.031,0.023,-0.5,False,False
387,08:01:27,1094.9,nearby,0.2407,0.0089,386,wheels+gyro,3.17,0.039,0.043,-0.03,False,False
388,08:01:28,1095.9,nearby,0.2234,-0.0031,387,wheels+gyro,1.0,0.004,0.021,0.49,False,False
389,08:01:31,1099.0,nearby,0.214,-0.2447,388,wheels+gyro,3.03,0.226,0.016,0.02,False,False
390,08:01:32,1100.0,nearby,0.2012,-0.5451,389,wheels+gyro,1.0,0.313,0.012,0.02,False,False
391,08:01:33,1101.0,nearby,0.191,-0.8602,390,wheels+gyro,1.0,0.321,0.006,-0.1,False,False
392,08:01:34,1102.0,nearby,0.1768,-1.1821,391,wheels+gyro,1.03,0.338,0.016,0.14,False,False
393,08:01:37,1105.0,nearby,0.1522,-2.0378,392,wheels+gyro,3.03,0.945,0.089,-0.15,False,False
394,08:01:38,1106.1,nearby,0.1411,-2.3665,393,wheels+gyro,1.07,0.348,0.019,0.03,False,False
395,08:01:39,1107.1,nearby,0.1217,-2.7057,394,wheels+gyro,1.0,0.357,0.019,-0.03,False,False
396,08:01:40,1108.1,nearby,0.1056,-3.0408,395,wheels+gyro,1.0,0.349,0.015,0.04,False,False
397,08:01:42,1110.1,nearby,0.0898,-3.7279,396,wheels+gyro,2.03,0.712,0.025,0.14,False,False
398,08:01:45,1113.3,nearby,0.0753,-4.776,397,wheels+gyro,3.17,1.106,0.058,0.35,False,False
399,08:02:28,1156.3,nearby,0.0452,-14.4091,398,wheels+gyro,43.03,10.756,1.08,-0.4,True,False
400,08:02:33,1161.4,nearby,0.2552,-14.4383,399,wheels+gyro,5.1,0.189,0.033,0.21,False,False
401,08:02:34,1162.5,nearby,0.5193,-14.4235,400,wheels+gyro,1.03,0.278,0.026,-0.28,False,False
402,08:02:35,1163.6,nearby,0.8134,-14.4379,401,wheels+gyro,1.1,0.311,0.018,0.22,False,False
403,08:02:37,1164.6,nearby,1.112,-14.4202,402,wheels+gyro,1.03,0.301,0.024,-0.33,False,False
404,08:02:38,1165.6,nearby,1.376,-14.453,403,wheels+gyro,1.0,0.288,0.035,-0.03,False,False
405,08:02:39,1166.6,nearby,1.6655,-14.4492,404,wheels+gyro,1.03,0.316,0.029,-0.58,False,False
406,08:02:40,1167.7,nearby,1.9802,-14.4614,405,wheels+gyro,1.03,0.321,0.007,0.24,False,False
407,08:02:41,1168.7,nearby,2.2868,-14.4715,406,wheels+gyro,1.0,0.317,0.011,0.09,False,False
408,08:02:42,1169.7,nearby,2.5768,-14.4852,407,wheels+gyro,1.07,0.325,0.035,-0.18,False,False
409,08:02:43,1170.7,nearby,2.8582,-14.51,408,wheels+gyro,1.0,0.293,0.013,0.58,False,False
410,08:02:44,1171.7,nearby,3.1517,-14.5099,409,blend (fix inside a WiFi gap),1.0,0.311,0.023,-1.4,True,False
411,08:02:45,1172.8,nearby,3.4718,-14.5178,409,wheels+gyro,2.03,0.651,0.044,-0.35,True,False
412,08:02:46,1173.8,nearby,3.7842,-14.549,411,wheels+gyro,1.03,0.33,0.022,0.46,False,False
413,08:02:47,1174.8,nearby,4.0864,-14.5516,412,wheels+gyro,1.03,0.331,0.03,0.31,False,False
414,08:02:48,1175.8,nearby,4.3933,-14.5624,413,wheels+gyro,1.0,0.322,0.015,-0.06,False,False
415,08:02:49,1176.8,nearby,4.6882,-14.5773,414,wheels+gyro,1.0,0.32,0.025,-0.1,False,False
416,08:02:50,1177.9,nearby,5.0365,-14.5816,415,wheels+gyro,1.07,0.361,0.015,0.03,False,False
417,08:02:51,1178.9,nearby,5.3865,-14.5909,416,wheels+gyro,1.03,0.352,0.003,-0.23,False,False
418,08:02:52,1179.9,nearby,5.6966,-14.6001,417,wheels+gyro,1.0,0.344,0.034,0.23,False,False
419,08:02:53,1181.0,nearby,6.037,-14.6007,418,wheels+gyro,1.03,0.351,0.014,-0.19,False,False
420,08:02:54,1182.0,nearby,6.3769,-14.6145,419,wheels+gyro,1.07,0.362,0.022,0.5,False,False
421,08:02:55,1183.1,nearby,6.7286,-14.618,420,wheels+gyro,1.07,0.361,0.01,-0.49,False,False
422,08:02:56,1184.1,nearby,7.0283,-14.6237,421,wheels+gyro,1.0,0.344,0.044,0.44,False,False
423,08:02:57,1185.1,nearby,7.3608,-14.6258,422,wheels+gyro,1.03,0.358,0.026,0.22,False,False
424,08:02:58,1186.2,nearby,7.7083,-14.6274,423,wheels+gyro,1.07,0.368,0.02,-0.34,False,False
425,08:03:00,1188.2,nearby,8.3808,-14.6366,424,wheels+gyro,2.03,0.713,0.041,0.28,True,False
426,08:03:01,1189.3,nearby,8.7354,-14.6411,425,wheels+gyro,1.03,0.372,0.017,-0.01,False,False
427,08:03:08,1196.5,nearby,11.2962,-14.4754,426,wheels+gyro,7.23,2.718,0.145,-0.09,False,False
428,08:03:09,1197.5,nearby,11.644,-14.5021,427,wheels+gyro,1.0,0.358,0.01,0.04,False,False
429,08:03:10,1198.5,nearby,12.027,-14.5336,428,wheels+gyro,1.0,0.389,0.006,-0.04,False,False
430,08:03:12,1199.6,nearby,12.4643,-14.5655,429,wheels+gyro,1.13,0.457,0.018,-0.07,False,False
431,08:03:13,1201.0,nearby,12.9878,-14.6083,430,blend (fix inside a WiFi gap),1.37,0.546,0.021,-0.17,True,False
432,08:03:16,1204.5,nearby,14.2549,-14.6856,431,blend (fix inside a WiFi gap),3.5,1.319,0.051,-0.07,True,False
433,08:03:17,1205.5,nearby,14.644,-14.707,432,blend (fix inside a WiFi gap),1.03,0.399,0.01,0.12,True,False
434,08:03:18,1206.5,nearby,14.7289,-14.7114,433,blend (fix inside a WiFi gap),1.0,0.076,0.009,0.07,True,False
435,08:03:39,1227.1,nearby,14.7719,-14.6521,430,wheels+gyro,27.5,2.523,0.21,0.65,True,False
436,08:03:44,1232.3,nearby,14.7324,-14.0556,435,wheels+gyro,5.13,0.614,0.053,2.54,False,False
437,08:03:45,1233.3,nearby,14.6973,-13.6896,436,wheels+gyro,1.0,0.389,0.033,-0.73,False,False
438,08:03:46,1234.3,nearby,14.6857,-13.2995,437,wheels+gyro,1.03,0.412,0.022,-0.12,False,False
439,08:03:47,1235.3,nearby,14.6767,-12.9075,438,wheels+gyro,1.03,0.412,0.02,-0.21,False,False
440,08:03:48,1236.3,nearby,14.667,-12.5191,439,wheels+gyro,1.0,0.4,0.012,-0.04,False,False
441,08:03:49,1237.4,nearby,14.6578,-12.1128,440,wheels+gyro,1.03,0.414,0.008,-0.02,False,False
442,08:03:50,1238.4,nearby,14.6467,-11.7353,441,wheels+gyro,1.0,0.398,0.021,-0.02,False,False
443,08:03:51,1239.4,nearby,14.6348,-11.3095,442,wheels+gyro,1.07,0.428,0.002,-0.03,False,False
444,08:03:52,1240.5,nearby,14.6214,-10.9259,443,blend (fix inside a WiFi gap),1.07,0.408,0.024,0.01,True,False
445,08:03:53,1241.5,nearby,14.6075,-10.5843,443,wheels+gyro,2.07,0.831,0.106,0.0,True,False
446,08:03:54,1242.5,nearby,14.5932,-10.1658,445,wheels+gyro,1.03,0.414,0.005,0.03,False,False
447,08:03:56,1243.6,nearby,14.5755,-9.783,446,wheels+gyro,1.07,0.425,0.041,-0.02,False,False
448,08:04:00,1247.6,nearby,14.5272,-8.2282,447,wheels+gyro,4.03,1.613,0.057,-0.01,False,False
449,08:04:02,1249.7,nearby,14.5277,-7.425,448,wheels+gyro,2.1,0.841,0.037,-0.07,False,False
450,08:04:04,1251.8,nearby,14.5267,-6.642,449,wheels+gyro,2.03,0.813,0.03,-0.06,False,False
451,08:04:08,1255.9,nearby,14.5048,-5.1531,450,wheels+gyro,4.1,1.639,0.151,-0.04,False,False
452,08:04:10,1257.9,nearby,14.4899,-4.3923,451,wheels+gyro,2.0,0.793,0.032,-0.05,False,False
453,08:04:14,1262.0,nearby,14.4907,-3.003,452,wheels+gyro,4.1,1.535,0.146,-0.23,False,False
454,08:04:15,1263.0,nearby,14.5019,-2.6961,453,wheels+gyro,1.0,0.37,0.063,0.13,False,False
455,08:04:16,1264.0,nearby,14.5189,-2.3376,454,wheels+gyro,1.03,0.383,0.024,-0.05,False,False
456,08:04:17,1265.0,nearby,14.5313,-1.9931,455,wheels+gyro,1.0,0.367,0.023,0.04,False,False
457,08:04:18,1266.0,nearby,14.5458,-1.6497,456,wheels+gyro,1.03,0.364,0.021,0.12,False,False
458,08:04:19,1267.1,nearby,14.5631,-1.2779,457,wheels+gyro,1.07,0.373,0.001,-0.1,False,False
459,08:04:20,1268.1,nearby,14.5732,-0.9694,458,wheels+gyro,1.0,0.351,0.042,0.28,False,False
460,08:04:21,1269.2,nearby,14.5829,-0.6144,459,wheels+gyro,1.07,0.371,0.016,0.06,False,False
461,08:04:22,1270.2,nearby,14.5808,-0.3033,460,wheels+gyro,1.0,0.354,0.045,0.01,False,False
462,08:04:23,1271.2,nearby,14.5812,0.0257,461,wheels+gyro,1.03,0.366,0.039,-0.36,False,False
463,08:04:24,1272.2,nearby,14.6007,0.3789,462,wheels+gyro,1.0,0.366,0.014,0.21,False,False
464,08:04:25,1273.2,nearby,14.6118,0.7474,463,wheels+gyro,1.03,0.387,0.018,-0.34,False,False
465,08:04:26,1274.2,nearby,14.6224,1.0877,464,wheels+gyro,1.0,0.369,0.029,0.1,True,False
466,08:04:28,1276.3,nearby,14.6428,1.8938,465,blend (fix inside a WiFi gap),2.1,0.825,0.018,0.12,True,False
467,08:04:29,1277.3,nearby,14.652,2.2797,466,blend (fix inside a WiFi gap),1.0,0.377,0.009,-0.01,True,False
468,08:04:30,1278.4,nearby,14.6545,2.5928,467,blend (fix inside a WiFi gap),1.03,0.381,0.069,0.15,True,False
469,08:04:31,1279.4,nearby,14.6597,2.97,468,blend (fix inside a WiFi gap),1.0,0.39,0.013,-0.1,True,False
470,08:04:33,1281.4,nearby,14.6692,3.7215,469,blend (fix inside a WiFi gap),2.0,0.75,0.002,-0.11,True,False
471,08:04:34,1282.4,nearby,14.6733,4.0929,465,wheels+gyro,8.2,3.262,0.257,0.11,True,False
472,08:04:35,1283.5,nearby,14.6762,4.4831,471,wheels+gyro,1.03,0.417,0.027,-0.03,False,False
473,08:04:36,1284.5,nearby,14.6831,4.8639,472,wheels+gyro,1.0,0.399,0.018,-0.18,False,False
474,08:04:37,1285.6,nearby,14.6807,5.2607,473,blend (fix inside a WiFi gap),1.1,0.407,0.011,0.09,True,False
475,08:04:38,1286.6,nearby,14.6815,5.61,474,blend (fix inside a WiFi gap),1.0,0.365,0.015,-0.07,True,False
476,08:04:39,1287.6,nearby,14.6816,5.9659,475,blend (fix inside a WiFi gap),1.0,0.377,0.021,-0.04,True,False
477,08:04:42,1289.6,nearby,14.6794,6.6685,473,wheels+gyro,5.13,1.968,0.164,0.02,True,False
478,08:04:43,1290.6,nearby,14.6767,7.0228,477,wheels+gyro,1.0,0.383,0.028,0.0,False,False
479,08:04:44,1291.6,nearby,14.6755,7.4144,478,wheels+gyro,1.03,0.393,0.002,-0.03,False,False
480,08:04:45,1292.7,nearby,14.6819,7.7828,479,wheels+gyro,1.07,0.406,0.037,-0.02,False,False
481,08:04:46,1293.7,nearby,14.7012,8.12,480,wheels+gyro,1.03,0.36,0.022,0.03,False,False
482,08:04:47,1294.7,nearby,14.7199,8.4938,481,wheels+gyro,1.0,0.399,0.025,-0.02,False,False
483,08:04:48,1295.8,nearby,14.7378,8.8888,482,wheels+gyro,1.07,0.426,0.031,0.04,False,False
484,08:04:49,1296.9,nearby,14.7574,9.2776,483,wheels+gyro,1.07,0.43,0.04,0.01,False,False
485,08:04:50,1297.9,nearby,14.7741,9.6472,484,wheels+gyro,1.03,0.414,0.044,0.02,False,False
486,08:04:51,1298.9,nearby,14.788,9.9935,485,wheels+gyro,1.03,0.386,0.039,-0.08,False,False
487,08:04:54,1302.1,nearby,14.7711,10.0172,486,wheels+gyro,3.13,0.032,0.018,0.59,False,False
488,08:04:58,1306.1,nearby,14.7418,10.0447,487,wheels+gyro,4.07,0.044,0.04,0.45,False,False
489,08:04:59,1307.2,nearby,14.7684,10.009,488,wheels+gyro,1.07,0.015,0.044,0.11,False,False
490,08:05:03,1311.3,nearby,14.7911,9.6719,489,wheels+gyro,4.1,0.304,0.052,-0.52,False,False
491,08:05:04,1312.3,nearby,14.7624,9.405,490,wheels+gyro,1.03,0.281,0.015,-0.06,False,False
492,08:05:05,1313.3,nearby,14.7568,9.1228,491,wheels+gyro,1.0,0.292,0.02,-0.01,False,False
493,08:05:06,1314.4,nearby,14.7377,8.831,492,wheels+gyro,1.07,0.305,0.014,0.05,False,False
494,08:05:07,1315.4,nearby,14.7427,8.5652,493,wheels+gyro,1.0,0.288,0.027,0.01,False,False
495,08:05:08,1316.4,nearby,14.7538,8.2822,494,wheels+gyro,1.03,0.298,0.015,-0.03,False,False
496,08:05:09,1317.5,nearby,14.7656,8.0031,495,wheels+gyro,1.03,0.3,0.02,0.02,False,False
497,08:05:10,1318.5,nearby,14.7718,7.7271,496,wheels+gyro,1.0,0.3,0.024,-0.06,False,False
498,08:05:11,1319.5,nearby,14.7668,7.3527,497,wheels+gyro,1.0,0.374,0.002,-0.08,False,False
499,08:05:12,1320.5,nearby,14.7551,6.9924,498,wheels+gyro,1.07,0.4,0.039,0.12,False,False
500,08:05:13,1321.5,nearby,14.7416,6.6442,499,wheels+gyro,1.0,0.345,0.004,0.01,False,False
501,08:05:14,1322.6,nearby,14.7359,6.3292,500,wheels+gyro,1.03,0.342,0.028,-0.0,False,False
502,08:05:15,1323.6,nearby,14.7273,6.0385,501,wheels+gyro,1.0,0.328,0.037,0.04,False,False
503,08:05:17,1324.7,nearby,14.7182,5.6744,502,wheels+gyro,1.1,0.384,0.02,-0.02,False,False
504,08:05:18,1325.7,nearby,14.7111,5.2999,503,wheels+gyro,1.0,0.4,0.026,0.06,False,False
505,08:05:19,1326.7,nearby,14.7023,4.9015,504,wheels+gyro,1.0,0.401,0.002,0.03,False,False
506,08:05:20,1327.7,nearby,14.6954,4.5183,505,wheels+gyro,1.03,0.411,0.028,-0.0,False,False
507,08:05:21,1328.7,nearby,14.6928,4.1447,506,wheels+gyro,1.0,0.4,0.027,0.09,False,False
508,08:05:22,1329.7,nearby,14.688,3.7567,507,wheels+gyro,1.03,0.413,0.025,-0.1,False,False
509,08:05:23,1330.8,nearby,14.6839,3.3562,508,wheels+gyro,1.07,0.426,0.025,0.03,False,False
510,08:05:24,1331.8,nearby,14.679,2.9703,509,wheels+gyro,1.03,0.415,0.029,0.01,False,False
511,08:05:25,1332.9,nearby,14.6782,2.5802,510,wheels+gyro,1.03,0.41,0.02,-0.05,False,False
512,08:05:26,1333.9,nearby,14.6781,2.2045,511,wheels+gyro,1.0,0.406,0.03,-0.01,False,False
513,08:05:27,1334.9,nearby,14.6796,1.8219,512,wheels+gyro,1.03,0.409,0.027,-0.11,False,False
514,08:05:28,1335.9,nearby,14.6815,1.4426,513,wheels+gyro,1.0,0.401,0.021,0.1,False,False
515,08:05:29,1336.9,nearby,14.6841,1.0523,514,wheels+gyro,1.03,0.417,0.027,-0.01,False,False
516,08:05:30,1338.0,nearby,14.6887,0.6684,515,wheels+gyro,1.03,0.413,0.029,0.05,False,False
517,08:05:31,1339.0,nearby,14.7165,0.3837,516,wheels+gyro,1.0,0.337,0.063,0.47,False,False
518,08:05:32,1340.0,nearby,14.6063,0.1326,517,wheels+gyro,1.03,0.286,0.039,-0.26,False,False
519,08:05:33,1341.0,both,14.4203,-0.0541,518,wheels+gyro,1.03,0.272,0.045,-0.33,False,False
520,08:05:34,1342.1,nearby,14.1993,-0.1801,519,wheels+gyro,1.03,0.261,0.021,-0.32,False,False
521,08:05:35,1343.1,nearby,13.9648,-0.2363,520,wheels+gyro,1.03,0.248,0.006,0.16,False,False
522,08:05:36,1344.1,nearby,13.8989,-0.2292,521,wheels+gyro,1.03,0.1,0.027,0.3,False,False
523,08:05:40,1348.3,nearby,13.6181,-0.2088,522,wheels+gyro,4.17,0.274,0.011,0.18,False,False
524,08:05:41,1349.3,nearby,13.227,-0.19,523,wheels+gyro,1.0,0.397,0.005,-0.4,False,False
525,08:05:42,1350.4,nearby,12.8306,-0.1675,524,wheels+gyro,1.07,0.431,0.034,0.24,False,False
526,08:05:43,1351.4,nearby,12.4572,-0.1499,525,wheels+gyro,1.0,0.397,0.024,0.0,False,False
527,08:05:44,1352.4,nearby,12.045,-0.1295,526,wheels+gyro,1.03,0.408,0.004,0.15,False,False
528,08:05:45,1353.5,nearby,11.6563,-0.1146,527,wheels+gyro,1.07,0.435,0.046,-0.16,False,False
529,08:05:46,1354.5,nearby,11.2538,-0.0991,528,wheels+gyro,1.07,0.421,0.019,0.07,False,False
530,08:05:47,1355.6,nearby,10.9002,-0.085,529,wheels+gyro,1.03,0.414,0.06,-0.08,False,False
531,08:05:48,1356.6,nearby,10.5026,-0.0672,530,wheels+gyro,1.0,0.4,0.003,0.11,False,False
532,08:05:50,1357.6,nearby,10.1183,-0.0544,531,wheels+gyro,1.03,0.414,0.029,-0.04,False,False
533,08:05:51,1358.6,nearby,9.6985,-0.0401,532,wheels+gyro,1.03,0.412,0.008,-0.02,False,False
534,08:05:52,1359.7,nearby,9.333,-0.0296,533,wheels+gyro,1.07,0.428,0.062,0.14,False,False
535,08:05:53,1360.8,nearby,8.9659,-0.0305,534,wheels+gyro,1.07,0.425,0.059,-0.14,False,False
536,08:05:54,1361.8,nearby,8.6219,-0.0234,535,wheels+gyro,1.03,0.414,0.07,-0.03,False,False
537,08:05:55,1362.9,nearby,8.2208,-0.0149,536,wheels+gyro,1.07,0.43,0.029,0.18,False,False
538,08:05:56,1363.9,nearby,7.8391,-0.0065,537,wheels+gyro,1.03,0.411,0.029,-0.2,False,False
539,08:05:57,1365.0,nearby,7.4506,-0.0046,538,wheels+gyro,1.07,0.434,0.045,0.06,False,False
540,08:05:58,1366.0,nearby,7.0846,0.0002,539,wheels+gyro,1.03,0.41,0.044,-0.02,False,False
541,08:05:59,1367.0,nearby,6.6698,0.0033,540,wheels+gyro,1.03,0.416,0.004,0.09,False,False
542,08:06:00,1368.0,nearby,6.3385,0.0012,541,wheels+gyro,1.0,0.402,0.071,-0.09,False,False
543,08:06:01,1369.1,nearby,5.9703,-0.0024,542,wheels+gyro,1.03,0.411,0.044,0.02,False,False
544,08:06:02,1370.1,nearby,5.5814,0.0039,543,wheels+gyro,1.0,0.403,0.015,0.19,False,False
545,08:06:03,1371.1,nearby,5.2351,-0.0044,544,wheels+gyro,1.03,0.41,0.064,-0.08,False,False
546,08:06:04,1372.1,nearby,4.8591,-0.0012,545,wheels+gyro,1.03,0.418,0.042,0.06,False,False
547,08:06:05,1373.3,nearby,4.4407,-0.0046,546,wheels+gyro,1.13,0.452,0.034,0.05,False,False
548,08:06:06,1374.3,nearby,4.0666,-0.0084,547,wheels+gyro,1.0,0.404,0.029,0.05,False,False
549,08:06:07,1375.3,nearby,3.6818,-0.0116,548,wheels+gyro,1.03,0.407,0.023,0.1,False,False
550,08:06:08,1376.4,nearby,3.2774,-0.0168,549,wheels+gyro,1.07,0.429,0.025,0.04,False,False
551,08:06:09,1377.4,nearby,2.907,-0.0267,550,wheels+gyro,1.0,0.402,0.031,0.02,False,False
552,08:06:10,1378.4,both,2.5345,-0.0398,551,wheels+gyro,1.0,0.399,0.027,0.1,False,False
553,08:06:11,1379.4,both,2.1338,-0.053,552,wheels+gyro,1.07,0.426,0.025,0.02,False,False
554,08:06:12,1380.4,both,1.7559,-0.0656,553,wheels+gyro,1.0,0.401,0.023,-0.07,False,False
555,08:06:13,1381.5,nearby,1.3679,-0.0787,554,wheels+gyro,1.03,0.411,0.023,0.02,False,False
556,08:06:14,1382.5,nearby,0.988,-0.0925,555,wheels+gyro,1.0,0.399,0.019,0.04,False,False
557,08:06:15,1383.5,nearby,0.6184,-0.1045,556,wheels+gyro,1.0,0.4,0.03,0.1,False,False
558,08:06:16,1384.5,nearby,0.3763,-0.1147,557,wheels+gyro,1.03,0.307,0.064,-0.14,False,False
559,08:06:22,1389.6,nearby,0.3873,-0.159,558,wheels+gyro,5.1,0.019,0.045,0.73,True,False
560,08:06:24,1391.7,nearby,0.3961,-0.2381,559,wheels+gyro,2.07,0.017,0.081,0.09,False,False
561,08:06:27,1394.7,nearby,0.416,-0.3302,560,wheels+gyro,3.03,0.028,0.094,0.76,True,False
562,08:06:28,1395.7,nearby,0.4135,-0.2913,561,wheels+gyro,1.03,0.005,0.039,-0.08,False,False
563,08:06:33,1400.9,nearby,0.4723,-0.2577,562,wheels+gyro,5.2,0.045,0.038,-0.54,False,False
564,08:06:34,1401.9,nearby,0.7524,-0.2636,563,wheels+gyro,1.0,0.287,0.008,0.04,False,False
565,08:06:35,1403.0,nearby,1.0957,-0.2701,564,wheels+gyro,1.07,0.362,0.019,-0.07,False,False
566,08:06:36,1404.0,nearby,1.4361,-0.2744,565,wheels+gyro,1.03,0.349,0.011,-0.03,False,False
567,08:06:37,1405.0,nearby,1.5367,-0.2784,566,wheels+gyro,1.0,0.13,0.024,0.14,False,False
568,08:06:39,1407.1,nearby,1.5129,-0.2827,567,wheels+gyro,2.03,0.006,0.024,-0.33,False,False
569,08:06:40,1408.1,nearby,1.4045,-0.2637,568,wheels+gyro,1.07,0.099,0.012,0.2,False,False
570,08:06:41,1409.2,nearby,1.1553,-0.2186,569,wheels+gyro,1.03,0.252,0.002,0.04,False,False
571,08:06:42,1410.2,nearby,0.9061,-0.172,570,wheels+gyro,1.03,0.258,0.005,-0.04,False,False
572,08:06:43,1411.2,both,0.6639,-0.1261,571,wheels+gyro,1.03,0.259,0.013,-0.01,False,False
573,08:06:44,1412.2,both,0.4293,-0.0827,572,wheels+gyro,1.0,0.251,0.013,0.1,False,False
574,08:06:45,1413.3,both,0.299,-0.063,573,wheels+gyro,1.07,0.15,0.015,0.04,False,False
575,08:06:46,1414.3,nearby,0.1422,-0.0484,574,wheels+gyro,1.0,0.172,0.016,0.06,False,False
576,08:06:47,1415.5,nearby,0.0165,-0.041,575,wheels+gyro,1.17,0.154,0.023,0.04,False,False
