fix,t_epoch,t_hamilton,s,kind,loop_id,prox_id,inliers,map_x,map_y,map_yaw_deg,wheels_m_since_start2,W3_disagreement_m
1,1790509604.464122,07:46:44,212.1,recognised,167,0,122,5.8950,-0.1647,-0.24,6.26,
2,1790509605.464133,07:46:45,213.1,nearby,0,168,131,6.0682,-0.1663,-0.09,6.45,0.009
3,1790509606.497462,07:46:46,214.1,nearby,0,168,129,6.2477,-0.1658,-0.01,6.63,0.006
4,1790509607.564141,07:46:47,215.2,nearby,0,170,133,6.4278,-0.1552,0.11,6.82,0.016
5,1790509608.597463,07:46:48,216.2,nearby,0,171,144,6.6009,-0.1592,0.22,7.01,0.013
6,1790509609.664169,07:46:49,217.3,nearby,0,502,200,6.7868,-0.1616,0.28,7.2,0.007
7,1790509610.730811,07:46:50,218.3,both,503,172,134,6.9649,-0.1611,0.40,7.39,0.015
8,1790509611.764155,07:46:51,219.4,both,504,171,110,7.1375,-0.1609,0.49,7.58,0.011
9,1790509612.797524,07:46:52,220.4,both,504,171,94,7.2376,-0.1602,0.51,7.71,0.026
10,1790509627.297525,07:47:07,234.9,both,174,504,220,7.3979,-0.1595,0.57,7.87,0.005
11,1790509628.330883,07:47:08,235.9,both,503,171,55,7.5734,-0.1456,0.29,8.05,0.015
12,1790509629.397546,07:47:09,237.0,both,505,505,250,7.7543,-0.1556,0.47,8.25,0.019
13,1790509630.464199,07:47:10,238.1,nearby,0,178,82,7.9372,-0.1537,0.63,8.44,0.009
14,1790509631.464211,07:47:11,239.1,both,506,176,96,8.1025,-0.1480,0.83,8.62,0.015
15,1790509632.464229,07:47:12,240.1,both,506,176,76,8.2673,-0.1397,0.94,8.8,0.016
16,1790509633.497549,07:47:13,241.1,both,506,178,84,8.4445,-0.1413,1.00,8.98,0.01
17,1790509634.530886,07:47:14,242.1,both,507,179,82,8.6193,-0.1383,1.11,9.17,0.01
18,1790509635.597554,07:47:15,243.2,both,508,180,79,8.8001,-0.1334,1.18,9.36,0.012
19,1790509636.630891,07:47:16,244.2,both,508,179,55,8.9709,-0.1217,1.15,9.55,0.018
20,1790509637.630913,07:47:17,245.2,both,508,179,54,9.1431,-0.1196,1.26,9.73,0.006
21,1790509638.664250,07:47:18,246.3,nearby,0,507,97,9.2251,-0.1166,1.12,9.83,0.024
22,1790509791.831425,07:49:51,399.4,nearby,0,509,169,9.4024,-0.1181,1.10,10.0,0.013
23,1790509792.831498,07:49:52,400.4,both,509,509,220,9.5421,-0.1152,1.09,10.17,0.027
24,1790509796.064780,07:49:56,403.7,both,509,509,186,9.6366,-0.1108,1.11,10.25,0.014
25,1790509797.131476,07:49:57,404.7,both,509,509,133,9.8691,-0.1039,1.08,10.5,0.012
26,1790509798.198134,07:49:58,405.8,both,510,510,183,10.0872,-0.1004,1.24,10.73,0.018
27,1790509799.264792,07:49:59,406.9,both,510,510,109,10.2749,-0.0933,1.30,10.93,0.011
28,1790509800.364796,07:50:00,408.0,both,511,511,163,10.4899,-0.0898,1.42,11.16,0.013
29,1790509801.431489,07:50:01,409.0,both,512,512,113,10.6926,-0.0817,1.61,11.37,0.011
30,1790509802.498144,07:50:02,410.1,nearby,0,512,105,10.8752,-0.0761,1.71,11.57,0.012
31,1790509803.564818,07:50:03,411.2,nearby,0,512,51,11.0643,-0.0689,1.78,11.77,0.01
32,1790509804.598151,07:50:04,412.2,nearby,0,513,83,11.2488,-0.0614,1.96,11.96,0.012
33,1790509805.598157,07:50:05,413.2,nearby,0,514,63,11.4353,-0.0597,2.08,12.16,0.013
34,1790509806.631501,07:50:06,414.2,nearby,0,193,47,11.6437,-0.0527,2.35,12.38,0.01
35,1790509807.664833,07:50:07,415.3,nearby,0,194,64,11.8996,-0.0406,3.13,12.62,0.02
36,1790509808.698163,07:50:08,416.3,nearby,0,515,150,12.1420,-0.0364,2.61,12.85,0.01
37,1790509809.731510,07:50:09,417.3,nearby,0,195,44,12.3313,-0.0093,2.80,13.1,0.058
38,1790509827.364933,07:50:27,435.0,nearby,0,650,67,14.4870,-0.2390,-95.54,15.69,0.485
39,1790509830.531606,07:50:30,438.1,nearby,0,215,46,14.4833,-0.4181,-95.50,15.87,0.014
40,1790509831.531614,07:50:31,439.1,nearby,0,215,53,14.4689,-0.5950,-92.08,16.06,0.013
41,1790509866.498411,07:51:06,474.1,nearby,0,215,49,14.4693,-0.6690,-92.25,16.15,0.008
42,1790509867.531767,07:51:07,475.1,nearby,0,550,35,14.4642,-0.8698,-92.05,16.35,0.008
43,1790509868.531866,07:51:08,476.1,nearby,0,215,42,14.4466,-1.0840,-91.76,16.58,0.012
44,1790509869.598422,07:51:09,477.2,nearby,0,653,47,14.4460,-1.3132,-91.69,16.81,0.009
45,1790509870.598425,07:51:10,478.2,nearby,0,651,41,14.4403,-1.5284,-91.57,17.03,0.002
46,1790509872.665110,07:51:12,480.3,nearby,0,657,46,14.4274,-1.9868,-91.33,17.49,0.002
47,1790509875.698461,07:51:15,483.3,nearby,0,656,52,14.4151,-2.6426,-91.02,18.16,0.02
48,1790509878.798467,07:51:18,486.4,nearby,0,659,58,14.4056,-3.2531,-90.29,18.88,0.107
49,1790509879.831808,07:51:19,487.4,nearby,0,659,48,14.4039,-3.4853,-90.36,19.12,0.005
50,1790509881.831824,07:51:21,489.4,nearby,0,661,63,14.4017,-3.9048,-90.27,19.56,0.018
51,1790509882.898482,07:51:22,490.5,nearby,0,662,47,14.4021,-4.1276,-90.21,19.78,0.001
52,1790509883.931823,07:51:23,491.5,nearby,0,664,46,14.4053,-4.3210,-90.01,20.0,0.024
53,1790509884.931840,07:51:24,492.5,nearby,0,662,46,14.4043,-4.5232,-89.91,20.21,0.008
54,1790509885.998516,07:51:25,493.6,nearby,0,661,43,14.4074,-4.7441,-89.96,20.43,0.004
55,1790509887.031835,07:51:27,494.6,nearby,0,666,41,14.4049,-4.9972,-89.77,20.69,0.007
56,1790509888.031877,07:51:28,495.6,nearby,0,665,53,14.4070,-5.2856,-89.60,20.99,0.008
57,1790509889.031925,07:51:29,496.6,nearby,0,668,46,14.4103,-5.5480,-89.43,21.26,0.01
58,1790509894.231871,07:51:34,501.8,nearby,0,670,58,14.4288,-6.8843,-88.62,22.72,0.124
59,1790509895.298528,07:51:35,502.9,nearby,0,671,51,14.4361,-7.1802,-88.53,23.02,0.002
60,1790509897.331873,07:51:37,504.9,nearby,0,673,52,14.4457,-7.7010,-88.59,23.59,0.048
61,1790509899.398557,07:51:39,507.0,nearby,0,673,52,14.4634,-8.2420,-88.32,24.17,0.038
62,1790509900.498562,07:51:40,508.1,nearby,0,674,89,14.4665,-8.5187,-88.24,24.48,0.034
63,1790509903.565241,07:51:43,511.2,nearby,0,695,124,14.4752,-9.2837,-89.41,25.3,0.055
64,1790509905.665252,07:51:45,513.3,nearby,0,697,154,14.4841,-9.8609,-89.27,25.91,0.037
65,1790509906.698611,07:51:46,514.3,nearby,0,698,191,14.4900,-10.1820,-89.10,26.25,0.02
66,1790509907.765306,07:51:47,515.4,nearby,0,704,177,14.4963,-10.5128,-89.05,26.61,0.021
67,1790509908.931932,07:51:48,516.5,nearby,0,706,112,14.5045,-10.8780,-88.89,26.99,0.023
68,1790509910.131956,07:51:50,517.7,nearby,0,709,85,14.5137,-11.2588,-88.72,27.39,0.011
69,1790509913.565289,07:51:53,521.2,nearby,0,716,91,14.5665,-12.3109,-88.06,28.48,0.046
70,1790509914.665282,07:51:54,522.3,nearby,0,713,105,14.5893,-12.6290,-88.38,28.82,0.029
71,1790509916.798644,07:51:56,524.4,nearby,0,718,118,14.6018,-13.2626,-88.27,29.5,0.043
72,1790509917.865304,07:51:57,525.5,nearby,0,718,117,14.6172,-13.6193,-88.24,29.87,0.006
73,1790509918.931956,07:51:58,526.5,nearby,0,720,111,14.6356,-13.9619,-88.12,30.25,0.018
74,1790509919.965324,07:51:59,527.6,nearby,0,719,72,14.6560,-14.2739,-88.31,30.61,0.019
75,1790509920.965326,07:52:00,528.6,nearby,0,720,66,14.6680,-14.6125,-88.31,30.97,0.121
76,1790509921.998680,07:52:01,529.6,nearby,0,722,59,14.6814,-14.9224,-88.16,31.3,0.019
77,1790509925.098672,07:52:05,532.7,nearby,0,723,67,14.6730,-14.9715,-98.43,31.38,0.031
78,1790509936.365399,07:52:16,544.0,nearby,0,786,44,14.2705,-14.9676,177.89,31.78,0.04
79,1790509937.365401,07:52:17,545.0,nearby,0,789,48,14.0334,-14.9559,178.25,32.06,0.044
80,1790509938.398730,07:52:18,546.0,nearby,0,788,40,13.7793,-14.9540,178.24,32.33,0.019
81,1790509939.398744,07:52:19,547.0,nearby,0,789,50,13.5551,-14.9465,177.15,32.56,0.006
82,1790509940.465581,07:52:20,548.1,nearby,0,789,66,13.3588,-14.9122,168.58,32.76,0.009
83,1790509941.532065,07:52:21,549.1,nearby,0,791,131,13.0284,-14.8455,168.45,33.11,0.007
84,1790509942.565576,07:52:22,550.2,nearby,0,792,128,12.7069,-14.7806,168.60,33.45,0.014
85,1790509944.665447,07:52:24,552.3,nearby,0,793,141,12.0183,-14.6475,168.78,34.19,0.039
86,1790509945.698769,07:52:25,553.3,nearby,0,794,147,11.6749,-14.5830,168.91,34.56,0.025
87,1790509946.698773,07:52:26,554.3,nearby,0,795,129,11.3367,-14.5193,169.95,34.92,0.014
88,1790509948.698779,07:52:28,556.3,nearby,0,797,127,10.7917,-14.4836,177.73,35.51,0.052
89,1790509949.765430,07:52:29,557.4,nearby,0,798,102,10.4661,-14.4738,178.09,35.85,0.014
90,1790509951.798793,07:52:31,559.4,nearby,0,801,103,9.8630,-14.4601,178.53,36.5,0.047
91,1790509952.832127,07:52:32,560.4,nearby,0,802,95,9.5555,-14.4558,178.75,36.83,0.022
92,1790509953.865468,07:52:33,561.5,nearby,0,801,126,9.2398,-14.4509,178.80,37.17,0.021
93,1790509954.898776,07:52:34,562.5,nearby,0,803,126,8.9200,-14.4467,179.02,37.51,0.022
94,1790509955.898814,07:52:35,563.5,nearby,0,803,131,8.6084,-14.4424,179.13,37.84,0.019
95,1790509956.965474,07:52:36,564.6,nearby,0,806,84,8.2531,-14.4364,179.24,38.21,0.011
96,1790509957.998801,07:52:37,565.6,nearby,0,804,62,7.9109,-14.4348,179.35,38.58,0.025
97,1790509958.998804,07:52:38,566.6,nearby,0,807,67,7.5830,-14.4294,179.51,38.92,0.019
98,1790509960.032188,07:52:40,567.6,nearby,0,807,97,7.2432,-14.4274,179.66,39.28,0.018
99,1790509961.098834,07:52:41,568.7,nearby,0,807,67,6.8976,-14.4282,179.82,39.65,0.02
100,1790509962.165516,07:52:42,569.8,nearby,0,810,75,6.5583,-14.4281,-179.95,40.01,0.022
101,1790509963.198821,07:52:43,570.8,nearby,0,810,82,6.2251,-14.4291,-179.85,40.36,0.02
102,1790509964.198842,07:52:44,571.8,nearby,0,811,112,5.9111,-14.4313,-179.69,40.7,0.027
103,1790509965.232171,07:52:45,572.8,nearby,0,812,113,5.5774,-14.4352,-179.51,41.05,0.016
104,1790509966.232182,07:52:46,573.8,nearby,0,814,76,5.2546,-14.4369,-179.42,41.39,0.017
105,1790509967.232197,07:52:47,574.8,nearby,0,814,73,4.9273,-14.4418,-179.32,41.73,0.014
106,1790509968.332198,07:52:48,575.9,nearby,0,817,90,4.5566,-14.4459,-179.16,42.11,0.003
107,1790509969.398870,07:52:49,577.0,nearby,0,817,95,4.2216,-14.4523,-179.02,42.46,0.018
108,1790509970.432192,07:52:50,578.0,nearby,0,817,98,3.8890,-14.4589,-178.89,42.8,0.009
109,1790509971.465527,07:52:51,579.1,nearby,0,820,99,3.5584,-14.4674,-178.74,43.14,0.011
110,1790509972.498863,07:52:52,580.1,nearby,0,818,114,3.2612,-14.4748,-178.58,43.48,0.044
111,1790509973.532239,07:52:53,581.1,nearby,0,820,128,2.9451,-14.4836,-178.41,43.82,0.025
112,1790509974.598872,07:52:54,582.2,nearby,0,823,123,2.5883,-14.4945,-178.26,44.18,0.003
113,1790509975.598872,07:52:55,583.2,nearby,0,823,129,2.2859,-14.5069,-178.11,44.5,0.022
114,1790509977.632230,07:52:57,585.2,nearby,0,826,119,1.7025,-14.5270,-177.86,45.14,0.052
115,1790509978.665568,07:52:58,586.3,nearby,0,825,152,1.4450,-14.5400,-177.73,45.44,0.045
116,1790509979.665572,07:52:59,587.3,nearby,0,825,147,1.2186,-14.5375,177.87,45.7,0.032
117,1790509980.732225,07:53:00,588.3,nearby,0,825,127,0.8929,-14.5239,177.64,46.04,0.01
118,1790509981.798907,07:53:01,589.4,nearby,0,827,161,0.5393,-14.5097,177.65,46.41,0.018
119,1790509982.832245,07:53:02,590.4,nearby,0,828,174,0.1818,-14.4963,177.72,46.78,0.012
120,1790509984.932240,07:53:04,592.5,nearby,0,829,122,-0.5628,-14.4671,178.03,47.57,0.046
121,1790510010.765708,07:53:30,618.4,nearby,0,829,117,-0.3166,-14.4780,178.01,55.48,0.1
122,1790510011.799077,07:53:31,619.4,nearby,0,826,96,-0.0112,-14.4868,177.92,55.79,0.006
123,1790510012.832417,07:53:32,620.4,nearby,0,828,187,0.2772,-14.4976,177.72,56.1,0.021
124,1790510014.932372,07:53:34,622.5,nearby,0,828,185,0.6366,-14.5125,177.58,56.52,0.058
125,1790510015.965711,07:53:35,623.6,nearby,0,829,131,0.4267,-14.4973,177.65,56.72,0.012
126,1790510016.999081,07:53:36,624.6,nearby,0,828,207,0.3102,-14.4958,177.65,56.87,0.019
127,1790510020.032446,07:53:40,627.6,nearby,0,406,42,0.3406,-14.4852,96.64,56.9,0.032
128,1790510021.065741,07:53:41,628.7,nearby,0,843,65,0.3694,-14.3271,95.89,57.01,0.069
129,1790510022.065755,07:53:42,629.7,nearby,0,833,70,0.3616,-14.0386,95.63,57.29,0.022
130,1790510024.199085,07:53:44,631.8,nearby,0,833,54,0.3068,-13.3413,96.26,58.02,0.03
131,1790510025.265748,07:53:45,632.9,nearby,0,414,85,0.2516,-13.2267,97.42,58.38,0.246
132,1790510026.299099,07:53:46,633.9,nearby,0,416,74,0.2033,-12.8554,97.65,58.75,0.003
133,1790510027.299103,07:53:47,634.9,nearby,0,416,102,0.1608,-12.5773,98.00,59.12,0.085
134,1790510028.399100,07:53:48,636.0,nearby,0,418,76,0.1326,-12.2278,89.55,59.45,0.021
135,1790510029.465769,07:53:49,637.1,nearby,0,417,101,0.1420,-11.8932,89.37,59.83,0.046
136,1790510030.532453,07:53:50,638.1,nearby,0,416,74,0.1465,-11.4878,89.34,60.25,0.009
137,1790510032.532473,07:53:52,640.1,nearby,0,418,82,0.1570,-10.7586,89.60,61.03,0.057
138,1790510034.632476,07:53:54,642.2,nearby,0,421,84,0.1597,-9.9874,89.90,61.86,0.058
139,1790510036.632482,07:53:56,644.2,nearby,0,424,87,0.1680,-9.2602,90.36,62.66,0.068
140,1790510037.632484,07:53:57,645.2,nearby,0,424,89,0.1636,-8.9201,90.63,63.05,0.057
141,1790510038.699130,07:53:58,646.3,nearby,0,426,84,0.1629,-8.5011,90.72,63.48,0.009
142,1790510040.799164,07:54:00,648.4,nearby,0,426,85,0.1725,-7.7752,91.71,64.32,0.112
143,1790510042.832499,07:54:02,650.4,nearby,0,430,119,0.1441,-6.9754,91.77,65.13,0.016
144,1790510044.865830,07:54:04,652.5,nearby,0,434,117,0.1842,-6.2293,85.64,65.92,0.045
145,1790510045.865841,07:54:05,653.5,nearby,0,432,102,0.2127,-5.8369,85.67,66.32,0.003
146,1790510047.932527,07:54:07,655.5,nearby,0,437,93,0.2781,-5.0390,86.01,67.15,0.026
147,1790510048.932555,07:54:08,656.5,nearby,0,438,99,0.3122,-4.6823,86.38,67.55,0.046
148,1790510049.965860,07:54:09,657.6,nearby,0,439,101,0.3363,-4.2554,86.45,67.96,0.015
149,1790510050.965871,07:54:10,658.6,nearby,0,437,83,0.3582,-3.9738,87.18,68.36,0.118
150,1790510054.099219,07:54:14,661.7,nearby,0,442,114,0.4191,-2.8860,89.93,69.51,0.064
151,1790510056.165886,07:54:16,663.8,nearby,0,444,132,0.4361,-2.2768,90.22,70.17,0.06
152,1790510057.199236,07:54:17,664.8,nearby,0,444,149,0.4379,-1.9526,90.42,70.52,0.024
153,1790510058.232572,07:54:18,665.8,nearby,0,445,126,0.4403,-1.6225,90.56,70.87,0.021
154,1790510059.265905,07:54:19,666.9,nearby,0,445,85,0.4301,-1.2981,90.26,71.22,0.026
155,1790510060.332572,07:54:20,667.9,nearby,0,446,69,0.4334,-0.9568,90.48,71.59,0.023
156,1790510062.365929,07:54:22,670.0,nearby,0,452,46,0.4306,-0.3153,90.64,72.26,0.028
157,1790510063.399256,07:54:23,671.0,nearby,0,448,45,0.4267,-0.0651,90.74,72.52,0.01
158,1790510073.765959,07:54:33,681.4,nearby,0,1491,110,0.5198,-0.1043,16.15,72.56,0.101
159,1790510074.765983,07:54:34,682.4,nearby,0,142,108,0.5352,-0.1473,-1.35,72.57,0.046
160,1790510078.932651,07:54:38,686.5,nearby,0,144,97,0.7335,-0.1573,-1.68,72.75,0.018
161,1790510079.932654,07:54:39,687.5,nearby,0,1490,108,1.0229,-0.2090,-1.35,73.05,0.046
162,1790510080.932664,07:54:40,688.5,nearby,0,145,100,1.3179,-0.2049,-1.36,73.36,0.012
163,1790510081.965999,07:54:41,689.6,nearby,0,148,113,1.6182,-0.2309,-1.13,73.67,0.022
164,1790510082.966007,07:54:42,690.6,nearby,0,147,114,1.8925,-0.2477,-0.91,73.96,0.025
165,1790510083.966041,07:54:43,691.6,both,493,148,122,2.1735,-0.2485,-0.70,74.26,0.014
166,1790510085.032680,07:54:45,692.6,nearby,0,152,108,2.4877,-0.2512,-0.57,74.57,0.002
167,1790510086.032682,07:54:46,693.6,nearby,0,151,101,2.7776,-0.2557,-0.45,74.87,0.01
168,1790510087.066025,07:54:47,694.7,nearby,0,494,163,3.0627,-0.2547,-0.24,75.18,0.024
169,1790510088.066043,07:54:48,695.7,both,495,156,98,3.3264,-0.2569,-0.12,75.48,0.037
170,1790510089.066070,07:54:49,696.7,nearby,0,156,128,3.6111,-0.2565,0.06,75.78,0.013
171,1790510090.099365,07:54:50,697.7,both,496,159,120,3.8986,-0.2540,0.09,76.09,0.024
172,1790510091.099373,07:54:51,698.7,nearby,0,159,121,4.1762,-0.2536,0.29,76.39,0.021
173,1790510092.166029,07:54:52,699.8,both,497,162,128,4.4698,-0.2490,0.44,76.71,0.023
174,1790510093.166056,07:54:53,700.8,both,498,163,113,4.7516,-0.2470,0.53,77.01,0.018
175,1790510094.199391,07:54:54,701.8,nearby,0,499,177,5.0820,-0.2437,0.77,77.34,0.007
176,1790510095.199395,07:54:55,702.8,nearby,0,501,132,5.4075,-0.2384,0.89,77.69,0.017
177,1790510096.232719,07:54:56,703.8,both,500,169,98,5.7348,-0.2311,1.10,78.04,0.023
178,1790510097.232740,07:54:57,704.8,both,502,170,107,6.0607,-0.2257,1.35,78.38,0.015
179,1790510098.232742,07:54:58,705.8,both,501,168,121,6.3770,-0.2084,1.37,78.73,0.035
180,1790510099.299404,07:54:59,706.9,nearby,0,170,134,6.7329,-0.2036,1.56,79.1,0.013
181,1790510100.366066,07:55:00,708.0,nearby,0,172,120,7.0826,-0.1934,1.70,79.47,0.026
182,1790510101.366114,07:55:01,709.0,both,504,174,113,7.3980,-0.1856,1.75,79.82,0.028
183,1790510102.399414,07:55:02,710.0,nearby,0,505,235,7.7291,-0.1785,1.87,80.17,0.026
184,1790510103.432748,07:55:03,711.0,nearby,0,177,83,8.0641,-0.1618,2.24,80.53,0.022
185,1790510104.466092,07:55:04,712.1,both,506,175,72,8.3971,-0.1381,2.00,80.89,0.029
186,1790510105.466093,07:55:05,713.1,both,507,179,77,8.7247,-0.1310,2.30,81.23,0.017
187,1790510106.466106,07:55:06,714.1,both,508,178,68,9.0498,-0.1165,2.30,81.58,0.021
188,1790510107.532784,07:55:07,715.1,nearby,0,180,54,9.3997,-0.1060,2.61,81.96,0.025
189,1790510108.566096,07:55:08,716.2,both,510,510,149,9.7424,-0.0874,2.67,82.32,0.018
190,1790510109.599434,07:55:09,717.2,both,510,510,188,10.0796,-0.0710,2.79,82.68,0.026
191,1790510110.632803,07:55:10,718.2,both,511,511,173,10.4198,-0.0529,2.93,83.04,0.021
192,1790510111.666121,07:55:11,719.3,both,512,512,126,10.7630,-0.0329,3.13,83.4,0.016
193,1790510112.699469,07:55:12,720.3,both,513,513,99,11.1012,-0.0094,3.33,83.76,0.022
194,1790510113.732786,07:55:13,721.3,both,514,192,34,11.4407,0.0045,3.57,84.12,0.02
195,1790510114.732840,07:55:14,722.3,nearby,0,193,46,11.7617,0.0298,3.49,84.46,0.02
196,1790510115.799488,07:55:15,723.4,nearby,0,515,116,12.1504,0.0477,3.71,84.83,0.025
197,1790510153.899612,07:55:53,761.5,nearby,0,208,77,14.3633,0.1561,82.17,87.48,0.419
198,1790510159.066338,07:55:59,766.7,nearby,0,566,113,14.3878,0.3407,83.75,87.65,0.016
199,1790510160.099650,07:56:00,767.7,nearby,0,1309,34,14.4199,0.6257,83.72,87.95,0.012
200,1790510161.099678,07:56:01,768.7,nearby,0,567,114,14.4521,0.8997,83.88,88.24,0.014
201,1790510162.166320,07:56:02,769.8,nearby,0,1310,51,14.4897,1.2182,84.14,88.58,0.021
202,1790510163.199680,07:56:03,770.8,nearby,0,1311,67,14.5253,1.5520,84.19,88.92,0.007
203,1790510165.233018,07:56:05,772.8,nearby,0,571,127,14.5425,2.1294,89.20,89.55,0.053
204,1790510166.266360,07:56:06,773.9,nearby,0,1312,43,14.5457,2.4205,89.31,89.86,0.011
205,1790510167.299701,07:56:07,774.9,nearby,0,574,82,14.5471,2.7177,89.49,90.17,0.031
206,1790510168.366362,07:56:08,776.0,nearby,0,1313,49,14.5474,2.9976,89.60,90.51,0.028
207,1790510169.366365,07:56:09,777.0,nearby,0,575,75,14.5472,3.2696,89.70,90.83,0.027
208,1790510170.399701,07:56:10,778.0,nearby,0,1314,63,14.5490,3.5841,89.79,91.17,0.015
209,1790510171.399702,07:56:11,779.0,nearby,0,580,47,14.5500,3.8758,89.91,91.49,0.026
210,1790510172.399707,07:56:12,780.0,nearby,0,1314,56,14.5432,4.1338,89.98,91.81,0.024
211,1790510173.399718,07:56:13,781.0,nearby,0,579,99,14.5417,4.4405,90.11,92.14,0.004
212,1790510174.433047,07:56:14,782.0,nearby,0,577,55,14.5424,4.7441,90.15,92.47,0.033
213,1790510175.433053,07:56:15,783.0,nearby,0,1315,70,14.5402,5.0358,90.34,92.79,0.021
214,1790510176.466399,07:56:16,784.1,nearby,0,1315,55,14.5382,5.3531,90.32,93.13,0.01
215,1790510177.466418,07:56:17,785.1,nearby,0,585,82,14.5413,5.6578,89.14,93.45,0.009
216,1790510178.499748,07:56:18,786.1,nearby,0,586,101,14.5436,5.9828,89.07,93.78,0.008
217,1790510179.533076,07:56:19,787.1,nearby,0,1317,64,14.5489,6.3393,89.14,94.12,0.007
218,1790510180.533085,07:56:20,788.1,nearby,0,589,86,14.5513,6.6391,89.36,94.44,0.348
219,1790510181.533086,07:56:21,789.1,nearby,0,1318,54,14.5554,6.9355,89.45,94.76,0.024
220,1790510182.533101,07:56:22,790.1,nearby,0,1322,87,14.5578,7.2493,89.49,95.08,0.006
221,1790510183.566419,07:56:23,791.2,nearby,0,1321,100,14.5552,7.5180,89.52,95.38,0.031
222,1790510184.599745,07:56:24,792.2,nearby,0,1324,77,14.5570,7.8137,89.65,95.68,0.006
223,1790510185.599772,07:56:25,793.2,nearby,0,1323,119,14.5543,8.0845,89.69,95.98,0.031
224,1790510186.633102,07:56:26,794.2,nearby,0,602,75,14.5591,8.3834,89.79,96.29,0.013
225,1790510188.733425,07:56:28,796.3,nearby,0,1325,116,14.5593,8.9330,88.60,96.89,0.045
226,1790510189.766443,07:56:29,797.4,nearby,0,603,94,14.5663,9.1920,88.10,97.16,0.013
227,1790510190.799848,07:56:30,798.4,nearby,0,1331,121,14.5741,9.4526,87.87,97.44,0.016
228,1790510191.866457,07:56:31,799.5,nearby,0,1333,79,14.5824,9.7147,87.80,97.71,0.014
229,1790510192.899780,07:56:32,800.5,nearby,0,603,56,14.5837,9.8119,87.82,97.86,0.044
230,1790510194.966473,07:56:34,802.6,nearby,0,1326,60,14.5899,9.8251,71.72,97.87,0.015
231,1790510195.999817,07:56:35,803.6,nearby,0,1328,55,14.6058,9.8065,52.54,97.88,0.024
232,1790510201.199822,07:56:41,808.8,nearby,0,625,56,14.6215,9.7831,-70.13,97.92,0.027
233,1790510202.233198,07:56:42,809.8,nearby,0,1342,53,14.6091,9.7705,-90.92,97.92,0.019
234,1790510214.666542,07:56:54,822.3,nearby,0,623,70,14.6163,9.6217,-90.62,98.06,0.023
235,1790510215.699909,07:56:55,823.3,nearby,0,624,79,14.6171,9.3601,-90.62,98.32,0.008
236,1790510216.699917,07:56:56,824.3,nearby,0,625,80,14.6173,9.1112,-90.47,98.59,0.02
237,1790510217.766564,07:56:57,825.4,nearby,0,626,84,14.6147,8.8299,-90.40,98.88,0.007
238,1790510218.799894,07:56:58,826.4,nearby,0,627,82,14.6142,8.5595,-90.38,99.16,0.009
239,1790510219.799916,07:56:59,827.4,nearby,0,1344,88,14.6151,8.3031,-90.33,99.43,0.016
240,1790510220.799922,07:57:00,828.4,nearby,0,1343,59,14.6136,8.0488,-90.22,99.7,0.015
241,1790510221.866576,07:57:01,829.5,nearby,0,1348,84,14.6123,7.7890,-90.08,99.99,0.027
242,1790510222.899929,07:57:02,830.5,nearby,0,1346,87,14.6126,7.5288,-89.98,100.27,0.019
243,1790510223.966581,07:57:03,831.6,nearby,0,1348,113,14.6138,7.2477,-89.91,100.56,0.006
244,1790510224.999941,07:57:04,832.6,nearby,0,629,52,14.6142,6.9790,-89.82,100.84,0.013
245,1790510226.066600,07:57:06,833.7,nearby,0,634,75,14.6162,6.7110,-89.70,101.12,0.018
246,1790510227.099936,07:57:07,834.7,nearby,0,633,132,14.6194,6.4619,-89.58,101.4,0.031
247,1790510228.133264,07:57:08,835.7,nearby,0,1349,120,14.6187,6.2044,-89.52,101.68,0.022
248,1790510229.133298,07:57:09,836.7,nearby,0,632,65,14.6233,5.9470,-89.57,101.95,0.012
249,1790510230.199951,07:57:10,837.8,nearby,0,637,77,14.6228,5.6609,-89.42,102.24,0.003
250,1790510231.199957,07:57:11,838.8,nearby,0,1349,84,14.6311,5.4293,-89.22,102.51,0.041
251,1790510232.199960,07:57:12,839.8,nearby,0,636,105,14.6353,5.1729,-89.17,102.78,0.012
252,1790510233.233306,07:57:13,840.8,nearby,0,1351,77,14.6383,4.8969,-89.15,103.06,0.004
253,1790510234.299967,07:57:14,841.9,nearby,0,640,95,14.6427,4.6244,-89.04,103.35,0.016
254,1790510235.299974,07:57:15,842.9,nearby,0,638,129,14.6505,4.3772,-89.00,103.62,0.026
255,1790510236.333317,07:57:16,843.9,nearby,0,638,87,14.6544,4.1160,-88.83,103.9,0.019
256,1790510237.333334,07:57:17,844.9,nearby,0,1352,175,14.6608,3.8631,-88.77,104.17,0.018
257,1790510238.366662,07:57:18,846.0,nearby,0,641,167,14.6671,3.6057,-88.64,104.43,0.009
258,1790510239.399991,07:57:19,847.0,nearby,0,1354,154,14.6743,3.3446,-88.60,104.68,0.032
259,1790510240.400001,07:57:20,848.0,nearby,0,1353,150,14.6810,3.0965,-88.64,104.92,0.003
260,1790510241.466664,07:57:21,849.1,nearby,0,1355,184,14.6891,2.8382,-88.46,105.17,0.003
261,1790510242.466681,07:57:22,850.1,both,644,1356,170,14.6953,2.5921,-88.35,105.42,0.001
262,1790510243.466682,07:57:23,851.1,nearby,0,1356,188,14.7049,2.3580,-88.31,105.66,0.002
263,1790510244.500012,07:57:24,852.1,nearby,0,646,153,14.7127,2.1191,-88.24,105.9,0.017
264,1790510245.500013,07:57:25,853.1,nearby,0,644,109,14.7214,1.8891,-88.14,106.15,0.013
265,1790510246.533360,07:57:26,854.1,nearby,0,646,196,14.7300,1.6813,-88.11,106.39,0.012
266,1790510247.566699,07:57:27,855.2,nearby,0,1359,195,14.7396,1.4455,-88.91,106.64,0.009
267,1790510248.566706,07:57:28,856.2,nearby,0,647,202,14.7071,1.2691,-95.79,106.88,0.013
268,1790510249.600018,07:57:29,857.2,nearby,0,1359,188,14.6868,1.0532,-95.83,107.13,0.002
269,1790510250.600046,07:57:30,858.2,nearby,0,1359,134,14.6627,0.8327,-95.90,107.37,0.012
270,1790510251.633389,07:57:31,859.2,nearby,0,649,97,14.6370,0.5821,-95.86,107.62,0.007
271,1790510252.666715,07:57:32,860.3,nearby,0,648,70,14.6642,0.3466,-94.27,107.87,0.062
272,1790510253.766721,07:57:33,861.4,nearby,0,1362,58,14.6449,0.0969,-94.99,108.13,0.008
273,1790510254.766739,07:57:34,862.4,nearby,0,551,69,14.6205,-0.1280,-94.79,108.38,0.015
274,1790510255.800061,07:57:35,863.4,nearby,0,650,63,14.5760,-0.3565,-95.06,108.62,0.025
275,1790510256.833393,07:57:36,864.4,nearby,0,215,56,14.5660,-0.5641,-95.17,108.87,0.017
276,1790510257.833396,07:57:37,865.4,nearby,0,215,54,14.5566,-0.7553,-93.45,109.11,0.009
277,1790510258.866729,07:57:38,866.5,nearby,0,551,36,14.5388,-0.9829,-93.33,109.36,0.03
278,1790510259.866759,07:57:39,867.5,nearby,0,652,49,14.5314,-1.1953,-93.16,109.6,0.031
279,1790510261.900134,07:57:41,869.5,nearby,0,655,57,14.5044,-1.6832,-92.90,110.09,0.026
280,1790510265.000100,07:57:45,872.6,nearby,0,658,45,14.4657,-2.4916,-92.55,110.84,0.008
281,1790510266.066766,07:57:46,873.7,nearby,0,658,45,14.4532,-2.7390,-92.44,111.09,0.002
282,1790510267.133431,07:57:47,874.7,nearby,0,657,43,14.4478,-2.9214,-92.22,111.35,0.028
283,1790510269.166790,07:57:49,876.8,nearby,0,658,36,14.4288,-3.3415,-92.01,111.84,0.037
284,1790510270.200125,07:57:50,877.8,nearby,0,660,45,14.4140,-3.5663,-92.17,112.09,0.02
285,1790510275.366804,07:57:55,883.0,nearby,0,663,55,14.3799,-4.7016,-91.34,113.28,0.54
286,1790510277.400154,07:57:57,885.0,nearby,0,664,41,14.3676,-5.1619,-91.11,113.75,0.009
287,1790510278.433517,07:57:58,886.0,nearby,0,665,43,14.3649,-5.4017,-91.06,113.99,0.003
288,1790510285.600195,07:58:05,893.2,nearby,0,670,55,14.3453,-6.9143,-89.96,115.64,0.138
289,1790510286.600198,07:58:06,894.2,nearby,0,670,47,14.3542,-7.1288,-90.19,115.87,0.018
290,1790510287.633531,07:58:07,895.2,nearby,0,671,46,14.3514,-7.3649,-90.22,116.11,0.002
291,1790510288.700206,07:58:08,896.3,nearby,0,672,41,14.3509,-7.6001,-90.10,116.37,0.029
292,1790510291.800214,07:58:11,899.4,nearby,0,674,64,14.3379,-8.3867,-89.74,117.2,0.051
293,1790510293.833558,07:58:13,901.4,nearby,0,675,69,14.3370,-8.9084,-89.42,117.76,0.032
294,1790510298.966919,07:58:18,906.6,nearby,0,698,170,14.3582,-10.2893,-88.97,119.24,0.064
295,1790510303.400301,07:58:23,911.0,nearby,0,708,103,14.3933,-11.5750,-88.56,120.6,0.18
296,1790510305.566988,07:58:25,913.2,nearby,0,711,104,14.4195,-12.2439,-88.34,121.3,0.015
297,1790510306.666977,07:58:26,914.3,nearby,0,713,110,14.4392,-12.5912,-88.29,121.65,0.011
298,1790510308.833685,07:58:28,916.4,nearby,0,711,75,14.4653,-12.7657,-76.30,121.92,0.124
299,1790510353.900755,07:59:13,961.5,nearby,0,791,76,13.4005,-14.9426,168.58,128.63,0.272
300,1790510354.900768,07:59:14,962.5,nearby,0,791,162,13.0679,-14.8789,168.66,128.99,0.021
301,1790510355.934111,07:59:15,963.5,nearby,0,791,190,12.7003,-14.8080,168.80,129.39,0.019
302,1790510356.934121,07:59:16,964.5,nearby,0,791,128,12.3293,-14.7354,168.90,129.78,0.016
303,1790510357.934138,07:59:17,965.5,nearby,0,793,174,11.9566,-14.6659,169.16,130.18,0.019
304,1790510358.934141,07:59:18,966.5,nearby,0,797,86,11.5903,-14.6337,176.80,130.57,0.03
305,1790510360.000823,07:59:20,967.6,nearby,0,795,104,11.2222,-14.6168,177.01,130.96,0.018
306,1790510361.034163,07:59:21,968.6,nearby,0,797,157,10.8896,-14.6044,177.32,131.32,0.032
307,1790510362.067508,07:59:22,969.7,nearby,0,798,161,10.5090,-14.5890,177.53,131.72,0.019
308,1790510363.067508,07:59:23,970.7,nearby,0,800,125,10.1376,-14.5760,177.76,132.12,0.005
309,1790510364.067568,07:59:24,971.7,both,800,800,136,9.7777,-14.5659,177.91,132.51,0.058
310,1790510365.134220,07:59:25,972.7,nearby,0,802,145,9.3752,-14.5551,178.15,132.94,0.013
311,1790510366.134225,07:59:26,973.7,nearby,0,803,157,8.9959,-14.5439,178.32,133.34,0.047
312,1790510367.200877,07:59:27,974.8,both,804,804,138,8.5917,-14.5342,178.53,133.77,0.02
313,1790510368.234216,07:59:28,975.8,both,804,804,110,8.2034,-14.5273,178.64,134.18,0.022
314,1790510369.234249,07:59:29,976.8,both,806,806,114,7.8193,-14.5188,178.83,134.58,0.017
315,1790510370.267588,07:59:30,977.9,both,806,806,65,7.4329,-14.5139,178.95,135.0,0.031
316,1790510371.334260,07:59:31,978.9,both,808,808,108,7.0650,-14.5084,179.15,135.38,0.018
317,1790510372.367653,07:59:32,980.0,both,809,809,91,6.7278,-14.5052,179.32,135.75,0.027
318,1790510373.400943,07:59:33,981.0,nearby,0,810,98,6.3913,-14.5040,179.48,136.11,0.025
319,1790510374.434297,07:59:34,982.0,nearby,0,809,52,6.0374,-14.5012,179.64,136.47,0.006
320,1790510375.500964,07:59:35,983.1,nearby,0,812,119,5.7002,-14.5030,179.86,136.84,0.039
321,1790510379.601000,07:59:39,987.2,nearby,0,815,105,4.3081,-14.5071,-179.61,138.28,0.042
322,1790510380.601010,07:59:40,988.2,nearby,0,817,117,3.9613,-14.5115,-179.42,138.63,0.01
323,1790510381.634338,07:59:41,989.2,nearby,0,817,125,3.6290,-14.5168,-179.31,139.0,0.032
324,1790510382.634364,07:59:42,990.2,nearby,0,819,131,3.3080,-14.5210,-179.14,139.34,0.02
325,1790510383.667712,07:59:43,991.3,nearby,0,820,131,2.9683,-14.5270,-178.98,139.69,0.009
326,1790510384.701046,07:59:44,992.3,nearby,0,821,159,2.6556,-14.5342,-178.86,140.04,0.041
327,1790510385.734379,07:59:45,993.3,nearby,0,822,151,2.3390,-14.5436,-178.67,140.39,0.033
328,1790510386.767730,07:59:46,994.4,nearby,0,823,154,2.0006,-14.5541,-178.57,140.75,0.004
329,1790510387.767745,07:59:47,995.4,nearby,0,824,160,1.6853,-14.5628,-178.45,141.08,0.037
330,1790510388.767750,07:59:48,996.4,nearby,0,826,140,1.3761,-14.5728,-178.22,141.42,0.03
331,1790510389.767758,07:59:49,997.4,nearby,0,826,160,1.0659,-14.5842,-178.12,141.68,0.016
332,1790510390.834443,07:59:50,998.4,nearby,0,827,165,0.7421,-14.5958,-178.05,141.94,0.001
333,1790510391.834446,07:59:51,999.4,nearby,0,828,191,0.4600,-14.5695,174.74,142.19,0.01
334,1790510392.867801,07:59:52,1000.5,nearby,0,827,117,0.1047,-14.5390,174.62,142.44,0.02
335,1790510394.967801,07:59:54,1002.6,nearby,0,829,106,-0.6712,-14.4670,174.89,142.96,0.003
336,1790510421.601396,08:00:21,1029.2,nearby,0,827,89,-0.0845,-14.3406,178.84,149.0,0.218
337,1790510423.601409,08:00:23,1031.2,nearby,0,829,103,-0.0675,-14.3111,162.72,149.06,0.042
338,1790510425.634753,08:00:25,1033.2,nearby,0,412,54,-0.0188,-14.2291,97.58,149.09,0.095
339,1790510430.801594,08:00:30,1038.4,nearby,0,414,93,-0.0319,-13.2414,89.84,150.37,0.281
340,1790510431.834827,08:00:31,1039.4,nearby,0,416,88,-0.0323,-12.8091,90.25,150.78,0.022
341,1790510432.834830,08:00:32,1040.4,nearby,0,415,116,-0.0387,-12.5062,90.43,151.19,0.101
342,1790510433.868166,08:00:33,1041.5,nearby,0,415,82,-0.0435,-12.1100,90.64,151.6,0.016
343,1790510434.868195,08:00:34,1042.5,nearby,0,417,103,-0.0567,-11.7626,90.91,152.01,0.059
344,1790510435.901526,08:00:35,1043.5,nearby,0,418,125,-0.0638,-11.3620,91.12,152.42,0.014
345,1790510436.901528,08:00:36,1044.5,nearby,0,419,104,-0.0764,-10.9916,91.32,152.82,0.029
346,1790510437.934873,08:00:37,1045.5,nearby,0,422,104,-0.0861,-10.5869,91.42,153.23,0.01
347,1790510438.934886,08:00:38,1046.5,nearby,0,421,114,-0.0867,-10.2038,90.14,153.63,0.012
348,1790510441.034902,08:00:41,1048.6,nearby,0,423,124,-0.0983,-9.4437,90.35,154.47,0.082
349,1790510442.068252,08:00:42,1049.7,nearby,0,422,81,-0.1024,-9.0527,90.40,154.89,0.024
350,1790510443.134913,08:00:43,1050.7,nearby,0,426,140,-0.1067,-8.6604,90.70,155.31,0.034
351,1790510444.134941,08:00:44,1051.7,nearby,0,425,111,-0.1144,-8.2693,90.76,155.71,0.009
352,1790510446.168281,08:00:46,1053.8,nearby,0,428,156,-0.1276,-7.5035,91.15,156.52,0.045
353,1790510447.168296,08:00:47,1054.8,nearby,0,429,147,-0.1395,-7.1079,91.32,156.92,0.008
354,1790510448.168305,08:00:48,1055.8,nearby,0,431,171,-0.1491,-6.7649,91.49,157.32,0.025
355,1790510449.201657,08:00:49,1056.8,both,432,432,194,-0.1607,-6.3661,91.71,157.74,0.079
356,1790510450.201659,08:00:50,1057.8,nearby,0,434,175,-0.1785,-6.0332,91.88,158.14,0.066
357,1790510451.234992,08:00:51,1058.8,nearby,0,434,207,-0.1959,-5.6597,92.04,158.55,0.042
358,1790510452.235010,08:00:52,1059.8,nearby,0,434,162,-0.2108,-5.2915,92.14,158.95,0.03
359,1790510453.268364,08:00:53,1060.9,nearby,0,436,204,-0.2122,-4.9316,88.84,159.32,0.004
360,1790510454.301703,08:00:54,1061.9,nearby,0,437,199,-0.2047,-4.5988,88.71,159.68,0.027
361,1790510455.301708,08:00:55,1062.9,nearby,0,438,212,-0.1987,-4.2514,88.84,160.04,0.016
362,1790510456.335036,08:00:56,1063.9,both,439,439,195,-0.1936,-3.9090,88.98,160.4,0.022
363,1790510457.368406,08:00:57,1065.0,nearby,0,440,237,-0.1884,-3.5597,89.15,160.77,0.013
364,1790510458.435069,08:00:58,1066.0,both,440,440,243,-0.1856,-3.2116,89.28,161.14,0.024
365,1790510459.435093,08:00:59,1067.0,both,441,441,251,-0.1853,-2.8905,89.44,161.49,0.029
366,1790510460.468417,08:01:00,1068.1,both,442,442,259,-0.1802,-2.5620,87.49,161.85,0.029
367,1790510461.501768,08:01:01,1069.1,both,443,443,311,-0.1650,-2.2536,86.99,162.18,0.022
368,1790510462.535111,08:01:02,1070.1,both,444,444,289,-0.1481,-1.9271,86.94,162.53,0.031
369,1790510463.568438,08:01:03,1071.2,both,445,445,304,-0.1316,-1.5851,87.05,162.89,0.003
370,1790510464.568443,08:01:04,1072.2,both,446,446,247,-0.1158,-1.2568,87.18,163.25,0.044
371,1790510465.601806,08:01:05,1073.2,both,447,447,234,-0.1015,-0.9145,87.31,163.61,0.003
372,1790510466.635149,08:01:06,1074.2,both,448,448,197,-0.0873,-0.5774,87.48,163.96,0.035
373,1790510467.668482,08:01:07,1075.3,nearby,0,454,110,-0.0765,-0.2748,87.56,164.29,0.027
374,1790510468.701824,08:01:08,1076.3,nearby,0,454,99,-0.0710,-0.2891,80.78,164.31,0.012
375,1790510469.801837,08:01:09,1077.4,both,455,455,90,-0.0142,-0.3113,56.33,164.32,0.061
376,1790510470.801856,08:01:10,1078.4,both,456,1500,52,0.0232,-0.3467,34.63,164.32,0.052
377,1790510471.835193,08:01:11,1079.4,both,456,1490,79,0.0951,-0.3209,29.56,164.39,0.024
378,1790510472.835229,08:01:12,1080.4,nearby,0,1499,83,0.3537,-0.1689,29.71,164.71,0.02
379,1790510473.868778,08:01:13,1081.5,nearby,0,1498,86,0.6473,-0.0021,29.90,165.06,0.013
380,1790510474.935236,08:01:14,1082.5,nearby,0,1498,69,0.8247,0.1010,29.94,165.27,0.009
381,1790510475.935236,08:01:15,1083.5,nearby,0,1500,112,0.8291,0.0796,12.45,165.28,0.022
382,1790510476.968573,08:01:16,1084.6,nearby,0,1498,122,0.8482,0.0586,-3.35,165.29,0.028
383,1790510481.068623,08:01:21,1088.7,nearby,0,1500,130,0.6651,0.0405,-1.34,165.45,0.033
384,1790510482.135277,08:01:22,1089.7,both,139,1491,144,0.4093,0.0330,-1.34,165.69,0.017
385,1790510483.135288,08:01:23,1090.7,both,141,457,128,0.2023,0.0371,-1.40,165.92,0.023
386,1790510484.168649,08:01:24,1091.8,nearby,0,458,132,0.2007,0.0204,-7.90,165.96,0.023
387,1790510487.335331,08:01:27,1094.9,nearby,0,329,53,0.2407,0.0089,-86.77,165.99,0.043
388,1790510488.335353,08:01:28,1095.9,nearby,0,1143,66,0.2234,-0.0031,-92.30,166.0,0.021
389,1790510491.368695,08:01:31,1099.0,nearby,0,330,46,0.2140,-0.2447,-92.50,166.22,0.016
390,1790510492.368717,08:01:32,1100.0,nearby,0,332,43,0.2012,-0.5451,-92.42,166.54,0.012
391,1790510493.368733,08:01:33,1101.0,nearby,0,1144,38,0.1910,-0.8602,-92.38,166.86,0.006
392,1790510494.402062,08:01:34,1102.0,nearby,0,333,60,0.1768,-1.1821,-92.21,167.2,0.016
393,1790510497.435434,08:01:37,1105.0,nearby,0,336,43,0.1522,-2.0378,-92.05,168.14,0.089
394,1790510498.502112,08:01:38,1106.1,nearby,0,336,28,0.1411,-2.3665,-91.91,168.49,0.019
395,1790510499.502117,08:01:39,1107.1,nearby,0,338,34,0.1217,-2.7057,-91.86,168.85,0.019
396,1790510500.502117,08:01:40,1108.1,nearby,0,1149,38,0.1056,-3.0408,-91.69,169.2,0.015
397,1790510502.535529,08:01:42,1110.1,nearby,0,1150,68,0.0898,-3.7279,-91.33,169.91,0.025
398,1790510505.702181,08:01:45,1113.3,nearby,0,343,28,0.0753,-4.7760,-90.62,171.01,0.058
399,1790510548.735855,08:02:28,1156.3,nearby,0,853,70,0.0452,-14.4091,-2.23,181.77,1.08
400,1790510553.835878,08:02:33,1161.4,nearby,0,1184,108,0.2552,-14.4383,-1.53,181.96,0.033
401,1790510554.869236,08:02:34,1162.5,nearby,0,854,71,0.5193,-14.4235,-1.62,182.24,0.026
402,1790510555.969237,08:02:35,1163.6,nearby,0,853,73,0.8134,-14.4379,-1.27,182.55,0.018
403,1790510557.002571,08:02:37,1164.6,nearby,0,854,67,1.1120,-14.4202,-1.41,182.85,0.024
404,1790510558.002578,08:02:38,1165.6,nearby,0,855,73,1.3760,-14.4530,-1.34,183.14,0.035
405,1790510559.035918,08:02:39,1166.6,nearby,0,856,73,1.6655,-14.4492,-1.85,183.45,0.029
406,1790510560.069245,08:02:40,1167.7,nearby,0,855,60,1.9802,-14.4614,-1.47,183.77,0.007
407,1790510561.069253,08:02:41,1168.7,nearby,0,1202,67,2.2868,-14.4715,-1.40,184.09,0.011
408,1790510562.135918,08:02:42,1169.7,nearby,0,858,58,2.5768,-14.4852,-3.49,184.42,0.035
409,1790510563.135918,08:02:43,1170.7,nearby,0,1199,99,2.8582,-14.5100,-2.96,184.71,0.013
410,1790510564.135933,08:02:44,1171.7,nearby,0,858,47,3.1517,-14.5099,-4.25,185.03,0.023
411,1790510565.169297,08:02:45,1172.8,nearby,0,1208,76,3.4718,-14.5178,-3.15,185.36,0.044
412,1790510566.202601,08:02:46,1173.8,nearby,0,1202,87,3.7842,-14.5490,-2.63,185.69,0.022
413,1790510567.235939,08:02:47,1174.8,nearby,0,863,70,4.0864,-14.5516,-2.15,186.02,0.03
414,1790510568.235964,08:02:48,1175.8,nearby,0,864,68,4.3933,-14.5624,-2.11,186.34,0.015
415,1790510569.235966,08:02:49,1176.8,nearby,0,864,68,4.6882,-14.5773,-2.10,186.66,0.025
416,1790510570.302626,08:02:50,1177.9,nearby,0,865,68,5.0365,-14.5816,-1.93,187.02,0.015
417,1790510571.335953,08:02:51,1178.9,nearby,0,866,68,5.3865,-14.5909,-2.02,187.38,0.003
418,1790510572.335975,08:02:52,1179.9,nearby,0,1216,81,5.6966,-14.6001,-1.70,187.72,0.034
419,1790510573.369306,08:02:53,1181.0,nearby,0,868,66,6.0370,-14.6007,-1.77,188.07,0.014
420,1790510574.435974,08:02:54,1182.0,nearby,0,1221,60,6.3769,-14.6145,-1.17,188.43,0.022
421,1790510575.502643,08:02:55,1183.1,nearby,0,870,54,6.7286,-14.6180,-1.57,188.79,0.01
422,1790510576.502661,08:02:56,1184.1,nearby,0,871,38,7.0283,-14.6237,-0.97,189.14,0.044
423,1790510577.536001,08:02:57,1185.1,nearby,0,1225,62,7.3608,-14.6258,-0.64,189.5,0.026
424,1790510578.602654,08:02:58,1186.2,nearby,0,872,44,7.7083,-14.6274,-0.87,189.86,0.02
425,1790510580.635990,08:03:00,1188.2,nearby,0,1231,64,8.3808,-14.6366,-0.34,190.58,0.041
426,1790510581.669347,08:03:01,1189.3,nearby,0,1233,52,8.7354,-14.6411,-0.21,190.95,0.017
427,1790510588.902695,08:03:08,1196.5,nearby,0,1243,87,11.2962,-14.4754,-4.52,193.67,0.145
428,1790510589.902707,08:03:09,1197.5,nearby,0,886,59,11.6440,-14.5021,-4.50,194.02,0.01
429,1790510590.902715,08:03:10,1198.5,nearby,0,886,59,12.0270,-14.5336,-4.37,194.41,0.006
430,1790510592.036050,08:03:12,1199.6,nearby,0,887,82,12.4643,-14.5655,-4.30,194.87,0.018
431,1790510593.402714,08:03:13,1201.0,nearby,0,889,61,12.9878,-14.6083,-4.27,195.38,0.021
432,1790510596.902747,08:03:16,1204.5,nearby,0,1251,93,14.2549,-14.6856,-3.71,195.8,0.051
433,1790510597.936078,08:03:17,1205.5,nearby,0,1253,91,14.6440,-14.7070,-3.44,195.92,0.01
434,1790510598.936102,08:03:18,1206.5,nearby,0,1253,104,14.7289,-14.7114,-3.46,196.03,0.009
435,1790510619.536189,08:03:39,1227.1,nearby,0,894,21,14.7719,-14.6521,27.69,197.39,0.21
436,1790510624.669522,08:03:44,1232.3,nearby,0,1282,41,14.7324,-14.0556,91.61,198.01,0.053
437,1790510625.669545,08:03:45,1233.3,nearby,0,900,80,14.6973,-13.6896,91.01,198.4,0.033
438,1790510626.702870,08:03:46,1234.3,nearby,0,902,87,14.6857,-13.2995,91.06,198.81,0.022
439,1790510627.736206,08:03:47,1235.3,nearby,0,902,96,14.6767,-12.9075,91.02,199.22,0.02
440,1790510628.736208,08:03:48,1236.3,nearby,0,905,69,14.6670,-12.5191,91.13,199.62,0.012
441,1790510629.769561,08:03:49,1237.4,nearby,0,1287,88,14.6578,-12.1128,91.31,200.03,0.008
442,1790510630.769567,08:03:50,1238.4,nearby,0,1289,78,14.6467,-11.7353,91.42,200.43,0.021
443,1790510631.836230,08:03:51,1239.4,nearby,0,1290,81,14.6348,-11.3095,91.56,200.86,0.002
444,1790510632.902887,08:03:52,1240.5,nearby,0,910,88,14.6214,-10.9259,91.74,201.29,0.024
445,1790510633.902903,08:03:53,1241.5,nearby,0,1292,103,14.6075,-10.5843,91.88,201.69,0.106
446,1790510634.936255,08:03:54,1242.5,nearby,0,915,69,14.5932,-10.1658,92.06,202.11,0.005
447,1790510636.002897,08:03:56,1243.6,nearby,0,1295,89,14.5755,-9.7830,92.19,202.53,0.041
448,1790510640.036266,08:04:00,1247.6,nearby,0,1298,59,14.5272,-8.2282,89.73,204.14,0.057
449,1790510642.136254,08:04:02,1249.7,nearby,0,1300,61,14.5277,-7.4250,89.76,204.98,0.037
450,1790510644.169607,08:04:04,1251.8,nearby,0,924,74,14.5267,-6.6420,89.96,205.8,0.03
451,1790510648.269627,08:04:08,1255.9,nearby,0,928,79,14.5048,-5.1531,90.52,207.44,0.151
452,1790510650.269650,08:04:10,1257.9,nearby,0,929,46,14.4899,-4.3923,90.71,208.23,0.032
453,1790510654.369659,08:04:14,1262.0,nearby,0,934,55,14.4907,-3.0030,86.88,209.76,0.146
454,1790510655.369667,08:04:15,1263.0,nearby,0,1305,58,14.5019,-2.6961,87.04,210.13,0.063
455,1790510656.403006,08:04:16,1264.0,nearby,0,1306,64,14.5189,-2.3376,87.08,210.52,0.024
456,1790510657.403020,08:04:17,1265.0,nearby,0,940,89,14.5313,-1.9931,87.21,210.88,0.023
457,1790510658.436352,08:04:18,1266.0,nearby,0,940,90,14.5458,-1.6497,87.45,211.25,0.021
458,1790510659.503009,08:04:19,1267.1,nearby,0,1307,46,14.5631,-1.2779,87.46,211.62,0.001
459,1790510660.503035,08:04:20,1268.1,nearby,0,208,45,14.5732,-0.9694,87.81,211.97,0.042
460,1790510661.569701,08:04:21,1269.2,nearby,0,208,47,14.5829,-0.6144,88.04,212.34,0.016
461,1790510662.569705,08:04:22,1270.2,nearby,0,944,86,14.5808,-0.3033,88.12,212.7,0.045
462,1790510663.603016,08:04:23,1271.2,nearby,0,222,121,14.5812,0.0257,87.91,213.06,0.039
463,1790510664.603022,08:04:24,1272.2,nearby,0,1309,51,14.6007,0.3789,88.25,213.43,0.014
464,1790510665.636383,08:04:25,1273.2,nearby,0,1309,71,14.6118,0.7474,88.03,213.82,0.018
465,1790510666.636387,08:04:26,1274.2,nearby,0,1311,58,14.6224,1.0877,88.25,214.19,0.029
466,1790510668.736368,08:04:28,1276.3,nearby,0,568,59,14.6428,1.8938,88.61,215.01,0.018
467,1790510669.736405,08:04:29,1277.3,nearby,0,572,66,14.6520,2.2797,88.75,215.41,0.009
468,1790510670.769725,08:04:30,1278.4,nearby,0,572,141,14.6545,2.5928,89.02,215.82,0.069
469,1790510671.769727,08:04:31,1279.4,nearby,0,1313,62,14.6597,2.9700,89.09,216.22,0.013
470,1790510673.770353,08:04:33,1281.4,nearby,0,576,114,14.6692,3.7215,89.25,217.03,0.002
471,1790510674.836410,08:04:34,1282.4,nearby,0,1314,77,14.6733,4.0929,89.41,217.45,0.257
472,1790510675.869762,08:04:35,1283.5,nearby,0,1314,52,14.6762,4.4831,89.46,217.86,0.027
473,1790510676.869767,08:04:36,1284.5,nearby,0,1315,68,14.6831,4.8639,89.44,218.26,0.018
474,1790510677.969763,08:04:37,1285.6,nearby,0,585,74,14.6807,5.2607,89.66,218.69,0.011
475,1790510678.969764,08:04:38,1286.6,nearby,0,1316,92,14.6815,5.6100,89.72,219.08,0.015
476,1790510679.969767,08:04:39,1287.6,nearby,0,587,118,14.6816,5.9659,89.86,219.46,0.021
477,1790510682.003100,08:04:42,1289.6,nearby,0,1319,117,14.6794,6.6685,90.10,220.23,0.164
478,1790510683.003124,08:04:43,1290.6,nearby,0,1319,95,14.6767,7.0228,90.27,220.61,0.028
479,1790510684.036463,08:04:44,1291.6,nearby,0,598,71,14.6755,7.4144,90.34,221.01,0.002
480,1790510685.103117,08:04:45,1292.7,nearby,0,598,96,14.6819,7.7828,86.96,221.41,0.037
481,1790510686.136463,08:04:46,1293.7,nearby,0,592,53,14.7012,8.1200,86.84,221.77,0.022
482,1790510687.136479,08:04:47,1294.7,nearby,0,1325,135,14.7199,8.4938,86.85,222.17,0.025
483,1790510688.203146,08:04:48,1295.8,nearby,0,599,99,14.7378,8.8888,87.01,222.6,0.031
484,1790510689.269821,08:04:49,1296.9,nearby,0,1327,146,14.7574,9.2776,87.14,223.03,0.04
485,1790510690.303154,08:04:50,1297.9,nearby,0,1328,168,14.7741,9.6472,87.26,223.44,0.044
486,1790510691.336499,08:04:51,1298.9,nearby,0,608,152,14.7880,9.9935,87.28,223.83,0.039
487,1790510694.469820,08:04:54,1302.1,nearby,0,1328,70,14.7711,10.0172,110.01,223.86,0.018
488,1790510698.536514,08:04:58,1306.1,nearby,0,615,29,14.7418,10.0447,-133.40,223.9,0.04
489,1790510699.603174,08:04:59,1307.2,nearby,0,616,106,14.7684,10.0090,-99.70,223.92,0.044
490,1790510703.703202,08:05:03,1311.3,nearby,0,1340,82,14.7911,9.6719,-94.40,224.22,0.052
491,1790510704.736543,08:05:04,1312.3,nearby,0,615,66,14.7624,9.4050,-94.56,224.5,0.015
492,1790510705.736553,08:05:05,1313.3,nearby,0,628,64,14.7568,9.1228,-94.60,224.79,0.02
493,1790510706.803220,08:05:06,1314.4,nearby,0,1343,117,14.7377,8.8310,-94.13,225.1,0.014
494,1790510707.803221,08:05:07,1315.4,nearby,0,1343,96,14.7427,8.5652,-88.21,225.39,0.027
495,1790510708.836573,08:05:08,1316.4,nearby,0,625,62,14.7538,8.2822,-87.88,225.69,0.015
496,1790510709.869899,08:05:09,1317.5,nearby,0,1345,94,14.7656,8.0031,-87.64,225.98,0.02
497,1790510710.869905,08:05:10,1318.5,nearby,0,1347,108,14.7718,7.7271,-90.06,226.28,0.024
498,1790510711.869908,08:05:11,1319.5,nearby,0,629,66,14.7668,7.3527,-91.77,226.66,0.002
499,1790510712.936570,08:05:12,1320.5,nearby,0,632,146,14.7551,6.9924,-91.89,227.06,0.039
500,1790510713.936590,08:05:13,1321.5,nearby,0,1349,76,14.7416,6.6442,-91.86,227.4,0.004
501,1790510714.969921,08:05:14,1322.6,nearby,0,633,131,14.7359,6.3292,-91.77,227.75,0.028
502,1790510715.969926,08:05:15,1323.6,nearby,0,635,135,14.7273,6.0385,-91.64,228.07,0.037
503,1790510717.069926,08:05:17,1324.7,nearby,0,636,107,14.7182,5.6744,-91.54,228.46,0.02
504,1790510718.069944,08:05:18,1325.7,nearby,0,636,119,14.7111,5.2999,-91.38,228.86,0.026
505,1790510719.069946,08:05:19,1326.7,nearby,0,639,86,14.7023,4.9015,-91.21,229.26,0.002
506,1790510720.103272,08:05:20,1327.7,nearby,0,1351,113,14.6954,4.5183,-91.05,229.67,0.028
507,1790510721.103293,08:05:21,1328.7,nearby,0,641,90,14.6928,4.1447,-90.82,230.07,0.027
508,1790510722.136629,08:05:22,1329.7,nearby,0,640,129,14.6880,3.7567,-90.75,230.48,0.025
509,1790510723.203309,08:05:23,1330.8,nearby,0,1356,88,14.6839,3.3562,-90.60,230.91,0.025
510,1790510724.236615,08:05:24,1331.8,nearby,0,643,175,14.6790,2.9703,-90.45,231.32,0.029
511,1790510725.269947,08:05:25,1332.9,nearby,0,1355,177,14.6782,2.5802,-90.33,231.73,0.02
512,1790510726.269963,08:05:26,1333.9,nearby,0,1357,153,14.6781,2.2045,-90.25,232.14,0.03
513,1790510727.303306,08:05:27,1334.9,nearby,0,1356,110,14.6796,1.8219,-90.18,232.55,0.027
514,1790510728.303318,08:05:28,1335.9,nearby,0,1359,185,14.6815,1.4426,-89.94,232.95,0.021
515,1790510729.336633,08:05:29,1336.9,nearby,0,1359,173,14.6841,1.0523,-89.85,233.37,0.027
516,1790510730.369979,08:05:30,1338.0,nearby,0,1360,98,14.6887,0.6684,-89.71,233.78,0.029
517,1790510731.369999,08:05:31,1339.0,nearby,0,551,46,14.7165,0.3837,-96.83,234.12,0.063
518,1790510732.403325,08:05:32,1340.0,nearby,0,548,158,14.6063,0.1326,-115.74,234.4,0.039
519,1790510733.436666,08:05:33,1341.0,both,214,1362,90,14.4203,-0.0541,-135.86,234.67,0.045
520,1790510734.470008,08:05:34,1342.1,nearby,0,212,92,14.1993,-0.1801,-156.88,234.94,0.021
521,1790510735.503352,08:05:35,1343.1,nearby,0,973,81,13.9648,-0.2363,-178.18,235.18,0.006
522,1790510736.536683,08:05:36,1344.1,nearby,0,973,62,13.8989,-0.2292,176.88,235.28,0.027
523,1790510740.703374,08:05:40,1348.3,nearby,0,545,40,13.6181,-0.2088,176.93,235.56,0.011
524,1790510741.703374,08:05:41,1349.3,nearby,0,1363,53,13.2270,-0.1900,176.66,235.95,0.005
525,1790510742.770033,08:05:42,1350.4,nearby,0,1364,105,12.8306,-0.1675,177.00,236.39,0.034
526,1790510743.770034,08:05:43,1351.4,nearby,0,974,72,12.4572,-0.1499,177.11,236.78,0.024
527,1790510744.803438,08:05:44,1352.4,nearby,0,244,73,12.0450,-0.1295,177.42,237.19,0.004
528,1790510745.870061,08:05:45,1353.5,nearby,0,248,108,11.6563,-0.1146,177.44,237.63,0.046
529,1790510746.936721,08:05:46,1354.5,nearby,0,1365,111,11.2538,-0.0991,177.60,238.05,0.019
530,1790510747.970047,08:05:47,1355.6,nearby,0,975,70,10.9002,-0.0850,177.68,238.46,0.06
531,1790510748.970082,08:05:48,1356.6,nearby,0,975,83,10.5026,-0.0672,177.87,238.86,0.003
532,1790510750.003406,08:05:50,1357.6,nearby,0,975,82,10.1183,-0.0544,177.99,239.28,0.029
533,1790510751.036745,08:05:51,1358.6,nearby,0,975,79,9.6985,-0.0401,178.13,239.69,0.008
534,1790510752.103404,08:05:52,1359.7,nearby,0,1366,94,9.3330,-0.0296,178.38,240.12,0.062
535,1790510753.170068,08:05:53,1360.8,nearby,0,976,70,8.9659,-0.0305,178.43,240.54,0.059
536,1790510754.203436,08:05:54,1361.8,nearby,0,976,83,8.6219,-0.0234,178.57,240.96,0.07
537,1790510755.270100,08:05:55,1362.9,nearby,0,1367,122,8.2208,-0.0149,178.86,241.39,0.029
538,1790510756.303431,08:05:56,1363.9,nearby,0,977,79,7.8391,-0.0065,178.79,241.8,0.029
539,1790510757.370086,08:05:57,1365.0,nearby,0,977,74,7.4506,-0.0046,178.96,242.23,0.045
540,1790510758.403434,08:05:58,1366.0,nearby,0,977,79,7.0846,0.0002,179.00,242.64,0.044
541,1790510759.436774,08:05:59,1367.0,nearby,0,978,70,6.6698,0.0033,179.26,243.06,0.004
542,1790510760.436776,08:06:00,1368.0,nearby,0,978,76,6.3385,0.0012,179.30,243.46,0.071
543,1790510761.470115,08:06:01,1369.1,nearby,0,1372,138,5.9703,-0.0024,179.46,243.87,0.044
544,1790510762.470126,08:06:02,1370.1,nearby,0,1373,106,5.5814,0.0039,179.80,244.27,0.015
545,1790510763.503474,08:06:03,1371.1,nearby,0,1373,138,5.2351,-0.0044,179.84,244.68,0.064
546,1790510764.536800,08:06:04,1372.1,nearby,0,980,77,4.8591,-0.0012,179.99,245.1,0.042
547,1790510765.670136,08:06:05,1373.3,nearby,0,980,77,4.4407,-0.0046,-179.77,245.55,0.034
548,1790510766.670140,08:06:06,1374.3,nearby,0,981,76,4.0666,-0.0084,-179.64,245.95,0.029
549,1790510767.703497,08:06:07,1375.3,nearby,0,273,108,3.6818,-0.0116,-179.37,246.36,0.023
550,1790510768.770146,08:06:08,1376.4,nearby,0,1377,167,3.2774,-0.0168,-179.15,246.79,0.025
551,1790510769.770156,08:06:09,1377.4,nearby,0,984,92,2.9070,-0.0267,-179.03,247.19,0.031
552,1790510770.770156,08:06:10,1378.4,both,1379,986,126,2.5345,-0.0398,-178.79,247.59,0.027
553,1790510771.836837,08:06:11,1379.4,both,1380,987,132,2.1338,-0.0530,-178.62,248.02,0.025
554,1790510772.836838,08:06:12,1380.4,both,1381,987,117,1.7559,-0.0656,-178.55,248.42,0.023
555,1790510773.870164,08:06:13,1381.5,nearby,0,988,89,1.3679,-0.0787,-178.32,248.83,0.023
556,1790510774.870171,08:06:14,1382.5,nearby,0,989,64,0.9880,-0.0925,-178.10,249.23,0.019
557,1790510775.870173,08:06:15,1383.5,nearby,0,990,44,0.6184,-0.1045,-177.88,249.63,0.03
558,1790510776.903518,08:06:16,1384.5,nearby,0,326,36,0.3763,-0.1147,-177.95,249.94,0.064
559,1790510782.003534,08:06:22,1389.6,nearby,0,1489,42,0.3873,-0.1590,-148.89,249.96,0.045
560,1790510784.070211,08:06:24,1391.7,nearby,0,330,49,0.3961,-0.2381,-106.87,249.97,0.081
561,1790510787.103561,08:06:27,1394.7,nearby,0,1490,41,0.4160,-0.3302,-33.49,250.0,0.094
562,1790510788.136886,08:06:28,1395.7,nearby,0,471,143,0.4135,-0.2913,-4.85,250.01,0.039
563,1790510793.336911,08:06:33,1400.9,nearby,0,141,116,0.4723,-0.2577,-2.38,250.05,0.038
564,1790510794.336928,08:06:34,1401.9,nearby,0,1490,108,0.7524,-0.2636,-2.07,250.34,0.008
565,1790510795.403595,08:06:35,1403.0,nearby,0,1490,99,1.0957,-0.2701,-1.91,250.7,0.019
566,1790510796.436919,08:06:36,1404.0,nearby,0,145,119,1.4361,-0.2744,-1.75,251.05,0.011
567,1790510797.436939,08:06:37,1405.0,nearby,0,492,140,1.5367,-0.2784,-1.62,251.18,0.024
568,1790510799.470287,08:06:39,1407.1,nearby,0,147,102,1.5129,-0.2827,-10.11,251.18,0.024
569,1790510800.536944,08:06:40,1408.1,nearby,0,147,104,1.4045,-0.2637,-10.61,251.28,0.012
570,1790510801.570277,08:06:41,1409.2,nearby,0,1490,99,1.1553,-0.2186,-10.70,251.54,0.002
571,1790510802.603616,08:06:42,1410.2,nearby,0,1498,102,0.9061,-0.1720,-10.83,251.79,0.005
572,1790510803.636964,08:06:43,1411.2,both,1,1491,126,0.6639,-0.1261,-10.97,252.05,0.013
573,1790510804.636967,08:06:44,1412.2,both,471,139,144,0.4293,-0.0827,-10.78,252.3,0.013
574,1790510805.703639,08:06:45,1413.3,both,457,140,132,0.2990,-0.0630,-3.23,252.45,0.015
575,1790510806.703641,08:06:46,1414.3,nearby,0,1499,157,0.1422,-0.0484,-3.16,252.63,0.016
576,1790510807.870313,08:06:47,1415.5,nearby,0,139,140,0.0165,-0.0410,-3.09,252.78,0.023
