gap_start_t,gap_end_t,gap_s,robot_moved_during_gap_m,start
1790509593.970,1790509596.210,2.24,0.403,2
1790509915.949,1790509916.789,0.84,0.292,2
1790509917.449,1790509920.589,3.14,1.107,2
1790510117.989,1790510118.969,0.98,0.338,2
1790510119.369,1790510120.069,0.70,0.240,2
1790510121.269,1790510138.669,17.40,0.773,2
1790510166.169,1790510167.069,0.90,0.274,2
1790510167.689,1790510180.349,12.66,4.094,2
1790510237.628,1790510270.388,32.76,7.883,2
1790510278.888,1790510282.648,3.76,0.865,2
1790510298.768,1790510299.588,0.82,0.244,2
1790510305.328,1790510307.468,2.14,0.686,2
1790510362.949,1790510363.829,0.88,0.352,2
1790510364.468,1790510365.388,0.92,0.368,2
1790510386.709,1790510387.549,0.84,0.282,2
1790510388.909,1790510407.609,18.70,4.586,2
1790510446.169,1790510448.449,2.28,0.914,2
1790510463.169,1790510464.349,1.18,0.415,2
1790510464.669,1790510466.509,1.84,0.638,2
1790510481.249,1790510482.109,0.86,0.197,2
1790510514.769,1790510515.609,0.84,0.298,2
1790510563.849,1790510564.769,0.92,0.295,2
1790510579.529,1790510580.390,0.86,0.302,2
1790510593.289,1790510610.369,17.08,2.006,2
1790510632.109,1790510632.949,0.84,0.338,2
1790510665.709,1790510666.569,0.86,0.318,2
1790510667.749,1790510674.389,6.64,2.663,2
1790510677.349,1790510681.949,4.60,1.754,2
1790510779.109,1790510779.949,0.84,0.000,2
1790510785.088,1790510785.968,0.88,0.002,2
1790510850.509,1790510851.349,0.84,0.000,2
