end,t_hamilton,s,map_x,map_y,largest_turn_deg,stop_here_s,in_W2,fixes_during,fixes_in_10m_before,m_since_last_fix,ok
1,07:50:21,428.7,14.71,0.05,102.0,34.1,True,3,37,,True
2,07:52:06,534.1,14.68,-14.96,97.0,0.0,False,6,19,,True
3,07:53:16,603.9,-4.32,-14.38,180.0,0.0,False,0,18,3.25,True
4,07:53:35,623.3,0.47,-14.5,104.0,0.0,False,7,6,,True
5,07:54:23,670.8,0.43,-0.11,94.0,8.4,False,5,18,,True
6,07:55:58,765.9,14.37,0.21,81.0,29.9,True,3,24,,True
7,07:56:34,802.0,14.59,9.82,178.0,11.4,False,9,30,,True
8,07:58:50,938.6,15.94,-13.24,89.0,0.0,False,3,14,,True
9,08:00:17,1024.8,-1.57,-14.3,176.0,10.0,False,3,23,,True
10,08:01:20,1088.3,0.73,0.05,179.0,0.0,False,6,29,,True
11,08:02:27,1155.5,0.1,-15.06,120.0,6.2,False,0,0,10.25,False
12,08:03:19,1207.6,14.72,-14.71,95.0,19.2,True,4,19,,True
13,08:04:54,1302.5,14.76,10.03,179.0,0.0,False,6,22,,True
14,08:05:33,1341.1,14.42,-0.06,79.0,0.0,False,6,27,,True
15,08:06:15,1383.6,0.59,-0.11,172.0,0.0,False,2,24,,True
