type,from_id,to_id,t_from_s,t_to_s,x,y,z,roll,pitch,yaw,corr_m,corr_deg,flag
2,392,519,405.1,535.3,-0.014,0.004,0.032,1.01,0.01,-178.55,0.209,1.95,
2,658,1187,677.4,1227.0,-0.022,0.005,0.024,-0.94,0.02,0.39,0.156,7.89,
2,659,1188,678.5,1228.1,0.071,-0.016,0.04,0.22,0.06,7.18,0.141,8.52,
2,660,1189,679.5,1229.2,0.067,0.041,0.038,0.23,-0.0,7.67,0.172,8.95,
2,661,1190,680.6,1230.2,0.063,0.095,0.04,0.5,-0.02,7.73,0.174,9.01,
2,670,1196,690.1,1236.5,0.012,0.121,0.038,-0.12,-0.04,-1.28,0.513,8.43,FLAG
2,671,1197,691.2,1237.5,0.004,0.143,0.045,-0.02,0.04,-1.05,0.587,8.69,FLAG
2,673,1199,693.3,1239.6,0.001,0.089,0.041,-0.3,0.02,-1.05,0.657,8.79,FLAG
2,675,1201,695.4,1241.7,0.002,0.105,0.036,-0.18,0.03,-1.15,0.81,8.67,FLAG
2,676,1202,696.4,1242.8,0.005,0.096,0.042,-0.26,0.1,-1.05,0.878,8.78,FLAG
2,676,1414,696.4,1464.9,0.026,-0.21,0.037,0.16,0.04,4.26,0.671,12.88,FLAG
2,677,1203,697.5,1243.8,0.001,0.108,0.036,-0.28,0.06,-0.99,0.948,8.9,FLAG
2,677,1415,697.5,1466.0,0.019,-0.174,0.031,0.14,0.04,4.24,0.765,12.9,FLAG
2,678,1416,698.6,1467.1,0.02,-0.14,0.035,0.13,0.0,4.3,0.856,12.96,FLAG
2,679,1205,699.7,1245.8,-0.016,0.087,0.043,-0.18,0.12,-0.98,1.056,8.91,FLAG
2,679,1417,699.7,1468.1,-0.001,-0.119,0.031,0.04,0.02,4.3,0.929,12.91,FLAG
2,680,1206,700.7,1246.9,-0.028,0.064,0.039,-0.37,0.1,-1.12,1.084,8.93,FLAG
2,680,1418,700.7,1469.2,0.022,-0.083,0.032,0.2,0.02,4.22,1.033,12.8,FLAG
2,681,1419,701.7,1470.3,0.039,-0.071,0.032,0.12,0.05,4.36,1.106,12.99,FLAG
2,682,1420,702.8,1471.3,0.018,-0.027,0.033,0.08,0.02,4.35,1.209,13.06,FLAG
2,683,1421,703.8,1472.4,0.037,-0.027,0.03,0.31,-0.01,4.29,1.273,12.98,FLAG
2,684,1422,704.9,1473.5,0.035,0.033,0.031,0.17,0.03,4.37,1.395,12.95,FLAG
2,686,1213,707.1,1254.2,0.018,0.04,0.035,-0.18,0.07,-1.66,1.572,8.5,FLAG
2,687,1214,708.2,1255.2,0.011,0.036,0.038,-0.54,0.06,-1.28,1.635,9.0,FLAG
2,687,1426,708.2,1477.8,-0.031,0.078,0.03,0.02,0.03,-3.65,1.637,13.34,FLAG
2,688,1215,709.3,1256.2,0.005,0.01,0.032,-0.31,0.05,-1.42,1.68,8.86,FLAG
2,689,1216,710.4,1257.4,0.002,-0.014,0.037,-0.05,-0.04,-0.98,1.738,9.25,FLAG
2,689,1428,710.4,1480.0,-0.04,0.008,0.029,0.12,0.05,-3.75,1.821,13.21,FLAG
2,690,1217,711.5,1258.4,0.013,-0.011,0.029,-0.02,0.04,-1.15,1.813,9.05,FLAG
2,690,1429,711.5,1481.1,-0.043,0.039,0.027,-0.01,0.04,-3.5,1.973,13.49,FLAG
2,692,1219,713.7,1260.5,0.03,-0.024,0.031,-0.03,0.05,-0.77,1.897,9.26,FLAG
2,692,1234,713.7,1276.2,0.008,-0.005,0.032,0.07,-0.03,179.91,1.939,9.06,FLAG
2,693,1452,714.7,1505.9,0.053,0.037,0.034,-0.03,-0.08,-91.17,2.149,13.68,FLAG
2,702,1266,724.2,1310.2,0.03,-0.009,0.022,-0.04,-0.05,3.58,1.875,9.07,FLAG
2,703,1267,725.2,1311.3,0.033,0.044,0.031,-0.11,-0.04,3.32,1.882,8.76,FLAG
2,704,1268,726.2,1312.3,0.05,-0.02,0.032,-0.06,-0.07,3.72,1.877,9.07,FLAG
2,715,1269,738.1,1313.3,0.025,0.03,0.035,-0.11,-0.02,4.43,1.864,9.45,FLAG
2,716,1270,739.1,1314.4,0.061,0.094,0.03,0.12,-0.11,4.23,1.92,9.26,FLAG
2,721,1272,744.7,1316.5,-0.052,0.084,0.035,0.1,-0.08,-2.23,1.821,9.14,FLAG
2,722,1273,745.7,1317.7,-0.051,0.073,0.036,0.04,-0.07,-2.23,1.875,9.17,FLAG
2,723,1274,746.8,1318.7,-0.033,0.052,0.037,-0.11,-0.06,-2.17,1.859,9.2,FLAG
2,742,1276,766.7,1320.8,-0.007,0.011,0.031,0.08,-0.05,-2.19,1.969,8.87,FLAG
2,743,792,767.8,819.1,0.174,0.345,0.044,-0.18,0.1,171.05,0.174,0.88,
2,743,1277,767.8,1321.9,-0.008,0.016,0.035,-0.11,-0.06,-2.17,2.004,8.94,FLAG
2,744,1278,768.9,1323.0,-0.008,-0.02,0.04,0.09,-0.14,-2.19,2.018,8.97,FLAG
2,745,1279,770.0,1324.0,-0.023,-0.051,0.038,0.11,-0.1,-2.05,2.037,9.08,FLAG
2,746,1280,771.0,1325.1,-0.008,-0.025,0.036,-0.07,-0.08,-2.24,2.103,8.82,FLAG
2,747,1281,772.1,1326.1,-0.02,-0.042,0.041,-0.04,-0.13,-2.23,2.107,8.85,FLAG
2,748,1282,773.2,1327.2,-0.034,-0.06,0.042,0.03,-0.13,-2.2,2.139,8.81,FLAG
2,750,1283,775.3,1328.2,-0.011,-0.084,0.036,0.17,-0.11,-2.03,2.191,8.84,FLAG
2,751,1284,776.4,1329.3,0.003,-0.097,0.043,0.15,-0.13,-1.99,2.263,8.87,FLAG
2,752,1306,777.4,1352.8,0.027,0.215,0.047,-0.02,0.08,165.84,2.384,9.73,FLAG
2,788,1315,814.8,1361.3,-0.024,-0.45,0.045,-0.06,0.1,1.38,2.218,8.96,FLAG
2,792,1320,819.1,1366.7,-0.006,-0.135,0.039,0.22,0.05,14.05,2.111,9.25,FLAG
2,793,1321,820.2,1367.8,-0.001,-0.048,0.036,0.13,0.06,14.12,2.057,9.3,FLAG
2,794,1322,821.2,1368.8,0.029,0.08,0.038,0.01,0.12,14.37,1.982,9.52,FLAG
2,841,1362,868.6,1411.1,0.012,-0.337,0.042,0.14,-0.02,-1.52,0.805,9.54,FLAG
2,1331,1445,1378.4,1498.0,-0.277,0.018,0.035,-0.13,-0.18,178.37,0.084,2.61,
2,1331,1446,1378.4,1499.1,-0.007,0.01,0.036,0.06,-0.08,178.38,0.15,2.58,
