t,vx,wz,state,goal
0.075,0.000,0.000,stop,-1
0.127,0.000,0.000,stop,-1
0.175,0.000,0.000,stop,-1
0.225,0.000,0.000,stop,-1
0.275,0.000,0.000,stop,-1
0.325,0.000,0.000,stop,-1
0.378,0.000,0.000,base_link,0
0.427,0.000,0.000,base_link,0
0.478,0.100,0.151,base_link,0
0.527,0.100,0.151,base_link,0
0.578,0.100,0.147,base_link,0
0.627,0.100,0.147,base_link,0
0.680,0.089,0.168,base_link,0
0.728,0.089,0.168,base_link,0
0.778,0.113,0.120,base_link,0
0.827,0.113,0.120,base_link,0
0.877,0.155,0.077,base_link,0
0.927,0.155,0.077,base_link,0
0.977,0.200,0.050,base_link,0
1.028,0.200,0.050,base_link,0
1.077,0.215,0.039,base_link,0
1.128,0.215,0.039,base_link,0
1.178,0.221,0.028,base_link,0
1.227,0.221,0.028,base_link,0
1.277,0.240,0.017,base_link,0
1.327,0.240,0.017,base_link,0
1.377,0.271,0.009,base_link,0
1.427,0.271,0.009,base_link,0
1.477,0.300,0.035,base_link,0
1.528,0.300,0.035,base_link,0
1.577,0.300,0.042,base_link,0
1.627,0.300,0.042,base_link,0
1.677,0.300,0.039,base_link,0
1.727,0.300,0.039,base_link,0
1.777,0.300,0.025,base_link,0
1.828,0.300,0.025,base_link,0
1.877,0.300,0.030,base_link,0
1.928,0.300,0.030,base_link,0
1.977,0.290,0.024,base_link,0
2.028,0.290,0.024,base_link,0
2.077,0.300,0.024,base_link,0
2.127,0.300,0.024,base_link,0
2.178,0.300,0.013,base_link,0
2.227,0.300,0.013,base_link,0
2.278,0.300,0.010,base_link,0
2.327,0.300,0.010,base_link,0
2.377,0.289,0.010,base_link,0
2.427,0.289,0.010,base_link,0
2.477,0.300,0.000,base_link,0
2.527,0.300,0.000,base_link,0
2.578,0.300,-0.006,base_link,0
2.628,0.300,-0.006,base_link,0
2.678,0.300,-0.007,base_link,0
2.727,0.300,-0.007,base_link,0
2.778,0.300,-0.007,base_link,0
2.827,0.300,-0.007,base_link,0
2.878,0.300,-0.007,base_link,0
2.931,0.300,-0.007,base_link,0
2.977,0.300,-0.011,base_link,0
3.027,0.300,-0.011,base_link,0
3.078,0.289,-0.012,base_link,0
3.128,0.289,-0.012,base_link,0
3.177,0.300,-0.012,base_link,0
3.227,0.300,-0.012,base_link,0
3.277,0.300,-0.013,base_link,0
3.327,0.300,-0.013,base_link,0
3.377,0.300,-0.003,base_link,0
3.427,0.300,-0.003,base_link,0
3.477,0.300,0.016,base_link,0
3.527,0.300,0.016,base_link,0
3.577,0.300,0.013,base_link,0
3.627,0.300,0.013,base_link,0
3.677,0.300,0.018,base_link,0
3.727,0.300,0.018,base_link,0
3.778,0.289,0.007,base_link,0
3.827,0.289,0.007,base_link,0
3.877,0.300,-0.012,base_link,0
3.928,0.300,-0.012,base_link,0
3.977,0.300,-0.014,base_link,0
4.028,0.300,-0.014,base_link,0
4.077,0.300,-0.018,base_link,0
4.127,0.300,-0.018,base_link,0
4.177,0.300,-0.022,base_link,0
4.227,0.300,-0.022,base_link,0
4.278,0.300,-0.024,base_link,0
4.327,0.300,-0.024,base_link,0
4.378,0.300,-0.026,base_link,0
4.427,0.300,-0.026,base_link,0
4.477,0.300,-0.034,base_link,0
4.528,0.300,-0.034,base_link,0
4.578,0.300,-0.033,base_link,0
4.627,0.300,-0.033,base_link,0
4.677,0.300,-0.027,base_link,0
4.727,0.300,-0.027,base_link,0
4.778,0.290,-0.026,base_link,0
4.828,0.290,-0.026,base_link,0
4.878,0.300,-0.033,base_link,0
4.927,0.300,-0.033,base_link,0
4.978,0.289,-0.032,base_link,0
5.028,0.289,-0.032,base_link,0
5.078,0.300,-0.035,base_link,0
5.127,0.300,-0.035,base_link,0
5.178,0.300,-0.033,base_link,0
5.227,0.300,-0.033,base_link,0
5.277,0.300,-0.007,base_link,0
5.327,0.300,-0.007,base_link,0
5.378,0.300,0.016,base_link,0
5.427,0.300,0.016,base_link,0
5.477,0.300,0.016,base_link,0
5.528,0.300,0.016,base_link,0
5.577,0.289,0.023,base_link,0
5.627,0.289,0.023,base_link,0
5.677,0.300,0.013,base_link,0
5.727,0.300,0.013,base_link,0
5.778,0.300,0.025,base_link,0
5.827,0.300,0.025,base_link,0
5.878,0.300,0.031,base_link,0
5.927,0.300,0.031,base_link,0
5.977,0.300,0.013,base_link,0
6.027,0.300,0.013,base_link,0
6.077,0.300,0.000,base_link,0
6.127,0.300,0.000,base_link,0
6.180,0.300,-0.000,base_link,0
6.228,0.300,-0.000,base_link,0
6.279,0.300,-0.001,base_link,0
6.327,0.300,-0.001,base_link,0
6.379,0.300,0.000,base_link,0
6.428,0.300,0.000,base_link,0
6.479,0.300,0.000,base_link,0
6.527,0.300,0.000,base_link,0
6.577,0.300,-0.001,base_link,0
6.627,0.300,-0.001,base_link,0
6.678,0.300,-0.002,base_link,0
6.727,0.300,-0.002,base_link,0
6.778,0.300,0.007,base_link,0
6.827,0.300,0.007,base_link,0
6.877,0.300,0.003,base_link,0
6.927,0.300,0.003,base_link,0
6.978,0.300,0.000,base_link,0
7.027,0.300,0.000,base_link,0
7.078,0.300,0.000,base_link,0
7.127,0.300,0.000,base_link,0
7.177,0.300,0.000,base_link,0
7.227,0.300,0.000,base_link,0
7.277,0.300,-0.003,base_link,0
7.327,0.300,-0.003,base_link,0
7.379,0.289,-0.007,base_link,0
7.428,0.289,-0.007,base_link,0
7.477,0.300,-0.012,base_link,0
7.527,0.300,-0.012,base_link,0
7.577,0.300,-0.008,base_link,0
7.629,0.300,-0.008,base_link,0
7.677,0.300,-0.009,base_link,0
7.728,0.300,-0.009,base_link,0
7.778,0.300,-0.013,base_link,0
7.828,0.300,-0.013,base_link,0
7.878,0.300,-0.022,base_link,0
7.927,0.300,-0.022,base_link,0
7.978,0.300,-0.020,base_link,0
8.028,0.300,-0.020,base_link,0
8.078,0.300,-0.019,base_link,0
8.127,0.300,-0.019,base_link,0
8.177,0.300,-0.019,base_link,0
8.227,0.300,-0.019,base_link,0
8.278,0.300,-0.027,base_link,0
8.327,0.300,-0.027,base_link,0
8.379,0.300,-0.016,base_link,0
8.427,0.300,-0.016,base_link,0
8.477,0.300,-0.014,base_link,0
8.528,0.300,-0.014,base_link,0
8.577,0.300,-0.025,base_link,0
8.627,0.300,-0.025,base_link,0
8.677,0.300,0.044,base_link,0
8.727,0.300,0.044,base_link,0
8.778,0.300,0.044,base_link,0
8.828,0.300,0.044,base_link,0
8.878,0.300,0.020,base_link,0
8.934,0.300,0.020,base_link,0
8.978,0.300,0.015,base_link,0
9.028,0.300,0.015,base_link,0
9.077,0.300,0.020,base_link,0
9.128,0.300,0.020,base_link,0
9.177,0.300,0.022,base_link,0
9.228,0.300,0.022,base_link,0
9.277,0.300,0.017,base_link,0
9.327,0.300,0.017,base_link,0
9.377,0.300,0.015,base_link,0
9.427,0.300,0.015,base_link,0
9.477,0.300,0.025,base_link,0
9.527,0.300,0.025,base_link,0
9.577,0.300,0.013,base_link,0
9.627,0.300,0.013,base_link,0
9.677,0.300,0.000,base_link,0
9.727,0.300,0.000,base_link,0
9.777,0.300,0.010,base_link,0
9.827,0.300,0.010,base_link,0
9.877,0.300,0.000,base_link,0
9.927,0.300,0.000,base_link,0
9.977,0.300,0.010,base_link,0
10.027,0.300,0.010,base_link,0
10.077,0.300,0.010,base_link,0
10.127,0.300,0.010,base_link,0
10.177,0.300,0.010,base_link,0
10.227,0.300,0.010,base_link,0
10.277,0.300,0.041,base_link,0
10.327,0.300,0.041,base_link,0
10.377,0.300,-0.015,base_link,0
10.430,0.300,-0.015,base_link,0
10.478,0.300,0.059,base_link,0
10.527,0.300,0.059,base_link,0
10.578,0.300,0.044,base_link,0
10.627,0.300,0.044,base_link,0
10.678,0.300,0.065,base_link,0
10.727,0.300,0.065,base_link,0
10.777,0.300,0.037,base_link,0
10.828,0.300,0.037,base_link,0
10.877,0.300,-0.028,base_link,0
10.928,0.300,-0.028,base_link,0
10.978,0.300,0.018,base_link,0
11.027,0.300,0.018,base_link,0
11.077,0.300,0.016,base_link,0
11.128,0.300,0.016,base_link,0
11.178,0.300,0.020,base_link,0
11.227,0.300,0.020,base_link,0
11.278,0.300,0.016,base_link,0
11.327,0.300,0.016,base_link,0
11.378,0.300,0.009,base_link,0
11.427,0.300,0.009,base_link,0
11.478,0.300,0.000,base_link,0
11.527,0.300,0.000,base_link,0
11.578,0.300,-0.017,base_link,0
11.627,0.300,-0.017,base_link,0
11.678,0.300,-0.015,base_link,0
11.727,0.300,-0.015,base_link,0
11.778,0.300,-0.027,base_link,0
11.827,0.300,-0.027,base_link,0
11.878,0.300,-0.028,base_link,0
11.929,0.300,-0.028,base_link,0
11.978,0.290,-0.027,base_link,0
12.028,0.290,-0.027,base_link,0
12.078,0.300,-0.032,base_link,0
12.127,0.300,-0.032,base_link,0
12.177,0.300,-0.033,base_link,0
12.228,0.300,-0.033,base_link,0
12.278,0.300,-0.016,base_link,0
12.327,0.300,-0.016,base_link,0
12.377,0.300,-0.011,base_link,0
12.427,0.300,-0.011,base_link,0
12.478,0.300,-0.013,base_link,0
12.527,0.300,-0.013,base_link,0
12.577,0.300,-0.002,base_link,0
12.627,0.300,-0.002,base_link,0
12.678,0.300,-0.036,base_link,0
12.727,0.300,-0.036,base_link,0
12.777,0.300,-0.036,base_link,0
12.828,0.300,-0.036,base_link,0
12.877,0.300,-0.033,base_link,0
12.927,0.300,-0.033,base_link,0
12.977,0.300,-0.014,base_link,0
13.027,0.300,-0.014,base_link,0
13.078,0.300,-0.010,base_link,0
13.131,0.300,-0.010,base_link,0
13.177,0.300,-0.038,base_link,0
13.227,0.300,-0.038,base_link,0
13.277,0.300,-0.041,base_link,0
13.327,0.300,-0.041,base_link,0
13.377,0.300,-0.040,base_link,0
13.428,0.300,-0.040,base_link,0
13.477,0.290,0.000,base_link,0
13.527,0.290,0.000,base_link,0
13.577,0.300,-0.002,base_link,0
13.627,0.300,-0.002,base_link,0
13.677,0.300,-0.002,base_link,0
13.728,0.300,-0.002,base_link,0
13.777,0.300,0.000,base_link,0
13.827,0.300,0.000,base_link,0
13.877,0.300,0.000,base_link,0
13.927,0.300,0.000,base_link,0
13.977,0.300,-0.001,base_link,0
14.027,0.300,-0.001,base_link,0
14.077,0.300,-0.002,base_link,0
14.127,0.300,-0.002,base_link,0
14.177,0.300,-0.004,base_link,0
14.228,0.300,-0.004,base_link,0
14.277,0.300,-0.004,base_link,0
14.329,0.300,-0.004,base_link,0
14.377,0.300,-0.006,base_link,0
14.428,0.300,-0.006,base_link,0
14.477,0.289,-0.008,base_link,0
14.527,0.289,-0.008,base_link,0
14.577,0.300,0.016,base_link,0
14.628,0.300,0.016,base_link,0
14.677,0.300,0.021,base_link,0
14.727,0.300,0.021,base_link,0
14.777,0.300,0.006,base_link,0
14.827,0.300,0.006,base_link,0
14.877,0.300,0.005,base_link,0
14.927,0.300,0.005,base_link,0
14.977,0.300,-0.000,base_link,0
15.027,0.300,-0.000,base_link,0
15.077,0.300,0.000,base_link,0
15.127,0.300,0.000,base_link,0
15.177,0.300,0.000,base_link,0
15.227,0.300,0.000,base_link,0
15.277,0.300,-0.003,base_link,0
15.327,0.300,-0.003,base_link,0
15.378,0.300,-0.012,base_link,0
15.432,0.300,-0.012,base_link,0
15.477,0.300,-0.016,base_link,0
15.527,0.300,-0.016,base_link,0
15.578,0.300,-0.011,base_link,0
15.627,0.300,-0.011,base_link,0
15.677,0.300,-0.026,base_link,0
15.728,0.300,-0.026,base_link,0
15.777,0.300,-0.026,base_link,0
15.827,0.300,-0.026,base_link,0
15.878,0.300,-0.023,base_link,0
15.928,0.300,-0.023,base_link,0
15.977,0.300,-0.020,base_link,0
16.027,0.300,-0.020,base_link,0
16.077,0.300,-0.018,base_link,0
16.127,0.300,-0.018,base_link,0
16.178,0.300,-0.019,base_link,0
16.227,0.300,-0.019,base_link,0
16.277,0.300,-0.023,base_link,0
16.327,0.300,-0.023,base_link,0
16.377,0.300,-0.027,base_link,0
16.427,0.300,-0.027,base_link,0
16.477,0.300,-0.027,base_link,0
16.527,0.300,-0.027,base_link,0
16.579,0.300,-0.018,base_link,0
16.628,0.300,-0.018,base_link,0
16.678,0.300,-0.013,base_link,0
16.727,0.300,-0.013,base_link,0
16.777,0.300,-0.019,base_link,0
16.827,0.300,-0.019,base_link,0
16.877,0.300,-0.024,base_link,0
16.927,0.300,-0.024,base_link,0
16.978,0.300,-0.023,base_link,0
17.027,0.300,-0.023,base_link,0
17.077,0.300,0.025,base_link,0
17.127,0.300,0.025,base_link,0
17.178,0.300,0.021,base_link,0
17.228,0.300,0.021,base_link,0
17.278,0.300,0.027,base_link,0
17.329,0.300,0.027,base_link,0
17.377,0.300,0.027,base_link,0
17.427,0.300,0.027,base_link,0
17.478,0.300,0.018,base_link,0
17.528,0.300,0.018,base_link,0
17.578,0.300,0.016,base_link,0
17.627,0.300,0.016,base_link,0
17.678,0.300,0.025,base_link,0
17.727,0.300,0.025,base_link,0
17.777,0.300,0.023,base_link,0
17.828,0.300,0.023,base_link,0
17.878,0.300,0.016,base_link,0
17.927,0.300,0.016,base_link,0
17.978,0.300,0.011,base_link,0
18.028,0.300,0.011,base_link,0
18.078,0.300,0.006,base_link,0
18.127,0.300,0.006,base_link,0
18.178,0.300,0.044,base_link,0
18.227,0.300,0.044,base_link,0
18.277,0.300,0.040,base_link,0
18.327,0.300,0.040,base_link,0
18.377,0.300,0.024,base_link,0
18.427,0.300,0.024,base_link,0
18.478,0.300,0.000,base_link,0
18.528,0.300,0.000,base_link,0
18.581,0.300,-0.000,base_link,0
18.630,0.300,-0.000,base_link,0
18.678,0.300,0.010,base_link,0
18.727,0.300,0.010,base_link,0
18.779,0.300,-0.001,base_link,0
18.827,0.300,-0.001,base_link,0
18.877,0.290,0.000,base_link,0
18.927,0.290,0.000,base_link,0
18.978,0.300,-0.007,base_link,0
19.027,0.300,-0.007,base_link,0
19.078,0.300,-0.005,base_link,0
19.128,0.300,-0.005,base_link,0
19.177,0.300,-0.005,base_link,0
19.227,0.300,-0.005,base_link,0
19.277,0.300,-0.008,base_link,0
19.327,0.300,-0.008,base_link,0
19.377,0.300,-0.016,base_link,0
19.428,0.300,-0.016,base_link,0
19.477,0.300,-0.025,base_link,0
19.527,0.300,-0.025,base_link,0
19.578,0.300,-0.024,base_link,0
19.628,0.300,-0.024,base_link,0
19.678,0.300,-0.016,base_link,0
19.727,0.300,-0.016,base_link,0
19.779,0.300,-0.019,base_link,0
19.829,0.300,-0.019,base_link,0
19.879,0.300,-0.023,base_link,0
19.927,0.300,-0.023,base_link,0
19.977,0.300,-0.023,base_link,0
20.028,0.300,-0.023,base_link,0
20.077,0.300,-0.029,base_link,0
20.127,0.300,-0.029,base_link,0
20.177,0.300,-0.026,base_link,0
20.228,0.300,-0.026,base_link,0
20.277,0.300,0.006,base_link,0
20.328,0.300,0.006,base_link,0
20.377,0.300,0.013,base_link,0
20.427,0.300,0.013,base_link,0
20.478,0.291,0.036,base_link,0
20.527,0.291,0.036,base_link,0
20.578,0.300,0.024,base_link,0
20.628,0.300,0.024,base_link,0
20.677,0.300,0.020,base_link,0
20.727,0.300,0.020,base_link,0
20.778,0.300,0.012,base_link,0
20.827,0.300,0.012,base_link,0
20.877,0.300,0.019,base_link,0
20.927,0.300,0.019,base_link,0
20.977,0.289,0.019,base_link,0
21.028,0.289,0.019,base_link,0
21.078,0.289,0.012,base_link,0
21.127,0.289,0.012,base_link,0
21.177,0.300,0.008,base_link,0
21.227,0.300,0.008,base_link,0
21.279,0.300,0.000,base_link,0
21.331,0.300,0.000,base_link,0
21.462,0.300,0.000,base_link,0
21.467,0.300,0.000,base_link,0
21.478,0.300,0.000,base_link,0
21.528,0.300,0.000,base_link,0
21.577,0.300,-0.001,base_link,0
21.627,0.300,-0.001,base_link,0
21.678,0.300,0.000,base_link,0
21.727,0.300,0.000,base_link,0
21.777,0.300,0.008,base_link,0
21.828,0.300,0.008,base_link,0
21.877,0.300,0.023,base_link,0
21.928,0.300,0.023,base_link,0
21.978,0.300,0.020,base_link,0
22.027,0.300,0.020,base_link,0
22.078,0.300,0.020,base_link,0
22.128,0.300,0.020,base_link,0
22.178,0.300,0.018,base_link,0
22.228,0.300,0.018,base_link,0
22.278,0.300,0.012,base_link,0
22.327,0.300,0.012,base_link,0
22.377,0.300,0.009,base_link,0
22.427,0.300,0.009,base_link,0
22.478,0.300,0.009,base_link,0
22.527,0.300,0.009,base_link,0
22.577,0.300,0.037,base_link,0
22.628,0.300,0.037,base_link,0
22.678,0.300,0.000,base_link,0
22.727,0.300,0.000,base_link,0
22.778,0.300,0.000,base_link,0
22.828,0.300,0.000,base_link,0
22.877,0.300,0.024,base_link,0
22.927,0.300,0.024,base_link,0
22.978,0.300,0.024,base_link,0
23.027,0.300,0.024,base_link,0
23.077,0.300,0.000,base_link,0
23.127,0.300,0.000,base_link,0
23.178,0.300,-0.000,base_link,0
23.227,0.300,-0.000,base_link,0
23.278,0.290,-0.004,base_link,0
23.329,0.290,-0.004,base_link,0
23.378,0.300,-0.006,base_link,0
23.427,0.300,-0.006,base_link,0
23.479,0.300,-0.010,base_link,0
23.528,0.300,-0.010,base_link,0
23.578,0.300,-0.006,base_link,0
23.627,0.300,-0.006,base_link,0
23.678,0.300,-0.009,base_link,0
23.727,0.300,-0.009,base_link,0
23.777,0.300,-0.018,base_link,0
23.830,0.300,-0.018,base_link,0
23.877,0.300,-0.009,base_link,0
23.928,0.300,-0.009,base_link,0
23.978,0.300,-0.017,base_link,0
24.027,0.300,-0.017,base_link,0
24.077,0.300,-0.010,base_link,0
24.127,0.300,-0.010,base_link,0
24.178,0.300,-0.017,base_link,0
24.227,0.300,-0.017,base_link,0
24.277,0.300,-0.015,base_link,0
24.328,0.300,-0.015,base_link,0
24.377,0.300,-0.007,base_link,0
24.427,0.300,-0.007,base_link,0
24.478,0.300,-0.068,base_link,0
24.527,0.300,-0.068,base_link,0
24.577,0.300,-0.026,base_link,0
24.627,0.300,-0.026,base_link,0
24.678,0.300,-0.031,base_link,0
24.727,0.300,-0.031,base_link,0
24.777,0.300,-0.032,base_link,0
24.829,0.300,-0.032,base_link,0
24.878,0.290,-0.029,base_link,0
24.928,0.290,-0.029,base_link,0
24.977,0.300,0.026,base_link,0
25.028,0.300,0.026,base_link,0
25.077,0.300,0.020,base_link,0
25.127,0.300,0.020,base_link,0
25.178,0.300,0.012,base_link,0
25.228,0.300,0.012,base_link,0
25.277,0.300,0.019,base_link,0
25.327,0.300,0.019,base_link,0
25.377,0.300,0.010,base_link,0
25.427,0.300,0.010,base_link,0
25.478,0.300,0.016,base_link,0
25.527,0.300,0.016,base_link,0
25.577,0.288,0.008,base_link,0
25.627,0.288,0.008,base_link,0
25.677,0.300,0.012,base_link,0
25.727,0.300,0.012,base_link,0
25.777,0.300,0.000,base_link,0
25.828,0.300,0.000,base_link,0
25.877,0.300,0.000,base_link,0
25.928,0.300,0.000,base_link,0
25.982,0.300,0.000,base_link,0
26.028,0.300,0.000,base_link,0
26.078,0.300,-0.001,base_link,0
26.127,0.300,-0.001,base_link,0
26.177,0.300,0.040,base_link,0
26.227,0.300,0.040,base_link,0
26.277,0.300,0.035,base_link,0
26.327,0.300,0.035,base_link,0
26.377,0.300,0.037,base_link,0
26.428,0.300,0.037,base_link,0
26.478,0.300,0.038,base_link,0
26.527,0.300,0.038,base_link,0
26.578,0.300,0.031,base_link,0
26.627,0.300,0.031,base_link,0
26.678,0.300,0.020,base_link,0
26.728,0.300,0.020,base_link,0
26.777,0.290,0.025,base_link,0
26.827,0.290,0.025,base_link,0
26.877,0.300,0.058,base_link,0
26.928,0.300,0.058,base_link,0
26.978,0.300,0.059,base_link,0
27.027,0.300,0.059,base_link,0
27.077,0.300,0.047,base_link,0
27.127,0.300,0.047,base_link,0
27.182,0.300,0.058,base_link,0
27.227,0.300,0.058,base_link,0
27.277,0.300,0.043,base_link,0
27.328,0.300,0.043,base_link,0
27.378,0.300,0.030,base_link,0
27.427,0.300,0.030,base_link,0
27.477,0.300,0.070,base_link,0
27.527,0.300,0.070,base_link,0
27.580,0.300,0.069,base_link,0
27.627,0.300,0.069,base_link,0
27.679,0.300,0.097,base_link,0
27.728,0.300,0.097,base_link,0
27.777,0.300,0.100,base_link,0
27.828,0.300,0.100,base_link,0
27.878,0.289,0.096,base_link,0
27.927,0.289,0.096,base_link,0
27.977,0.300,0.078,base_link,0
28.027,0.300,0.078,base_link,0
28.077,0.288,0.074,base_link,0
28.127,0.288,0.074,base_link,0
28.177,0.300,0.054,base_link,0
28.227,0.300,0.054,base_link,0
28.278,0.300,0.083,base_link,0
28.327,0.300,0.083,base_link,0
28.379,0.300,0.065,base_link,0
28.427,0.300,0.065,base_link,0
28.478,0.300,0.020,base_link,0
28.528,0.300,0.020,base_link,0
28.579,0.300,0.008,base_link,0
28.627,0.300,0.008,base_link,0
28.677,0.300,0.013,base_link,0
28.727,0.300,0.013,base_link,0
28.778,0.300,0.000,base_link,0
28.827,0.300,0.000,base_link,0
28.878,0.300,-0.003,base_link,0
28.927,0.300,-0.003,base_link,0
28.978,0.300,0.019,base_link,0
29.028,0.300,0.019,base_link,0
29.077,0.300,0.048,base_link,0
29.127,0.300,0.048,base_link,0
29.178,0.280,0.049,base_link,0
29.227,0.280,0.049,base_link,0
29.278,0.300,0.000,base_link,0
29.329,0.300,0.000,base_link,0
29.377,0.276,0.000,base_link,0
29.427,0.276,0.000,base_link,0
29.477,0.287,-0.013,base_link,0
29.528,0.287,-0.013,base_link,0
29.578,0.300,-0.014,base_link,0
29.627,0.300,-0.014,base_link,0
29.677,0.288,-0.022,base_link,0
29.727,0.288,-0.022,base_link,0
29.777,0.300,-0.021,base_link,0
29.827,0.300,-0.021,base_link,0
29.878,0.287,-0.033,base_link,0
29.929,0.287,-0.033,base_link,0
29.977,0.273,-0.034,base_link,0
30.028,0.273,-0.034,base_link,0
30.077,0.287,-0.031,base_link,0
30.128,0.287,-0.031,base_link,0
30.178,0.263,-0.033,base_link,0
30.228,0.263,-0.033,base_link,0
30.277,0.258,-0.019,base_link,0
30.327,0.258,-0.019,base_link,0
30.377,0.249,-0.031,base_link,0
30.427,0.249,-0.031,base_link,0
30.478,0.228,-0.027,base_link,0
30.528,0.228,-0.027,base_link,0
30.577,0.219,-0.022,base_link,0
30.627,0.219,-0.022,base_link,0
30.678,0.213,-0.012,base_link,0
30.727,0.213,-0.012,base_link,0
30.777,0.189,-0.020,base_link,0
30.828,0.189,-0.020,base_link,0
30.878,0.159,-0.022,base_link,0
30.927,0.159,-0.022,base_link,0
30.978,0.169,-0.023,base_link,0
31.027,0.169,-0.023,base_link,0
31.077,0.168,-0.015,base_link,0
31.127,0.168,-0.015,base_link,0
31.177,0.098,-0.010,base_link,0
31.228,0.098,-0.010,base_link,0
31.277,0.071,0.029,base_link,0
31.327,0.071,0.029,base_link,0
31.377,0.147,-0.005,base_link,0
31.431,0.147,-0.005,base_link,0
31.480,0.155,-0.024,base_link,0
31.529,0.155,-0.024,base_link,0
31.578,0.149,-0.030,base_link,0
31.627,0.149,-0.030,base_link,0
31.677,0.167,0.070,base_link,0
31.728,0.167,0.070,base_link,0
31.777,0.153,0.076,base_link,0
31.828,0.153,0.076,base_link,0
31.878,0.145,0.083,base_link,0
31.928,0.145,0.083,base_link,0
31.977,0.151,0.069,base_link,0
32.029,0.151,0.069,base_link,0
32.077,0.134,0.080,base_link,0
32.127,0.134,0.080,base_link,0
32.178,0.059,0.000,base_link,0
32.231,0.059,0.000,base_link,0
32.278,0.052,0.000,base_link,0
32.327,0.052,0.000,base_link,0
32.378,0.040,0.000,base_link,0
32.428,0.040,0.000,base_link,0
32.477,0.020,-0.000,base_link,0
32.527,0.020,-0.000,base_link,0
32.578,0.000,-0.300,base_link,0
32.627,0.000,-0.300,base_link,0
32.678,0.000,-0.300,base_link,0
32.728,0.000,-0.300,base_link,0
32.778,0.000,-0.300,base_link,0
32.827,0.000,-0.300,base_link,0
32.878,0.000,-0.303,base_link,0
32.927,0.000,-0.303,base_link,0
32.978,0.000,-0.400,base_link,0
33.027,0.000,-0.400,base_link,0
33.078,0.000,-0.400,base_link,0
33.128,0.000,-0.400,base_link,0
33.178,0.000,-0.400,base_link,0
33.227,0.000,-0.400,base_link,0
33.277,0.000,-0.400,base_link,0
33.327,0.000,-0.400,base_link,0
33.377,0.000,-0.400,base_link,0
33.430,0.000,-0.400,base_link,0
33.477,0.000,-0.400,base_link,0
33.527,0.000,-0.400,base_link,0
33.578,0.000,-0.400,base_link,0
33.628,0.000,-0.400,base_link,0
33.677,0.000,-0.400,base_link,0
33.727,0.000,-0.400,base_link,0
33.778,0.000,-0.400,base_link,0
33.828,0.000,-0.400,base_link,0
33.878,0.000,-0.400,base_link,0
33.927,0.000,-0.400,base_link,0
33.980,0.000,-0.400,base_link,0
34.027,0.000,-0.400,base_link,0
34.077,0.000,-0.400,base_link,0
34.127,0.000,-0.400,base_link,0
34.178,0.000,-0.400,base_link,0
34.227,0.000,-0.400,base_link,0
34.278,0.000,-0.400,base_link,0
34.327,0.000,-0.400,base_link,0
34.380,0.000,-0.400,base_link,0
34.428,0.000,-0.400,base_link,0
34.477,0.000,-0.400,base_link,0
34.530,0.000,-0.400,base_link,0
34.577,0.000,-0.400,base_link,0
34.627,0.000,-0.400,base_link,0
34.677,0.000,-0.400,base_link,0
34.727,0.000,-0.400,base_link,0
34.777,0.000,-0.300,base_link,0
34.828,0.000,-0.300,base_link,0
34.877,0.000,-0.300,base_link,0
34.929,0.000,-0.300,base_link,0
34.978,0.000,-0.300,base_link,0
35.027,0.000,-0.300,base_link,0
35.077,0.000,-0.400,base_link,0
35.127,0.000,-0.400,base_link,0
35.178,0.000,-0.400,base_link,0
35.228,0.000,-0.400,base_link,0
35.277,0.000,-0.400,base_link,0
35.328,0.000,-0.400,base_link,0
35.378,0.000,-0.400,base_link,0
35.427,0.000,-0.400,base_link,0
35.478,0.000,-0.400,base_link,0
35.528,0.000,-0.400,base_link,0
35.579,0.000,-0.400,base_link,0
35.628,0.000,-0.400,base_link,0
35.678,0.000,-0.400,base_link,0
35.727,0.000,-0.400,base_link,0
35.778,0.000,-0.400,base_link,0
35.827,0.000,-0.400,base_link,0
35.878,0.000,-0.400,base_link,0
35.928,0.000,-0.400,base_link,0
35.978,0.000,-0.400,base_link,0
36.028,0.000,-0.400,base_link,0
36.077,0.000,-0.400,base_link,0
36.127,0.000,-0.400,base_link,0
36.178,0.000,-0.400,base_link,0
36.228,0.000,-0.400,base_link,0
36.278,0.000,-0.400,base_link,0
36.327,0.000,-0.400,base_link,0
36.377,0.000,-0.400,base_link,0
36.427,0.000,-0.400,base_link,0
36.478,0.000,-0.400,base_link,0
36.529,0.000,-0.400,base_link,0
36.579,0.000,-0.397,base_link,0
36.627,0.000,-0.397,base_link,0
36.677,0.000,-0.357,base_link,0
36.727,0.000,-0.357,base_link,0
36.777,0.000,-0.329,base_link,0
36.828,0.000,-0.329,base_link,0
36.878,0.000,0.000,base_link,0
36.928,0.000,0.000,base_link,0
36.978,0.000,0.000,base_link,0
37.030,0.000,0.000,base_link,0
37.080,0.000,0.000,base_link,0
37.128,0.000,0.000,base_link,0
37.178,0.000,0.000,base_link,0
37.227,0.000,0.000,base_link,0
37.279,0.000,0.000,base_link,0
37.328,0.000,0.000,base_link,0
37.378,0.000,0.000,base_link,0
37.427,0.000,0.000,base_link,0
37.475,0.000,0.000,stop,0
37.525,0.000,0.000,stop,0
37.575,0.000,0.000,stop,0
37.625,0.000,0.000,stop,0
37.675,0.000,0.000,stop,0
37.725,0.000,0.000,stop,0
37.775,0.000,0.000,stop,0
37.825,0.000,0.000,stop,0
37.875,0.000,0.000,stop,0
37.925,0.000,0.000,stop,0
37.975,0.000,0.000,stop,0
38.025,0.000,0.000,stop,0
38.075,0.000,0.000,stop,0
38.125,0.000,0.000,stop,0
38.175,0.000,0.000,stop,0
38.225,0.000,0.000,stop,0
38.275,0.000,0.000,stop,0
38.325,0.000,0.000,stop,0
38.375,0.000,0.000,stop,0
38.425,0.000,0.000,stop,0
38.475,0.000,0.000,stop,0
38.525,0.000,0.000,stop,0
38.575,0.000,0.000,stop,0
38.625,0.000,0.000,stop,0
38.675,0.000,0.000,stop,0
38.725,0.000,0.000,stop,0
38.775,0.000,0.000,stop,0
38.825,0.000,0.000,stop,0
38.875,0.000,0.000,stop,0
38.925,0.000,0.000,stop,0
38.975,0.000,0.000,stop,0
39.025,0.000,0.000,stop,0
39.075,0.000,0.000,stop,0
39.125,0.000,0.000,stop,0
39.175,0.000,0.000,stop,0
39.225,0.000,0.000,stop,0
39.275,0.000,0.000,stop,0
39.325,0.000,0.000,stop,0
39.375,0.000,0.000,stop,0
39.425,0.000,0.000,stop,0
39.475,0.000,0.000,stop,0
39.525,0.000,0.000,stop,0
39.575,0.000,0.000,stop,0
39.625,0.000,0.000,stop,0
39.675,0.000,0.000,stop,0
39.725,0.000,0.000,stop,0
39.775,0.000,0.000,stop,0
39.825,0.000,0.000,stop,0
39.875,0.000,0.000,stop,0
39.925,0.000,0.000,stop,0
39.975,0.000,0.000,stop,0
40.025,0.000,0.000,stop,0
40.075,0.000,0.000,stop,0
40.125,0.000,0.000,stop,0
40.175,0.000,0.000,stop,0
40.225,0.000,0.000,stop,0
40.275,0.000,0.000,stop,0
40.325,0.000,0.000,stop,0
40.375,0.000,0.000,stop,0
40.425,0.000,0.000,stop,0
40.475,0.000,0.000,stop,0
40.525,0.000,0.000,stop,0
40.575,0.000,0.000,stop,0
40.625,0.000,0.000,stop,0
40.675,0.000,0.000,stop,0
40.725,0.000,0.000,stop,0
40.775,0.000,0.000,stop,0
40.825,0.000,0.000,stop,0
40.875,0.000,0.000,stop,0
40.925,0.000,0.000,stop,0
40.975,0.000,0.000,stop,0
41.025,0.000,0.000,stop,0
41.075,0.000,0.000,stop,0
41.125,0.000,0.000,stop,0
41.175,0.000,0.000,stop,0
41.225,0.000,0.000,stop,0
41.275,0.000,0.000,stop,0
41.325,0.000,0.000,stop,0
41.375,0.000,0.000,stop,0
41.425,0.000,0.000,stop,0
41.475,0.000,0.000,stop,0
41.525,0.000,0.000,stop,0
41.575,0.000,0.000,stop,0
41.625,0.000,0.000,stop,0
41.675,0.000,0.000,stop,0
41.725,0.000,0.000,stop,0
41.775,0.000,0.000,stop,0
41.825,0.000,0.000,stop,0
41.875,0.000,0.000,stop,0
41.925,0.000,0.000,stop,0
41.975,0.000,0.000,stop,0
42.025,0.000,0.000,stop,0
42.075,0.000,0.000,stop,0
42.125,0.000,0.000,stop,0
42.175,0.000,0.000,stop,0
42.225,0.000,0.000,stop,0
42.275,0.000,0.000,stop,0
42.325,0.000,0.000,stop,0
42.375,0.000,0.000,stop,0
42.425,0.000,0.000,stop,0
42.475,0.000,0.000,stop,0
42.525,0.000,0.000,stop,0
42.576,0.000,0.000,stop,0
42.625,0.000,0.000,stop,0
42.675,0.000,0.000,stop,0
42.725,0.000,0.000,stop,0
42.775,0.000,0.000,stop,0
42.825,0.000,0.000,stop,0
42.875,0.000,0.000,stop,0
42.925,0.000,0.000,stop,0
42.975,0.000,0.000,stop,0
43.025,0.000,0.000,stop,0
43.075,0.000,0.000,stop,0
43.125,0.000,0.000,stop,0
43.175,0.000,0.000,stop,0
43.225,0.000,0.000,stop,0
43.275,0.000,0.000,stop,0
43.325,0.000,0.000,stop,0
43.375,0.000,0.000,stop,0
43.425,0.000,0.000,stop,0
43.475,0.000,0.000,stop,0
43.525,0.000,0.000,stop,0
43.575,0.000,0.000,stop,0
43.625,0.000,0.000,stop,0
43.675,0.000,0.000,stop,0
43.725,0.000,0.000,stop,0
43.775,0.000,0.000,stop,0
43.825,0.000,0.000,stop,0
43.875,0.000,0.000,stop,0
43.925,0.000,0.000,stop,0
43.975,0.000,0.000,stop,0
44.025,0.000,0.000,stop,0
44.075,0.000,0.000,stop,0
44.125,0.000,0.000,stop,0
44.175,0.000,0.000,stop,0
44.225,0.000,0.000,stop,0
44.275,0.000,0.000,stop,0
44.325,0.000,0.000,stop,0
44.375,0.000,0.000,stop,0
44.425,0.000,0.000,stop,0
44.475,0.000,0.000,stop,0
44.525,0.000,0.000,stop,0
44.576,0.000,0.000,stop,0
44.625,0.000,0.000,stop,0
44.675,0.000,0.000,stop,0
44.725,0.000,0.000,stop,0
44.775,0.000,0.000,stop,0
44.825,0.000,0.000,stop,0
44.875,0.000,0.000,stop,0
44.925,0.000,0.000,stop,0
44.975,0.000,0.000,stop,0
45.025,0.000,0.000,stop,0
45.075,0.000,0.000,stop,0
45.125,0.000,0.000,stop,0
45.175,0.000,0.000,stop,0
45.225,0.000,0.000,stop,0
45.275,0.000,0.000,stop,0
45.325,0.000,0.000,stop,0
45.375,0.000,0.000,stop,0
45.425,0.000,0.000,stop,0
45.475,0.000,0.000,stop,0
45.525,0.000,0.000,stop,0
45.575,0.000,0.000,stop,0
45.625,0.000,0.000,stop,0
45.675,0.000,0.000,stop,0
45.725,0.000,0.000,stop,0
45.775,0.000,0.000,stop,0
45.825,0.000,0.000,stop,0
45.875,0.000,0.000,stop,0
45.925,0.000,0.000,stop,0
45.975,0.000,0.000,stop,0
46.025,0.000,0.000,stop,0
46.075,0.000,0.000,stop,0
46.125,0.000,0.000,stop,0
46.175,0.000,0.000,stop,0
46.225,0.000,0.000,stop,0
46.275,0.000,0.000,stop,0
46.325,0.000,0.000,stop,0
46.375,0.000,0.000,stop,0
46.425,0.000,0.000,stop,0
46.475,0.000,0.000,stop,0
46.525,0.000,0.000,stop,0
46.575,0.000,0.000,stop,0
46.625,0.000,0.000,stop,0
46.675,0.000,0.000,stop,0
46.725,0.000,0.000,stop,0
46.775,0.000,0.000,stop,0
46.825,0.000,0.000,stop,0
46.875,0.000,0.000,stop,0
46.925,0.000,0.000,stop,0
46.975,0.000,0.000,stop,0
47.025,0.000,0.000,stop,0
47.075,0.000,0.000,stop,0
47.125,0.000,0.000,stop,0
47.175,0.000,0.000,stop,0
47.228,0.000,0.000,base_link,1
47.277,0.000,0.000,base_link,1
47.327,0.055,0.120,base_link,1
47.377,0.055,0.120,base_link,1
47.427,0.056,0.120,base_link,1
47.478,0.056,0.120,base_link,1
47.527,0.055,0.119,base_link,1
47.578,0.055,0.119,base_link,1
47.627,0.060,0.185,base_link,1
47.677,0.060,0.185,base_link,1
47.727,0.069,0.177,base_link,1
47.777,0.069,0.177,base_link,1
47.827,0.112,0.155,base_link,1
47.877,0.112,0.155,base_link,1
47.927,0.056,0.183,base_link,1
47.977,0.056,0.183,base_link,1
48.028,0.020,0.300,base_link,1
48.079,0.020,0.300,base_link,1
48.127,0.055,0.317,base_link,1
48.178,0.055,0.317,base_link,1
48.227,0.102,0.309,base_link,1
48.279,0.102,0.309,base_link,1
48.327,0.167,0.400,base_link,1
48.377,0.167,0.400,base_link,1
48.427,0.138,0.375,base_link,1
48.477,0.138,0.375,base_link,1
48.527,0.121,0.378,base_link,1
48.577,0.121,0.378,base_link,1
48.627,0.161,0.357,base_link,1
48.681,0.161,0.357,base_link,1
48.727,0.140,0.400,base_link,1
48.777,0.140,0.400,base_link,1
48.828,0.126,0.400,base_link,1
48.878,0.126,0.400,base_link,1
48.928,0.135,0.371,base_link,1
48.977,0.135,0.371,base_link,1
49.027,0.143,0.384,base_link,1
49.078,0.143,0.384,base_link,1
49.127,0.135,0.391,base_link,1
49.178,0.135,0.391,base_link,1
49.227,0.139,0.382,base_link,1
49.279,0.139,0.382,base_link,1
49.329,0.175,0.400,base_link,1
49.379,0.175,0.400,base_link,1
49.427,0.183,0.384,base_link,1
49.480,0.183,0.384,base_link,1
49.529,0.193,0.374,base_link,1
49.582,0.193,0.374,base_link,1
49.630,0.207,0.400,base_link,1
49.679,0.207,0.400,base_link,1
49.727,0.207,0.400,base_link,1
49.778,0.198,0.400,base_link,1
49.827,0.198,0.400,base_link,1
49.878,0.198,0.400,base_link,1
49.927,0.195,0.400,base_link,1
49.978,0.195,0.400,base_link,1
50.027,0.195,0.388,base_link,1
50.077,0.195,0.388,base_link,1
50.128,0.195,0.379,base_link,1
50.178,0.184,0.379,base_link,1
50.227,0.184,0.400,base_link,1
50.277,0.164,0.400,base_link,1
50.327,0.164,0.338,base_link,1
50.377,0.164,0.338,base_link,1
50.427,0.148,0.294,base_link,1
50.478,0.148,0.294,base_link,1
50.527,0.148,0.284,base_link,1
50.577,0.142,0.284,base_link,1
50.627,0.142,0.243,base_link,1
50.677,0.168,0.243,base_link,1
50.727,0.168,0.212,base_link,1
50.777,0.168,0.212,base_link,1
50.827,0.168,0.194,base_link,1
50.877,0.168,0.194,base_link,1
50.927,0.168,0.150,base_link,1
50.977,0.168,0.150,base_link,1
51.027,0.168,0.101,base_link,1
51.078,0.168,0.101,base_link,1
51.127,0.168,0.106,base_link,1
51.178,0.168,0.106,base_link,1
51.229,0.168,0.079,base_link,1
51.278,0.168,0.079,base_link,1
51.327,0.168,0.052,base_link,1
51.379,0.168,0.052,base_link,1
51.429,0.173,0.045,base_link,1
51.478,0.173,0.045,base_link,1
51.528,0.184,0.042,base_link,1
51.578,0.173,0.042,base_link,1
51.627,0.173,0.069,base_link,1
51.677,0.184,0.069,base_link,1
51.727,0.184,-0.015,base_link,1
51.777,0.184,-0.015,base_link,1
51.828,0.184,-0.046,base_link,1
51.877,0.184,-0.046,base_link,1
51.927,0.184,-0.058,base_link,1
51.977,0.195,-0.058,base_link,1
52.027,0.195,-0.063,base_link,1
52.077,0.184,-0.063,base_link,1
52.127,0.184,-0.100,base_link,1
52.177,0.184,-0.100,base_link,1
52.227,0.184,-0.097,base_link,1
52.277,0.184,-0.097,base_link,1
52.327,0.184,-0.092,base_link,1
52.377,0.184,-0.092,base_link,1
52.428,0.184,-0.134,base_link,1
52.477,0.184,-0.134,base_link,1
52.528,0.173,-0.152,base_link,1
52.578,0.184,-0.152,base_link,1
52.628,0.184,-0.153,base_link,1
52.677,0.184,-0.153,base_link,1
52.727,0.173,-0.131,base_link,1
52.778,0.168,-0.131,base_link,1
52.827,0.168,-0.148,base_link,1
52.878,0.168,-0.148,base_link,1
52.928,0.173,-0.149,base_link,1
52.978,0.173,-0.149,base_link,1
53.027,0.168,-0.086,base_link,1
53.077,0.168,-0.086,base_link,1
53.127,0.168,-0.058,base_link,1
53.180,0.168,-0.058,base_link,1
53.228,0.168,-0.196,base_link,1
53.278,0.168,-0.196,base_link,1
53.327,0.168,-0.078,base_link,1
53.378,0.168,-0.078,base_link,1
53.431,0.168,-0.118,base_link,1
53.479,0.168,-0.118,base_link,1
53.529,0.134,0.070,base_link,1
53.583,0.134,0.070,base_link,1
53.627,0.090,0.122,base_link,1
53.678,0.090,0.122,base_link,1
53.728,0.096,0.117,base_link,1
53.778,0.096,0.117,base_link,1
53.827,0.100,0.120,base_link,1
53.878,0.100,0.120,base_link,1
53.927,0.094,0.106,base_link,1
53.977,0.094,0.106,base_link,1
54.028,0.100,0.120,base_link,1
54.078,0.100,0.120,base_link,1
54.128,0.095,0.106,base_link,1
54.178,0.095,0.106,base_link,1
54.227,0.106,0.112,base_link,1
54.278,0.106,0.112,base_link,1
54.328,0.145,0.051,base_link,1
54.378,0.145,0.051,base_link,1
54.429,0.143,0.023,base_link,1
54.478,0.143,0.023,base_link,1
54.527,0.168,-0.061,base_link,1
54.577,0.168,-0.061,base_link,1
54.628,0.168,-0.095,base_link,1
54.677,0.168,-0.095,base_link,1
54.727,0.168,-0.107,base_link,1
54.777,0.168,-0.107,base_link,1
54.827,0.168,-0.116,base_link,1
54.878,0.168,-0.116,base_link,1
54.928,0.168,-0.157,base_link,1
54.977,0.168,-0.157,base_link,1
55.028,0.168,-0.243,base_link,1
55.077,0.168,-0.243,base_link,1
55.127,0.168,-0.208,base_link,1
55.178,0.168,-0.208,base_link,1
55.227,0.168,-0.239,base_link,1
55.277,0.168,-0.239,base_link,1
55.328,0.168,-0.305,base_link,1
55.377,0.173,-0.305,base_link,1
55.427,0.173,-0.311,base_link,1
55.478,0.173,-0.311,base_link,1
55.527,0.173,-0.285,base_link,1
55.578,0.173,-0.285,base_link,1
55.629,0.168,-0.176,base_link,1
55.678,0.168,-0.176,base_link,1
55.727,0.168,-0.300,base_link,1
55.778,0.168,-0.300,base_link,1
55.827,0.168,-0.302,base_link,1
55.877,0.164,-0.302,base_link,1
55.927,0.164,-0.239,base_link,1
55.977,0.173,-0.239,base_link,1
56.027,0.173,-0.274,base_link,1
56.078,0.173,-0.274,base_link,1
56.127,0.168,-0.131,base_link,1
56.178,0.168,-0.131,base_link,1
56.228,0.142,-0.141,base_link,1
56.278,0.142,-0.141,base_link,1
56.327,0.105,-0.073,base_link,1
56.377,0.105,-0.073,base_link,1
56.427,0.100,-0.030,base_link,1
56.477,0.100,-0.030,base_link,1
56.527,0.096,-0.030,base_link,1
56.578,0.096,-0.030,base_link,1
56.628,0.050,0.093,base_link,1
56.677,0.050,0.093,base_link,1
56.727,0.070,-0.030,base_link,1
56.778,0.070,-0.030,base_link,1
56.827,0.146,-0.106,base_link,1
56.878,0.146,-0.106,base_link,1
56.928,0.143,-0.125,base_link,1
56.977,0.143,-0.125,base_link,1
57.027,0.164,-0.168,base_link,1
57.079,0.173,-0.168,base_link,1
57.130,0.173,-0.114,base_link,1
57.178,0.173,-0.114,base_link,1
57.227,0.164,-0.147,base_link,1
57.277,0.164,-0.147,base_link,1
57.327,0.173,-0.247,base_link,1
57.378,0.173,-0.247,base_link,1
57.427,0.173,-0.209,base_link,1
57.478,0.173,-0.209,base_link,1
57.527,0.173,-0.253,base_link,1
57.578,0.164,-0.253,base_link,1
57.627,0.164,-0.275,base_link,1
57.677,0.173,-0.275,base_link,1
57.727,0.173,-0.317,base_link,1
57.778,0.173,-0.317,base_link,1
57.828,0.173,-0.310,base_link,1
57.878,0.173,-0.310,base_link,1
57.928,0.173,-0.331,base_link,1
57.978,0.184,-0.331,base_link,1
58.028,0.184,-0.318,base_link,1
58.078,0.184,-0.318,base_link,1
58.129,0.184,-0.242,base_link,1
58.177,0.184,-0.242,base_link,1
58.228,0.184,-0.325,base_link,1
58.277,0.184,-0.325,base_link,1
58.327,0.184,-0.214,base_link,1
58.377,0.184,-0.214,base_link,1
58.428,0.184,-0.332,base_link,1
58.478,0.184,-0.332,base_link,1
58.528,0.184,-0.057,base_link,1
58.578,0.184,-0.057,base_link,1
58.628,0.159,-0.021,base_link,1
58.678,0.159,-0.021,base_link,1
58.727,0.116,-0.139,base_link,1
58.778,0.116,-0.139,base_link,1
58.828,0.104,-0.102,base_link,1
58.878,0.104,-0.102,base_link,1
58.927,0.184,-0.199,base_link,1
58.977,0.184,-0.199,base_link,1
59.028,0.184,-0.233,base_link,1
59.078,0.184,-0.233,base_link,1
59.128,0.184,-0.261,base_link,1
59.178,0.184,-0.261,base_link,1
59.228,0.184,-0.062,base_link,1
59.278,0.184,-0.062,base_link,1
59.328,0.176,-0.250,base_link,1
59.378,0.176,-0.250,base_link,1
59.427,0.184,-0.130,base_link,1
59.477,0.184,-0.130,base_link,1
59.528,0.184,-0.125,base_link,1
59.578,0.184,-0.125,base_link,1
59.627,0.198,-0.237,base_link,1
59.677,0.198,-0.237,base_link,1
59.728,0.198,-0.276,base_link,1
59.778,0.201,-0.276,base_link,1
59.827,0.184,-0.282,base_link,1
59.878,0.184,-0.282,base_link,1
59.927,0.201,-0.264,base_link,1
59.978,0.198,-0.264,base_link,1
60.028,0.198,-0.320,base_link,1
60.078,0.198,-0.320,base_link,1
60.128,0.201,-0.317,base_link,1
60.177,0.201,-0.317,base_link,1
60.227,0.201,-0.273,base_link,1
60.277,0.207,-0.273,base_link,1
60.327,0.201,-0.282,base_link,1
60.377,0.201,-0.282,base_link,1
60.427,0.221,-0.269,base_link,1
60.477,0.221,-0.269,base_link,1
60.528,0.207,-0.266,base_link,1
60.578,0.207,-0.266,base_link,1
60.628,0.207,-0.258,base_link,1
60.677,0.221,-0.258,base_link,1
60.727,0.221,-0.225,base_link,1
60.779,0.221,-0.225,base_link,1
60.827,0.207,-0.134,base_link,1
60.878,0.221,-0.134,base_link,1
60.927,0.153,-0.142,base_link,1
60.977,0.153,-0.142,base_link,1
61.027,0.120,-0.121,base_link,1
61.077,0.120,-0.121,base_link,1
61.127,0.207,-0.151,base_link,1
61.178,0.207,-0.151,base_link,1
61.228,0.204,-0.151,base_link,1
61.277,0.204,-0.151,base_link,1
61.327,0.221,-0.232,base_link,1
61.377,0.221,-0.232,base_link,1
61.427,0.221,-0.168,base_link,1
61.477,0.221,-0.168,base_link,1
61.527,0.197,-0.113,base_link,1
61.578,0.197,-0.113,base_link,1
61.627,0.132,-0.015,base_link,1
61.677,0.132,-0.015,base_link,1
61.727,0.096,-0.009,base_link,1
61.778,0.096,-0.009,base_link,1
61.827,0.091,0.000,base_link,1
61.881,0.091,0.000,base_link,1
61.928,0.195,-0.029,base_link,1
61.978,0.195,-0.029,base_link,1
62.027,0.184,-0.115,base_link,1
62.079,0.198,-0.115,base_link,1
62.127,0.195,-0.130,base_link,1
62.177,0.195,-0.130,base_link,1
62.229,0.195,-0.085,base_link,1
62.279,0.195,-0.085,base_link,1
62.327,0.163,-0.135,base_link,1
62.378,0.163,-0.135,base_link,1
62.427,0.135,-0.149,base_link,1
62.478,0.135,-0.149,base_link,1
62.527,0.188,-0.052,base_link,1
62.578,0.188,-0.052,base_link,1
62.627,0.198,-0.149,base_link,1
62.677,0.198,-0.149,base_link,1
62.727,0.198,-0.152,base_link,1
62.777,0.195,-0.152,base_link,1
62.827,0.198,-0.152,base_link,1
62.877,0.198,-0.152,base_link,1
62.928,0.198,-0.153,base_link,1
62.977,0.198,-0.153,base_link,1
63.028,0.198,-0.145,base_link,1
63.081,0.198,-0.145,base_link,1
63.129,0.198,-0.143,base_link,1
63.178,0.198,-0.143,base_link,1
63.227,0.198,-0.132,base_link,1
63.277,0.198,-0.132,base_link,1
63.327,0.198,-0.127,base_link,1
63.377,0.207,-0.127,base_link,1
63.428,0.207,-0.126,base_link,1
63.484,0.198,-0.126,base_link,1
63.527,0.198,-0.121,base_link,1
63.578,0.198,-0.121,base_link,1
63.628,0.207,0.019,base_link,1
63.677,0.207,0.019,base_link,1
63.727,0.207,0.129,base_link,1
63.778,0.207,0.129,base_link,1
63.828,0.207,0.002,base_link,1
63.878,0.207,0.002,base_link,1
63.928,0.161,-0.020,base_link,1
63.978,0.161,-0.020,base_link,1
64.027,0.198,0.010,base_link,1
64.078,0.198,0.010,base_link,1
64.127,0.173,-0.001,base_link,1
64.177,0.173,-0.001,base_link,1
64.227,0.173,0.076,base_link,1
64.277,0.173,0.076,base_link,1
64.327,0.173,0.087,base_link,1
64.377,0.173,0.087,base_link,1
64.428,0.173,0.061,base_link,1
64.477,0.173,0.061,base_link,1
64.533,0.168,0.039,base_link,1
64.577,0.173,0.039,base_link,1
64.628,0.173,0.084,base_link,1
64.677,0.173,0.084,base_link,1
64.728,0.173,0.042,base_link,1
64.777,0.173,0.042,base_link,1
64.827,0.134,0.016,base_link,1
64.881,0.134,0.016,base_link,1
64.929,0.089,0.061,base_link,1
64.978,0.089,0.061,base_link,1
65.027,0.089,0.060,base_link,1
65.077,0.089,0.060,base_link,1
65.128,0.088,0.059,base_link,1
65.177,0.088,0.059,base_link,1
65.227,0.088,0.059,base_link,1
65.278,0.088,0.059,base_link,1
65.327,0.089,0.060,base_link,1
65.377,0.089,0.060,base_link,1
65.428,0.089,0.060,base_link,1
65.477,0.089,0.060,base_link,1
65.527,0.086,0.060,base_link,1
65.578,0.086,0.060,base_link,1
65.628,0.087,0.059,base_link,1
65.678,0.087,0.059,base_link,1
65.728,0.088,0.060,base_link,1
65.777,0.088,0.060,base_link,1
65.827,0.100,0.150,base_link,1
65.877,0.100,0.150,base_link,1
65.928,0.100,0.150,base_link,1
65.978,0.100,0.150,base_link,1
66.027,0.100,0.150,base_link,1
66.078,0.100,0.150,base_link,1
66.127,0.086,0.060,base_link,1
66.178,0.086,0.060,base_link,1
66.243,0.100,0.150,base_link,1
66.278,0.100,0.150,base_link,1
66.328,0.100,0.150,base_link,1
66.378,0.100,0.150,base_link,1
66.427,0.100,0.150,base_link,1
66.477,0.100,0.150,base_link,1
66.527,0.086,0.059,base_link,1
66.578,0.086,0.059,base_link,1
66.628,0.087,0.058,base_link,1
66.678,0.087,0.058,base_link,1
66.730,0.100,0.150,base_link,1
66.778,0.100,0.150,base_link,1
66.828,0.087,0.059,base_link,1
66.878,0.087,0.059,base_link,1
66.928,0.100,0.150,base_link,1
66.978,0.100,0.150,base_link,1
67.027,0.100,0.150,base_link,1
67.077,0.100,0.150,base_link,1
67.127,0.087,0.060,base_link,1
67.177,0.087,0.060,base_link,1
67.227,0.100,0.150,base_link,1
67.277,0.100,0.150,base_link,1
67.328,0.100,0.150,base_link,1
67.378,0.100,0.150,base_link,1
67.428,0.100,0.150,base_link,1
67.477,0.100,0.150,base_link,1
67.529,0.100,0.150,base_link,1
67.577,0.100,0.150,base_link,1
67.627,0.100,0.150,base_link,1
67.679,0.100,0.150,base_link,1
67.727,0.100,0.151,base_link,1
67.777,0.100,0.151,base_link,1
67.827,0.100,0.149,base_link,1
67.878,0.100,0.149,base_link,1
67.928,0.100,0.151,base_link,1
67.978,0.100,0.151,base_link,1
68.027,0.099,0.149,base_link,1
68.079,0.099,0.149,base_link,1
68.129,0.099,0.148,base_link,1
68.177,0.099,0.148,base_link,1
68.228,0.100,0.151,base_link,1
68.278,0.100,0.151,base_link,1
68.329,0.100,0.150,base_link,1
68.377,0.100,0.150,base_link,1
68.429,0.100,0.150,base_link,1
68.479,0.100,0.150,base_link,1
68.527,0.099,0.150,base_link,1
68.581,0.099,0.150,base_link,1
68.628,0.100,0.150,base_link,1
68.678,0.100,0.150,base_link,1
68.727,0.100,0.150,base_link,1
68.778,0.100,0.150,base_link,1
68.828,0.099,0.150,base_link,1
68.878,0.099,0.150,base_link,1
68.927,0.099,0.151,base_link,1
68.978,0.099,0.151,base_link,1
69.027,0.100,0.150,base_link,1
69.078,0.100,0.150,base_link,1
69.130,0.100,0.151,base_link,1
69.178,0.100,0.151,base_link,1
69.227,0.100,0.150,base_link,1
69.277,0.100,0.150,base_link,1
69.328,0.100,0.151,base_link,1
69.377,0.100,0.151,base_link,1
69.427,0.100,0.150,base_link,1
69.478,0.100,0.150,base_link,1
69.527,0.100,0.150,base_link,1
69.578,0.100,0.150,base_link,1
69.628,0.100,0.151,base_link,1
69.679,0.100,0.151,base_link,1
69.728,0.100,0.150,base_link,1
69.778,0.100,0.150,base_link,1
69.827,0.100,0.150,base_link,1
69.877,0.100,0.150,base_link,1
69.927,0.100,0.152,base_link,1
69.978,0.100,0.152,base_link,1
70.028,0.100,0.150,base_link,1
70.078,0.100,0.150,base_link,1
70.127,0.100,0.150,base_link,1
70.177,0.100,0.150,base_link,1
70.227,0.100,0.149,base_link,1
70.277,0.100,0.149,base_link,1
70.327,0.100,0.149,base_link,1
70.378,0.100,0.149,base_link,1
70.427,0.100,0.153,base_link,1
70.478,0.100,0.153,base_link,1
70.528,0.100,0.148,base_link,1
70.581,0.100,0.148,base_link,1
70.630,0.100,0.150,base_link,1
70.679,0.100,0.150,base_link,1
70.727,0.100,0.151,base_link,1
70.780,0.100,0.151,base_link,1
70.830,0.100,0.151,base_link,1
70.882,0.100,0.151,base_link,1
70.928,0.100,0.150,base_link,1
70.981,0.100,0.150,base_link,1
71.028,0.100,0.150,base_link,1
71.077,0.100,0.150,base_link,1
71.133,0.100,0.150,base_link,1
71.179,0.100,0.150,base_link,1
71.227,0.100,0.149,base_link,1
71.279,0.100,0.149,base_link,1
71.330,0.100,0.152,base_link,1
71.381,0.100,0.152,base_link,1
71.429,0.100,0.151,base_link,1
71.477,0.100,0.151,base_link,1
71.527,0.100,0.150,base_link,1
71.577,0.100,0.150,base_link,1
71.627,0.100,0.150,base_link,1
71.678,0.100,0.150,base_link,1
71.727,0.100,0.150,base_link,1
71.778,0.100,0.150,base_link,1
71.827,0.100,0.149,base_link,1
71.878,0.100,0.149,base_link,1
71.927,0.100,0.135,base_link,1
71.978,0.100,0.135,base_link,1
72.027,0.100,0.150,base_link,1
72.078,0.100,0.150,base_link,1
72.127,0.100,0.135,base_link,1
72.177,0.100,0.135,base_link,1
72.227,0.100,0.135,base_link,1
72.277,0.100,0.135,base_link,1
72.327,0.100,0.150,base_link,1
72.377,0.100,0.150,base_link,1
72.428,0.100,0.150,base_link,1
72.478,0.100,0.150,base_link,1
72.527,0.100,0.148,base_link,1
72.577,0.100,0.148,base_link,1
72.627,0.100,0.149,base_link,1
72.677,0.100,0.149,base_link,1
72.727,0.100,0.135,base_link,1
72.778,0.100,0.135,base_link,1
72.827,0.100,0.136,base_link,1
72.877,0.100,0.136,base_link,1
72.927,0.100,0.150,base_link,1
72.978,0.100,0.150,base_link,1
73.028,0.100,0.151,base_link,1
73.078,0.100,0.151,base_link,1
73.128,0.100,0.150,base_link,1
73.177,0.100,0.150,base_link,1
73.228,0.100,0.150,base_link,1
73.278,0.100,0.150,base_link,1
73.328,0.100,0.135,base_link,1
73.380,0.100,0.135,base_link,1
73.428,0.100,0.149,base_link,1
73.478,0.100,0.149,base_link,1
73.527,0.100,0.150,base_link,1
73.578,0.100,0.150,base_link,1
73.627,0.100,0.137,base_link,1
73.678,0.100,0.137,base_link,1
73.729,0.100,0.150,base_link,1
73.781,0.100,0.150,base_link,1
73.828,0.100,0.133,base_link,1
73.878,0.100,0.133,base_link,1
73.929,0.100,0.132,base_link,1
73.979,0.100,0.132,base_link,1
74.028,0.100,0.136,base_link,1
74.079,0.100,0.136,base_link,1
74.128,0.100,0.135,base_link,1
74.178,0.100,0.135,base_link,1
74.227,0.100,0.135,base_link,1
74.277,0.100,0.135,base_link,1
74.327,0.100,0.135,base_link,1
74.377,0.100,0.135,base_link,1
74.427,0.100,0.135,base_link,1
74.477,0.100,0.135,base_link,1
74.527,0.100,0.149,base_link,1
74.577,0.100,0.149,base_link,1
74.627,0.100,0.150,base_link,1
74.678,0.100,0.150,base_link,1
74.728,0.100,0.135,base_link,1
74.777,0.100,0.135,base_link,1
74.828,0.100,0.150,base_link,1
74.877,0.100,0.150,base_link,1
74.927,0.100,0.135,base_link,1
74.977,0.100,0.135,base_link,1
75.030,0.100,0.134,base_link,1
75.079,0.100,0.134,base_link,1
75.127,0.100,0.135,base_link,1
75.177,0.100,0.135,base_link,1
75.228,0.100,0.151,base_link,1
75.278,0.100,0.151,base_link,1
75.328,0.100,0.151,base_link,1
75.379,0.100,0.151,base_link,1
75.428,0.100,0.133,base_link,1
75.478,0.100,0.133,base_link,1
75.527,0.100,0.136,base_link,1
75.578,0.100,0.136,base_link,1
75.628,0.100,0.135,base_link,1
75.678,0.100,0.135,base_link,1
75.728,0.100,0.133,base_link,1
75.779,0.100,0.133,base_link,1
75.827,0.100,0.135,base_link,1
75.879,0.100,0.135,base_link,1
75.927,0.100,0.134,base_link,1
75.978,0.100,0.134,base_link,1
76.027,0.100,0.135,base_link,1
76.077,0.100,0.135,base_link,1
76.127,0.100,0.135,base_link,1
76.178,0.100,0.135,base_link,1
76.227,0.100,0.135,base_link,1
76.278,0.100,0.135,base_link,1
76.327,0.100,0.135,base_link,1
76.378,0.100,0.135,base_link,1
76.427,0.100,0.135,base_link,1
76.477,0.100,0.135,base_link,1
76.527,0.100,0.135,base_link,1
76.578,0.100,0.135,base_link,1
76.628,0.100,0.135,base_link,1
76.677,0.100,0.135,base_link,1
76.728,0.100,0.134,base_link,1
76.778,0.100,0.134,base_link,1
76.828,0.100,0.136,base_link,1
76.878,0.100,0.136,base_link,1
76.929,0.100,0.135,base_link,1
76.978,0.100,0.135,base_link,1
77.029,0.100,0.136,base_link,1
77.078,0.100,0.136,base_link,1
77.129,0.100,0.136,base_link,1
77.180,0.100,0.136,base_link,1
77.228,0.100,0.134,base_link,1
77.280,0.100,0.134,base_link,1
77.331,0.100,0.135,base_link,1
77.377,0.100,0.135,base_link,1
77.427,0.100,0.134,base_link,1
77.478,0.100,0.134,base_link,1
77.527,0.100,0.131,base_link,1
77.578,0.100,0.131,base_link,1
77.628,0.100,0.135,base_link,1
77.677,0.100,0.135,base_link,1
77.727,0.100,0.150,base_link,1
77.777,0.100,0.150,base_link,1
77.827,0.100,0.135,base_link,1
77.878,0.100,0.135,base_link,1
77.927,0.100,0.136,base_link,1
77.977,0.100,0.136,base_link,1
78.027,0.100,0.150,base_link,1
78.078,0.100,0.150,base_link,1
78.127,0.100,0.153,base_link,1
78.180,0.100,0.153,base_link,1
78.230,0.100,0.135,base_link,1
78.281,0.100,0.135,base_link,1
78.329,0.100,0.136,base_link,1
78.380,0.100,0.136,base_link,1
78.427,0.100,0.135,base_link,1
78.478,0.100,0.135,base_link,1
78.527,0.100,0.135,base_link,1
78.579,0.100,0.135,base_link,1
78.629,0.100,0.135,base_link,1
78.679,0.100,0.135,base_link,1
78.727,0.100,0.135,base_link,1
78.778,0.100,0.135,base_link,1
78.828,0.100,0.150,base_link,1
78.878,0.100,0.150,base_link,1
78.927,0.100,0.136,base_link,1
78.978,0.100,0.136,base_link,1
79.027,0.100,0.134,base_link,1
79.078,0.100,0.134,base_link,1
79.128,0.100,0.135,base_link,1
79.178,0.100,0.135,base_link,1
79.234,0.100,0.133,base_link,1
79.277,0.100,0.133,base_link,1
79.327,0.100,0.150,base_link,1
79.378,0.100,0.150,base_link,1
79.427,0.100,0.135,base_link,1
79.478,0.100,0.135,base_link,1
79.527,0.100,0.135,base_link,1
79.578,0.100,0.135,base_link,1
79.628,0.100,0.148,base_link,1
79.677,0.100,0.148,base_link,1
79.727,0.100,0.135,base_link,1
79.778,0.100,0.135,base_link,1
79.827,0.100,0.134,base_link,1
79.877,0.100,0.134,base_link,1
79.927,0.100,0.135,base_link,1
79.978,0.100,0.135,base_link,1
80.027,0.100,0.135,base_link,1
80.077,0.100,0.135,base_link,1
80.127,0.087,0.057,base_link,1
80.179,0.087,0.057,base_link,1
80.227,0.087,0.056,base_link,1
80.278,0.087,0.056,base_link,1
80.328,0.100,0.147,base_link,1
80.379,0.100,0.147,base_link,1
80.430,0.100,0.136,base_link,1
80.481,0.100,0.136,base_link,1
80.527,0.100,0.152,base_link,1
80.580,0.100,0.152,base_link,1
80.630,0.100,0.150,base_link,1
80.677,0.100,0.150,base_link,1
80.728,0.100,0.150,base_link,1
80.777,0.100,0.150,base_link,1
80.827,0.100,0.152,base_link,1
80.878,0.100,0.152,base_link,1
80.928,0.100,0.151,base_link,1
80.978,0.100,0.151,base_link,1
81.027,0.100,0.149,base_link,1
81.078,0.100,0.149,base_link,1
81.128,0.100,0.150,base_link,1
81.177,0.100,0.150,base_link,1
81.227,0.100,0.150,base_link,1
81.280,0.100,0.150,base_link,1
81.328,0.100,0.151,base_link,1
81.377,0.100,0.151,base_link,1
81.427,0.100,0.147,base_link,1
81.477,0.100,0.147,base_link,1
81.529,0.100,0.151,base_link,1
81.578,0.100,0.151,base_link,1
81.627,0.100,0.151,base_link,1
81.677,0.100,0.151,base_link,1
81.727,0.100,0.150,base_link,1
81.778,0.100,0.150,base_link,1
81.827,0.116,0.054,base_link,1
81.880,0.116,0.054,base_link,1
81.927,0.117,0.035,base_link,1
81.979,0.117,0.035,base_link,1
82.028,0.152,-0.007,base_link,1
82.078,0.152,-0.007,base_link,1
82.128,0.133,0.012,base_link,1
82.177,0.133,0.012,base_link,1
82.228,0.171,0.087,base_link,1
82.278,0.171,0.087,base_link,1
82.327,0.184,0.000,base_link,1
82.378,0.184,0.000,base_link,1
82.427,0.184,0.019,base_link,1
82.478,0.184,0.019,base_link,1
82.527,0.182,0.026,base_link,1
82.578,0.182,0.026,base_link,1
82.628,0.170,0.054,base_link,1
82.678,0.170,0.054,base_link,1
82.728,0.137,0.152,base_link,1
82.778,0.137,0.152,base_link,1
82.828,0.137,0.152,base_link,1
82.877,0.137,0.152,base_link,1
82.928,0.101,0.008,base_link,1
82.977,0.101,0.008,base_link,1
83.029,0.101,0.013,base_link,1
83.077,0.101,0.013,base_link,1
83.131,0.089,0.061,base_link,1
83.179,0.089,0.061,base_link,1
83.228,0.089,0.045,base_link,1
83.277,0.089,0.045,base_link,1
83.328,0.089,0.045,base_link,1
83.378,0.089,0.045,base_link,1
83.428,0.088,0.047,base_link,1
83.478,0.088,0.047,base_link,1
83.528,0.152,0.078,base_link,1
83.578,0.152,0.078,base_link,1
83.628,0.173,-0.001,base_link,1
83.678,0.173,-0.001,base_link,1
83.728,0.177,-0.013,base_link,1
83.777,0.177,-0.013,base_link,1
83.827,0.184,-0.055,base_link,1
83.878,0.184,-0.055,base_link,1
83.927,0.184,0.026,base_link,1
83.977,0.173,0.026,base_link,1
84.028,0.173,-0.035,base_link,1
84.077,0.173,-0.035,base_link,1
84.127,0.173,-0.056,base_link,1
84.177,0.184,-0.056,base_link,1
84.228,0.184,-0.062,base_link,1
84.277,0.184,-0.062,base_link,1
84.327,0.141,-0.028,base_link,1
84.377,0.141,-0.028,base_link,1
84.428,0.100,-0.105,base_link,1
84.479,0.100,-0.105,base_link,1
84.527,0.089,-0.105,base_link,1
84.577,0.089,-0.105,base_link,1
84.627,0.100,-0.105,base_link,1
84.678,0.100,-0.105,base_link,1
84.729,0.100,-0.105,base_link,1
84.778,0.100,-0.105,base_link,1
84.828,0.100,-0.105,base_link,1
84.878,0.100,-0.105,base_link,1
84.927,0.100,-0.105,base_link,1
84.978,0.100,-0.105,base_link,1
85.028,0.114,0.061,base_link,1
85.077,0.114,0.061,base_link,1
85.128,0.152,-0.061,base_link,1
85.178,0.152,-0.061,base_link,1
85.227,0.173,-0.081,base_link,1
85.277,0.184,-0.081,base_link,1
85.327,0.184,-0.052,base_link,1
85.378,0.184,-0.052,base_link,1
85.427,0.184,-0.101,base_link,1
85.478,0.184,-0.101,base_link,1
85.527,0.184,-0.104,base_link,1
85.577,0.195,-0.104,base_link,1
85.627,0.184,-0.103,base_link,1
85.678,0.184,-0.103,base_link,1
85.727,0.184,-0.096,base_link,1
85.779,0.195,-0.096,base_link,1
85.827,0.195,-0.109,base_link,1
85.877,0.195,-0.109,base_link,1
85.927,0.195,-0.102,base_link,1
85.978,0.195,-0.102,base_link,1
86.027,0.195,-0.075,base_link,1
86.078,0.195,-0.075,base_link,1
86.128,0.195,-0.066,base_link,1
86.177,0.195,-0.066,base_link,1
86.227,0.195,-0.063,base_link,1
86.279,0.198,-0.063,base_link,1
86.327,0.195,-0.097,base_link,1
86.378,0.221,-0.097,base_link,1
86.428,0.221,-0.104,base_link,1
86.477,0.221,-0.104,base_link,1
86.527,0.221,-0.098,base_link,1
86.578,0.221,-0.098,base_link,1
86.628,0.221,-0.088,base_link,1
86.677,0.221,-0.088,base_link,1
86.727,0.221,-0.092,base_link,1
86.777,0.221,-0.092,base_link,1
86.830,0.221,-0.055,base_link,1
86.878,0.221,-0.055,base_link,1
86.927,0.221,-0.041,base_link,1
86.978,0.221,-0.041,base_link,1
87.028,0.221,-0.025,base_link,1
87.078,0.247,-0.025,base_link,1
87.127,0.247,-0.025,base_link,1
87.178,0.247,-0.025,base_link,1
87.228,0.247,-0.023,base_link,1
87.277,0.247,-0.023,base_link,1
87.328,0.247,-0.026,base_link,1
87.377,0.247,-0.026,base_link,1
87.427,0.247,-0.020,base_link,1
87.477,0.247,-0.020,base_link,1
87.527,0.247,-0.024,base_link,1
87.578,0.247,-0.024,base_link,1
87.628,0.247,-0.019,base_link,1
87.678,0.247,-0.019,base_link,1
87.727,0.247,-0.025,base_link,1
87.777,0.247,-0.025,base_link,1
87.827,0.247,-0.032,base_link,1
87.878,0.247,-0.032,base_link,1
87.928,0.247,0.011,base_link,1
87.978,0.247,0.011,base_link,1
88.027,0.247,0.010,base_link,1
88.078,0.247,0.010,base_link,1
88.127,0.221,0.009,base_link,1
88.178,0.221,0.009,base_link,1
88.227,0.221,0.008,base_link,1
88.278,0.221,0.008,base_link,1
88.328,0.221,0.012,base_link,1
88.378,0.247,0.012,base_link,1
88.427,0.247,0.000,base_link,1
88.477,0.247,0.000,base_link,1
88.527,0.247,-0.000,base_link,1
88.578,0.247,-0.000,base_link,1
88.628,0.247,0.000,base_link,1
88.678,0.247,0.000,base_link,1
88.727,0.247,-0.004,base_link,1
88.778,0.250,-0.004,base_link,1
88.827,0.250,-0.004,base_link,1
88.878,0.250,-0.004,base_link,1
88.927,0.250,-0.012,base_link,1
88.977,0.250,-0.012,base_link,1
89.028,0.256,-0.004,base_link,1
89.077,0.256,-0.004,base_link,1
89.128,0.256,-0.012,base_link,1
89.178,0.256,-0.012,base_link,1
89.227,0.266,-0.006,base_link,1
89.278,0.266,-0.006,base_link,1
89.328,0.290,0.026,base_link,1
89.378,0.290,0.026,base_link,1
89.427,0.300,0.027,base_link,1
89.478,0.300,0.027,base_link,1
89.527,0.300,0.019,base_link,1
89.578,0.300,0.019,base_link,1
89.628,0.300,0.018,base_link,1
89.677,0.300,0.018,base_link,1
89.727,0.300,0.023,base_link,1
89.777,0.300,0.023,base_link,1
89.828,0.300,0.012,base_link,1
89.877,0.300,0.012,base_link,1
89.929,0.300,0.012,base_link,1
89.977,0.300,0.012,base_link,1
90.027,0.300,0.000,base_link,1
90.078,0.300,0.000,base_link,1
90.128,0.288,0.000,base_link,1
90.177,0.288,0.000,base_link,1
90.227,0.286,0.071,base_link,1
90.277,0.286,0.071,base_link,1
90.327,0.288,-0.008,base_link,1
90.377,0.288,-0.008,base_link,1
90.427,0.300,-0.011,base_link,1
90.477,0.300,-0.011,base_link,1
90.527,0.300,-0.021,base_link,1
90.578,0.300,-0.021,base_link,1
90.628,0.300,-0.025,base_link,1
90.678,0.300,-0.025,base_link,1
90.727,0.300,-0.025,base_link,1
90.777,0.300,-0.025,base_link,1
90.827,0.300,-0.032,base_link,1
90.877,0.300,-0.032,base_link,1
90.927,0.300,0.000,base_link,1
90.978,0.300,0.000,base_link,1
91.028,0.300,-0.002,base_link,1
91.078,0.300,-0.002,base_link,1
91.128,0.300,-0.008,base_link,1
91.181,0.300,-0.008,base_link,1
91.227,0.289,-0.005,base_link,1
91.277,0.289,-0.005,base_link,1
91.327,0.300,-0.015,base_link,1
91.378,0.300,-0.015,base_link,1
91.427,0.300,-0.027,base_link,1
91.478,0.300,-0.027,base_link,1
91.528,0.300,-0.031,base_link,1
91.578,0.300,-0.031,base_link,1
91.627,0.289,-0.040,base_link,1
91.677,0.289,-0.040,base_link,1
91.727,0.300,-0.041,base_link,1
91.778,0.300,-0.041,base_link,1
91.827,0.300,-0.042,base_link,1
91.877,0.300,-0.042,base_link,1
91.930,0.300,-0.049,base_link,1
91.977,0.300,-0.049,base_link,1
92.028,0.300,-0.044,base_link,1
92.079,0.300,-0.044,base_link,1
92.128,0.300,-0.049,base_link,1
92.177,0.300,-0.049,base_link,1
92.227,0.300,-0.047,base_link,1
92.277,0.300,-0.047,base_link,1
92.327,0.300,-0.049,base_link,1
92.377,0.300,-0.049,base_link,1
92.428,0.300,-0.041,base_link,1
92.477,0.300,-0.041,base_link,1
92.528,0.300,-0.054,base_link,1
92.577,0.300,-0.054,base_link,1
92.627,0.300,-0.052,base_link,1
92.681,0.300,-0.052,base_link,1
92.727,0.300,-0.050,base_link,1
92.777,0.300,-0.050,base_link,1
92.828,0.300,-0.044,base_link,1
92.878,0.300,-0.044,base_link,1
92.927,0.290,-0.036,base_link,1
92.978,0.290,-0.036,base_link,1
93.027,0.289,-0.032,base_link,1
93.077,0.289,-0.032,base_link,1
93.127,0.300,-0.042,base_link,1
93.178,0.300,-0.042,base_link,1
93.228,0.300,-0.037,base_link,1
93.278,0.300,-0.037,base_link,1
93.327,0.300,-0.039,base_link,1
93.377,0.300,-0.039,base_link,1
93.427,0.300,-0.038,base_link,1
93.478,0.300,-0.038,base_link,1
93.527,0.300,-0.036,base_link,1
93.577,0.300,-0.036,base_link,1
93.627,0.300,-0.028,base_link,1
93.677,0.300,-0.028,base_link,1
93.727,0.300,-0.019,base_link,1
93.778,0.300,-0.019,base_link,1
93.827,0.300,-0.018,base_link,1
93.877,0.300,-0.018,base_link,1
93.927,0.300,-0.017,base_link,1
93.979,0.300,-0.017,base_link,1
94.028,0.300,-0.027,base_link,1
94.077,0.300,-0.027,base_link,1
94.127,0.300,-0.018,base_link,1
94.177,0.300,-0.018,base_link,1
94.227,0.300,-0.014,base_link,1
94.278,0.300,-0.014,base_link,1
94.328,0.300,0.023,base_link,1
94.377,0.300,0.023,base_link,1
94.427,0.300,0.028,base_link,1
94.478,0.300,0.028,base_link,1
94.527,0.300,0.029,base_link,1
94.577,0.300,0.029,base_link,1
94.629,0.300,0.027,base_link,1
94.681,0.300,0.027,base_link,1
94.727,0.300,0.018,base_link,1
94.778,0.300,0.018,base_link,1
94.831,0.300,0.029,base_link,1
94.878,0.300,0.029,base_link,1
94.927,0.300,0.054,base_link,1
94.978,0.300,0.054,base_link,1
95.028,0.300,0.046,base_link,1
95.078,0.300,0.046,base_link,1
95.128,0.269,0.055,base_link,1
95.178,0.269,0.055,base_link,1
95.229,0.300,0.042,base_link,1
95.277,0.300,0.042,base_link,1
95.327,0.300,0.041,base_link,1
95.378,0.300,0.041,base_link,1
95.427,0.300,0.027,base_link,1
95.478,0.300,0.027,base_link,1
95.527,0.300,-0.034,base_link,1
95.577,0.300,-0.034,base_link,1
95.627,0.300,-0.047,base_link,1
95.678,0.300,-0.047,base_link,1
95.729,0.300,-0.042,base_link,1
95.778,0.300,-0.042,base_link,1
95.827,0.300,-0.059,base_link,1
95.877,0.300,-0.059,base_link,1
95.927,0.300,-0.055,base_link,1
95.978,0.300,-0.055,base_link,1
96.027,0.300,-0.057,base_link,1
96.077,0.300,-0.057,base_link,1
96.128,0.300,-0.052,base_link,1
96.178,0.300,-0.052,base_link,1
96.227,0.300,-0.050,base_link,1
96.277,0.300,-0.050,base_link,1
96.330,0.300,0.000,base_link,1
96.377,0.300,0.000,base_link,1
96.427,0.300,0.015,base_link,1
96.477,0.300,0.015,base_link,1
96.527,0.300,-0.027,base_link,1
96.577,0.300,-0.027,base_link,1
96.627,0.300,-0.037,base_link,1
96.682,0.300,-0.037,base_link,1
96.727,0.300,-0.041,base_link,1
96.778,0.300,-0.041,base_link,1
96.827,0.300,-0.048,base_link,1
96.878,0.300,-0.048,base_link,1
96.927,0.300,-0.040,base_link,1
96.978,0.300,-0.040,base_link,1
97.027,0.289,-0.042,base_link,1
97.078,0.289,-0.042,base_link,1
97.127,0.300,-0.040,base_link,1
97.177,0.300,-0.040,base_link,1
97.227,0.300,-0.029,base_link,1
97.279,0.300,-0.029,base_link,1
97.331,0.300,0.029,base_link,1
97.379,0.300,0.029,base_link,1
97.427,0.300,0.033,base_link,1
97.478,0.300,0.033,base_link,1
97.527,0.289,0.033,base_link,1
97.578,0.289,0.033,base_link,1
97.627,0.300,0.032,base_link,1
97.680,0.300,0.032,base_link,1
97.728,0.300,0.030,base_link,1
97.778,0.300,0.030,base_link,1
97.827,0.300,0.032,base_link,1
97.878,0.300,0.032,base_link,1
97.927,0.300,0.026,base_link,1
97.978,0.300,0.026,base_link,1
98.028,0.300,0.036,base_link,1
98.079,0.300,0.036,base_link,1
98.128,0.300,0.031,base_link,1
98.178,0.300,0.031,base_link,1
98.227,0.300,0.019,base_link,1
98.278,0.300,0.019,base_link,1
98.327,0.300,-0.033,base_link,1
98.378,0.300,-0.033,base_link,1
98.428,0.300,-0.040,base_link,1
98.478,0.300,-0.040,base_link,1
98.529,0.300,-0.043,base_link,1
98.578,0.300,-0.043,base_link,1
98.627,0.300,-0.040,base_link,1
98.677,0.300,-0.040,base_link,1
98.727,0.300,-0.034,base_link,1
98.778,0.300,-0.034,base_link,1
98.827,0.300,-0.042,base_link,1
98.880,0.300,-0.042,base_link,1
98.928,0.300,-0.042,base_link,1
98.977,0.300,-0.042,base_link,1
99.028,0.300,-0.043,base_link,1
99.078,0.300,-0.043,base_link,1
99.127,0.300,-0.030,base_link,1
99.177,0.300,-0.030,base_link,1
99.227,0.300,-0.024,base_link,1
99.278,0.300,-0.024,base_link,1
99.327,0.300,-0.022,base_link,1
99.378,0.300,-0.022,base_link,1
99.427,0.300,-0.030,base_link,1
99.479,0.300,-0.030,base_link,1
99.528,0.300,-0.016,base_link,1
99.579,0.281,-0.016,base_link,1
99.628,0.281,-0.018,base_link,1
99.678,0.281,-0.018,base_link,1
99.727,0.281,-0.020,base_link,1
99.777,0.276,-0.020,base_link,1
99.828,0.276,-0.013,base_link,1
99.878,0.276,-0.013,base_link,1
99.927,0.276,0.023,base_link,1
99.977,0.274,0.023,base_link,1
100.027,0.274,0.031,base_link,1
100.078,0.274,0.031,base_link,1
100.127,0.274,0.030,base_link,1
100.177,0.274,0.030,base_link,1
100.228,0.274,0.037,base_link,1
100.278,0.274,0.037,base_link,1
100.328,0.274,0.030,base_link,1
100.378,0.274,0.030,base_link,1
100.428,0.274,0.037,base_link,1
100.477,0.274,0.037,base_link,1
100.528,0.274,0.029,base_link,1
100.578,0.274,0.029,base_link,1
100.627,0.274,0.023,base_link,1
100.677,0.274,0.023,base_link,1
100.727,0.274,0.035,base_link,1
100.778,0.274,0.035,base_link,1
100.827,0.274,0.023,base_link,1
100.877,0.274,0.023,base_link,1
100.927,0.274,0.017,base_link,1
100.977,0.274,0.017,base_link,1
101.027,0.274,0.024,base_link,1
101.078,0.274,0.024,base_link,1
101.128,0.276,0.016,base_link,1
101.181,0.290,0.016,base_link,1
101.247,0.290,0.018,base_link,1
101.277,0.300,0.018,base_link,1
101.327,0.300,0.108,base_link,1
101.378,0.300,0.108,base_link,1
101.427,0.300,0.119,base_link,1
101.479,0.300,0.119,base_link,1
101.530,0.300,0.113,base_link,1
101.577,0.290,0.113,base_link,1
101.627,0.290,0.111,base_link,1
101.678,0.290,0.111,base_link,1
101.727,0.281,0.097,base_link,1
101.778,0.281,0.097,base_link,1
101.828,0.287,0.084,base_link,1
101.878,0.287,0.084,base_link,1
101.928,0.281,0.065,base_link,1
101.978,0.281,0.065,base_link,1
102.028,0.281,0.049,base_link,1
102.078,0.276,0.049,base_link,1
102.127,0.281,0.080,base_link,1
102.178,0.281,0.080,base_link,1
102.228,0.281,0.079,base_link,1
102.277,0.276,0.079,base_link,1
102.327,0.276,0.022,base_link,1
102.378,0.281,0.022,base_link,1
102.427,0.276,0.024,base_link,1
102.477,0.276,0.024,base_link,1
102.528,0.276,0.016,base_link,1
102.578,0.274,0.016,base_link,1
102.628,0.274,-0.003,base_link,1
102.677,0.276,-0.003,base_link,1
102.728,0.276,0.000,base_link,1
102.778,0.274,0.000,base_link,1
102.827,0.274,-0.005,base_link,1
102.877,0.276,-0.005,base_link,1
102.928,0.276,-0.013,base_link,1
102.977,0.274,-0.013,base_link,1
103.027,0.274,0.024,base_link,1
103.078,0.276,0.024,base_link,1
103.127,0.276,0.022,base_link,1
103.178,0.274,0.022,base_link,1
103.228,0.276,0.022,base_link,1
103.278,0.276,0.022,base_link,1
103.328,0.274,0.019,base_link,1
103.378,0.274,0.019,base_link,1
103.428,0.274,0.025,base_link,1
103.478,0.276,0.025,base_link,1
103.528,0.274,0.017,base_link,1
103.577,0.274,0.017,base_link,1
103.628,0.274,0.051,base_link,1
103.679,0.274,0.051,base_link,1
103.729,0.300,0.056,base_link,1
103.778,0.300,0.056,base_link,1
103.828,0.300,0.042,base_link,1
103.878,0.300,0.042,base_link,1
103.929,0.300,0.033,base_link,1
103.977,0.300,0.033,base_link,1
104.029,0.300,0.047,base_link,1
104.078,0.300,0.047,base_link,1
104.128,0.286,0.040,base_link,1
104.177,0.286,0.040,base_link,1
104.227,0.300,0.017,base_link,1
104.278,0.300,0.017,base_link,1
104.328,0.289,0.059,base_link,1
104.377,0.289,0.059,base_link,1
104.427,0.300,0.052,base_link,1
104.478,0.300,0.052,base_link,1
104.527,0.300,0.037,base_link,1
104.578,0.300,0.037,base_link,1
104.627,0.300,0.067,base_link,1
104.678,0.300,0.067,base_link,1
104.727,0.300,0.057,base_link,1
104.778,0.300,0.057,base_link,1
104.828,0.300,0.041,base_link,1
104.878,0.300,0.041,base_link,1
104.928,0.300,0.056,base_link,1
104.978,0.300,0.056,base_link,1
105.028,0.300,0.107,base_link,1
105.080,0.300,0.107,base_link,1
105.128,0.288,0.100,base_link,1
105.178,0.288,0.100,base_link,1
105.227,0.300,0.158,base_link,1
105.278,0.300,0.158,base_link,1
105.327,0.300,0.157,base_link,1
105.377,0.300,0.157,base_link,1
105.429,0.300,0.135,base_link,1
105.477,0.300,0.135,base_link,1
105.529,0.300,0.147,base_link,1
105.579,0.300,0.147,base_link,1
105.630,0.300,0.141,base_link,1
105.679,0.300,0.141,base_link,1
105.728,0.300,0.138,base_link,1
105.778,0.300,0.138,base_link,1
105.828,0.300,0.145,base_link,1
105.878,0.300,0.145,base_link,1
105.927,0.300,0.131,base_link,1
105.978,0.300,0.131,base_link,1
106.027,0.300,0.121,base_link,1
106.078,0.300,0.121,base_link,1
106.127,0.276,0.129,base_link,1
106.177,0.281,0.129,base_link,1
106.227,0.276,0.069,base_link,1
106.277,0.276,0.069,base_link,1
106.328,0.274,0.073,base_link,1
106.379,0.276,0.073,base_link,1
106.428,0.266,0.068,base_link,1
106.477,0.266,0.068,base_link,1
106.528,0.266,0.017,base_link,1
106.578,0.256,0.017,base_link,1
106.628,0.256,-0.087,base_link,1
106.677,0.266,-0.087,base_link,1
106.727,0.247,-0.019,base_link,1
106.778,0.247,-0.019,base_link,1
106.827,0.247,-0.062,base_link,1
106.878,0.231,-0.062,base_link,1
106.928,0.243,-0.072,base_link,1
106.978,0.243,-0.072,base_link,1
107.027,0.243,-0.085,base_link,1
107.078,0.231,-0.085,base_link,1
107.129,0.243,-0.086,base_link,1
107.178,0.243,-0.086,base_link,1
107.227,0.243,-0.100,base_link,1
107.278,0.243,-0.100,base_link,1
107.328,0.247,-0.185,base_link,1
107.378,0.243,-0.185,base_link,1
107.427,0.243,-0.198,base_link,1
107.477,0.243,-0.198,base_link,1
107.527,0.247,-0.206,base_link,1
107.577,0.247,-0.206,base_link,1
107.627,0.243,-0.328,base_link,1
107.677,0.247,-0.328,base_link,1
107.728,0.221,-0.312,base_link,1
107.778,0.221,-0.312,base_link,1
107.827,0.221,-0.306,base_link,1
107.878,0.247,-0.306,base_link,1
107.927,0.247,-0.291,base_link,1
107.978,0.247,-0.291,base_link,1
108.028,0.247,-0.279,base_link,1
108.078,0.247,-0.279,base_link,1
108.128,0.247,-0.244,base_link,1
108.178,0.247,-0.244,base_link,1
108.228,0.247,-0.234,base_link,1
108.278,0.247,-0.234,base_link,1
108.328,0.247,-0.170,base_link,1
108.379,0.247,-0.170,base_link,1
108.429,0.247,-0.147,base_link,1
108.478,0.266,-0.147,base_link,1
108.527,0.274,-0.140,base_link,1
108.578,0.274,-0.140,base_link,1
108.627,0.274,-0.083,base_link,1
108.677,0.274,-0.083,base_link,1
108.727,0.274,-0.102,base_link,1
108.778,0.274,-0.102,base_link,1
108.828,0.274,-0.091,base_link,1
108.878,0.274,-0.091,base_link,1
108.928,0.274,-0.071,base_link,1
108.978,0.266,-0.071,base_link,1
109.027,0.274,-0.066,base_link,1
109.078,0.266,-0.066,base_link,1
109.128,0.256,-0.073,base_link,1
109.179,0.256,-0.073,base_link,1
109.227,0.247,-0.073,base_link,1
109.279,0.247,-0.073,base_link,1
109.327,0.247,-0.042,base_link,1
109.378,0.247,-0.042,base_link,1
109.427,0.247,-0.036,base_link,1
109.478,0.247,-0.036,base_link,1
109.527,0.247,-0.028,base_link,1
109.578,0.247,-0.028,base_link,1
109.627,0.247,-0.025,base_link,1
109.678,0.247,-0.025,base_link,1
109.727,0.247,-0.016,base_link,1
109.778,0.247,-0.016,base_link,1
109.830,0.247,-0.009,base_link,1
109.877,0.247,-0.009,base_link,1
109.927,0.247,0.000,base_link,1
109.977,0.250,0.000,base_link,1
110.027,0.250,-0.001,base_link,1
110.078,0.250,-0.001,base_link,1
110.128,0.250,-0.000,base_link,1
110.178,0.256,-0.000,base_link,1
110.227,0.256,-0.003,base_link,1
110.278,0.256,-0.003,base_link,1
110.327,0.256,0.000,base_link,1
110.378,0.266,0.000,base_link,1
110.428,0.266,0.000,base_link,1
110.478,0.266,0.000,base_link,1
110.527,0.274,-0.015,base_link,1
110.578,0.274,-0.015,base_link,1
110.627,0.274,-0.033,base_link,1
110.677,0.274,-0.033,base_link,1
110.730,0.274,-0.020,base_link,1
110.778,0.274,-0.020,base_link,1
110.828,0.274,0.008,base_link,1
110.878,0.274,0.008,base_link,1
110.927,0.274,-0.027,base_link,1
110.978,0.274,-0.027,base_link,1
111.028,0.274,-0.022,base_link,1
111.077,0.274,-0.022,base_link,1
111.128,0.274,-0.012,base_link,1
111.177,0.274,-0.012,base_link,1
111.228,0.274,-0.023,base_link,1
111.277,0.274,-0.023,base_link,1
111.327,0.274,-0.024,base_link,1
111.378,0.274,-0.024,base_link,1
111.427,0.274,-0.019,base_link,1
111.478,0.274,-0.019,base_link,1
111.528,0.274,-0.016,base_link,1
111.578,0.274,-0.016,base_link,1
111.627,0.274,-0.012,base_link,1
111.678,0.274,-0.012,base_link,1
111.727,0.274,-0.007,base_link,1
111.777,0.274,-0.007,base_link,1
111.827,0.274,-0.006,base_link,1
111.878,0.274,-0.006,base_link,1
111.931,0.274,-0.010,base_link,1
111.978,0.274,-0.010,base_link,1
112.027,0.274,-0.009,base_link,1
112.077,0.274,-0.009,base_link,1
112.128,0.274,0.000,base_link,1
112.178,0.274,0.000,base_link,1
112.227,0.274,-0.004,base_link,1
112.282,0.274,-0.004,base_link,1
112.328,0.274,-0.004,base_link,1
112.378,0.274,-0.004,base_link,1
112.427,0.274,-0.002,base_link,1
112.477,0.274,-0.002,base_link,1
112.528,0.274,0.000,base_link,1
112.580,0.274,0.000,base_link,1
112.627,0.274,0.000,base_link,1
112.678,0.300,0.000,base_link,1
112.728,0.300,0.000,base_link,1
112.780,0.300,0.000,base_link,1
112.828,0.300,0.000,base_link,1
112.878,0.300,0.000,base_link,1
112.928,0.287,0.006,base_link,1
112.977,0.287,0.006,base_link,1
113.027,0.300,0.051,base_link,1
113.078,0.300,0.051,base_link,1
113.128,0.300,0.051,base_link,1
113.178,0.300,0.051,base_link,1
113.227,0.300,0.059,base_link,1
113.277,0.300,0.059,base_link,1
113.328,0.300,0.009,base_link,1
113.377,0.300,0.009,base_link,1
113.427,0.300,0.004,base_link,1
113.478,0.300,0.004,base_link,1
113.528,0.300,0.004,base_link,1
113.578,0.300,0.004,base_link,1
113.627,0.300,0.000,base_link,1
113.679,0.300,0.000,base_link,1
113.727,0.300,0.000,base_link,1
113.778,0.300,0.000,base_link,1
113.827,0.300,0.000,base_link,1
113.878,0.300,0.000,base_link,1
113.927,0.300,0.000,base_link,1
113.978,0.300,0.000,base_link,1
114.027,0.300,0.000,base_link,1
114.077,0.300,0.000,base_link,1
114.127,0.288,0.000,base_link,1
114.177,0.288,0.000,base_link,1
114.227,0.300,0.045,base_link,1
114.278,0.300,0.045,base_link,1
114.328,0.300,0.006,base_link,1
114.378,0.300,0.006,base_link,1
114.428,0.300,0.014,base_link,1
114.478,0.300,0.014,base_link,1
114.528,0.300,0.013,base_link,1
114.577,0.300,0.013,base_link,1
114.627,0.300,0.000,base_link,1
114.678,0.300,0.000,base_link,1
114.727,0.300,0.000,base_link,1
114.778,0.300,0.000,base_link,1
114.827,0.300,0.000,base_link,1
114.878,0.300,0.000,base_link,1
114.928,0.289,0.000,base_link,1
114.978,0.289,0.000,base_link,1
115.029,0.300,0.000,base_link,1
115.078,0.300,0.000,base_link,1
115.127,0.300,0.000,base_link,1
115.180,0.300,0.000,base_link,1
115.227,0.300,0.000,base_link,1
115.278,0.300,0.000,base_link,1
115.327,0.300,0.000,base_link,1
115.378,0.300,0.000,base_link,1
115.427,0.300,0.000,base_link,1
115.479,0.300,0.000,base_link,1
115.528,0.300,0.000,base_link,1
115.578,0.300,0.000,base_link,1
115.627,0.300,0.001,base_link,1
115.678,0.300,0.001,base_link,1
115.729,0.300,0.000,base_link,1
115.779,0.300,0.000,base_link,1
115.827,0.300,0.000,base_link,1
115.878,0.300,0.000,base_link,1
115.927,0.300,0.002,base_link,1
115.978,0.300,0.002,base_link,1
116.027,0.300,0.012,base_link,1
116.078,0.300,0.012,base_link,1
116.127,0.289,0.007,base_link,1
116.177,0.289,0.007,base_link,1
116.227,0.300,0.006,base_link,1
116.277,0.300,0.006,base_link,1
116.328,0.300,0.004,base_link,1
116.378,0.300,0.004,base_link,1
116.428,0.300,0.014,base_link,1
116.479,0.300,0.014,base_link,1
116.528,0.300,0.008,base_link,1
116.577,0.300,0.008,base_link,1
116.627,0.289,0.013,base_link,1
116.678,0.289,0.013,base_link,1
116.727,0.288,0.007,base_link,1
116.777,0.288,0.007,base_link,1
116.827,0.300,0.000,base_link,1
116.877,0.300,0.000,base_link,1
116.927,0.300,0.000,base_link,1
116.977,0.300,0.000,base_link,1
117.027,0.300,0.000,base_link,1
117.077,0.300,0.000,base_link,1
117.127,0.300,0.000,base_link,1
117.177,0.300,0.000,base_link,1
117.227,0.300,-0.002,base_link,1
117.278,0.300,-0.002,base_link,1
117.327,0.290,0.000,base_link,1
117.383,0.290,0.000,base_link,1
117.427,0.300,0.000,base_link,1
117.478,0.300,0.000,base_link,1
117.527,0.300,0.000,base_link,1
117.577,0.300,0.000,base_link,1
117.628,0.300,0.000,base_link,1
117.678,0.300,0.000,base_link,1
117.727,0.289,0.000,base_link,1
117.778,0.289,0.000,base_link,1
117.827,0.300,-0.002,base_link,1
117.877,0.300,-0.002,base_link,1
117.927,0.300,0.000,base_link,1
117.977,0.300,0.000,base_link,1
118.027,0.300,0.000,base_link,1
118.078,0.300,0.000,base_link,1
118.128,0.300,-0.001,base_link,1
118.178,0.300,-0.001,base_link,1
118.228,0.288,0.000,base_link,1
118.277,0.288,0.000,base_link,1
118.327,0.300,0.000,base_link,1
118.377,0.300,0.000,base_link,1
118.427,0.289,0.000,base_link,1
118.477,0.289,0.000,base_link,1
118.527,0.300,0.000,base_link,1
118.577,0.300,0.000,base_link,1
118.627,0.300,0.000,base_link,1
118.678,0.300,0.000,base_link,1
118.727,0.300,0.000,base_link,1
118.778,0.300,0.000,base_link,1
118.827,0.300,-0.001,base_link,1
118.878,0.300,-0.001,base_link,1
118.928,0.300,0.000,base_link,1
118.977,0.300,0.000,base_link,1
119.028,0.300,-0.004,base_link,1
119.078,0.300,-0.004,base_link,1
119.128,0.300,0.000,base_link,1
119.178,0.300,0.000,base_link,1
119.227,0.300,0.000,base_link,1
119.277,0.300,0.000,base_link,1
119.328,0.291,-0.047,base_link,1
119.378,0.291,-0.047,base_link,1
119.428,0.300,-0.008,base_link,1
119.478,0.300,-0.008,base_link,1
119.527,0.300,-0.034,base_link,1
119.577,0.300,-0.034,base_link,1
119.627,0.300,-0.033,base_link,1
119.677,0.300,-0.033,base_link,1
119.728,0.300,-0.035,base_link,1
119.777,0.300,-0.035,base_link,1
119.827,0.300,-0.033,base_link,1
119.877,0.300,-0.033,base_link,1
119.927,0.300,-0.006,base_link,1
119.978,0.300,-0.006,base_link,1
120.027,0.290,-0.008,base_link,1
120.078,0.290,-0.008,base_link,1
120.127,0.300,-0.008,base_link,1
120.177,0.300,-0.008,base_link,1
120.228,0.300,0.000,base_link,1
120.277,0.300,0.000,base_link,1
120.327,0.300,-0.012,base_link,1
120.378,0.300,-0.012,base_link,1
120.427,0.300,-0.009,base_link,1
120.478,0.300,-0.009,base_link,1
120.527,0.290,-0.015,base_link,1
120.578,0.290,-0.015,base_link,1
120.628,0.300,-0.008,base_link,1
120.678,0.300,-0.008,base_link,1
120.729,0.300,-0.015,base_link,1
120.778,0.300,-0.015,base_link,1
120.827,0.300,-0.020,base_link,1
120.877,0.300,-0.020,base_link,1
120.934,0.300,-0.017,base_link,1
120.977,0.300,-0.017,base_link,1
121.027,0.300,-0.011,base_link,1
121.078,0.300,-0.011,base_link,1
121.127,0.300,-0.009,base_link,1
121.177,0.300,-0.009,base_link,1
121.227,0.290,-0.010,base_link,1
121.278,0.290,-0.010,base_link,1
121.327,0.300,-0.005,base_link,1
121.378,0.300,-0.005,base_link,1
121.427,0.300,-0.021,base_link,1
121.478,0.300,-0.021,base_link,1
121.527,0.300,-0.020,base_link,1
121.577,0.300,-0.020,base_link,1
121.627,0.300,-0.006,base_link,1
121.677,0.300,-0.006,base_link,1
121.727,0.300,-0.017,base_link,1
121.778,0.300,-0.017,base_link,1
121.827,0.300,-0.011,base_link,1
121.879,0.300,-0.011,base_link,1
121.928,0.300,-0.006,base_link,1
121.978,0.300,-0.006,base_link,1
122.027,0.300,-0.006,base_link,1
122.078,0.300,-0.006,base_link,1
122.127,0.300,-0.003,base_link,1
122.178,0.300,-0.003,base_link,1
122.228,0.300,0.000,base_link,1
122.278,0.300,0.000,base_link,1
122.327,0.300,0.000,base_link,1
122.379,0.300,0.000,base_link,1
122.428,0.288,0.000,base_link,1
122.477,0.288,0.000,base_link,1
122.527,0.300,0.000,base_link,1
122.577,0.300,0.000,base_link,1
122.627,0.300,-0.001,base_link,1
122.678,0.300,-0.001,base_link,1
122.727,0.300,0.000,base_link,1
122.778,0.300,0.000,base_link,1
122.827,0.300,0.010,base_link,1
122.877,0.300,0.010,base_link,1
122.928,0.290,0.012,base_link,1
122.978,0.290,0.012,base_link,1
123.027,0.300,0.013,base_link,1
123.078,0.300,0.013,base_link,1
123.127,0.300,0.013,base_link,1
123.177,0.300,0.013,base_link,1
123.228,0.300,0.011,base_link,1
123.278,0.300,0.011,base_link,1
123.327,0.300,0.016,base_link,1
123.377,0.300,0.016,base_link,1
123.427,0.288,0.036,base_link,1
123.477,0.288,0.036,base_link,1
123.528,0.300,0.019,base_link,1
123.577,0.300,0.019,base_link,1
123.627,0.300,0.010,base_link,1
123.677,0.300,0.010,base_link,1
123.727,0.300,0.013,base_link,1
123.778,0.300,0.013,base_link,1
123.827,0.300,0.020,base_link,1
123.877,0.300,0.020,base_link,1
123.929,0.300,0.012,base_link,1
123.977,0.300,0.012,base_link,1
124.027,0.300,0.019,base_link,1
124.079,0.300,0.019,base_link,1
124.128,0.300,0.017,base_link,1
124.177,0.300,0.017,base_link,1
124.227,0.290,0.005,base_link,1
124.277,0.290,0.005,base_link,1
124.327,0.300,-0.009,base_link,1
124.378,0.300,-0.009,base_link,1
124.428,0.300,-0.037,base_link,1
124.478,0.300,-0.037,base_link,1
124.528,0.300,-0.027,base_link,1
124.577,0.300,-0.027,base_link,1
124.628,0.300,-0.035,base_link,1
124.677,0.300,-0.035,base_link,1
124.728,0.300,-0.035,base_link,1
124.778,0.300,-0.035,base_link,1
124.828,0.300,-0.028,base_link,1
124.878,0.300,-0.028,base_link,1
124.928,0.300,-0.036,base_link,1
124.978,0.300,-0.036,base_link,1
125.032,0.300,-0.027,base_link,1
125.078,0.300,-0.027,base_link,1
125.127,0.300,-0.029,base_link,1
125.178,0.300,-0.029,base_link,1
125.227,0.300,-0.031,base_link,1
125.278,0.300,-0.031,base_link,1
125.327,0.300,-0.021,base_link,1
125.378,0.300,-0.021,base_link,1
125.427,0.300,-0.024,base_link,1
125.485,0.300,-0.024,base_link,1
125.527,0.300,-0.009,base_link,1
125.578,0.300,-0.009,base_link,1
125.628,0.300,-0.015,base_link,1
125.678,0.300,-0.015,base_link,1
125.728,0.300,-0.011,base_link,1
125.778,0.300,-0.011,base_link,1
125.828,0.300,-0.010,base_link,1
125.877,0.300,-0.010,base_link,1
125.928,0.300,0.014,base_link,1
125.977,0.300,0.014,base_link,1
126.028,0.300,-0.003,base_link,1
126.078,0.300,-0.003,base_link,1
126.128,0.300,-0.002,base_link,1
126.178,0.300,-0.002,base_link,1
126.228,0.300,-0.003,base_link,1
126.277,0.300,-0.003,base_link,1
126.327,0.300,-0.001,base_link,1
126.377,0.300,-0.001,base_link,1
126.428,0.300,-0.002,base_link,1
126.477,0.300,-0.002,base_link,1
126.528,0.300,0.000,base_link,1
126.577,0.300,0.000,base_link,1
126.627,0.300,0.000,base_link,1
126.678,0.300,0.000,base_link,1
126.728,0.300,0.012,base_link,1
126.777,0.300,0.012,base_link,1
126.827,0.300,0.013,base_link,1
126.877,0.300,0.013,base_link,1
126.931,0.300,0.017,base_link,1
126.977,0.300,0.017,base_link,1
127.027,0.300,0.014,base_link,1
127.077,0.300,0.014,base_link,1
127.127,0.300,0.016,base_link,1
127.178,0.300,0.016,base_link,1
127.227,0.300,0.020,base_link,1
127.279,0.300,0.020,base_link,1
127.330,0.300,0.010,base_link,1
127.377,0.300,0.010,base_link,1
127.427,0.300,0.021,base_link,1
127.477,0.300,0.021,base_link,1
127.527,0.300,0.022,base_link,1
127.577,0.300,0.022,base_link,1
127.627,0.300,0.012,base_link,1
127.678,0.300,0.012,base_link,1
127.727,0.300,0.015,base_link,1
127.777,0.300,0.015,base_link,1
127.827,0.300,0.019,base_link,1
127.878,0.300,0.019,base_link,1
127.928,0.300,0.014,base_link,1
127.978,0.300,0.014,base_link,1
128.027,0.300,0.023,base_link,1
128.077,0.300,0.023,base_link,1
128.127,0.300,0.018,base_link,1
128.177,0.300,0.018,base_link,1
128.227,0.291,0.017,base_link,1
128.278,0.291,0.017,base_link,1
128.327,0.300,-0.022,base_link,1
128.377,0.300,-0.022,base_link,1
128.428,0.300,-0.033,base_link,1
128.478,0.300,-0.033,base_link,1
128.528,0.300,-0.030,base_link,1
128.577,0.300,-0.030,base_link,1
128.627,0.300,-0.034,base_link,1
128.677,0.300,-0.034,base_link,1
128.727,0.300,-0.019,base_link,1
128.777,0.300,-0.019,base_link,1
128.827,0.300,-0.029,base_link,1
128.878,0.300,-0.029,base_link,1
128.927,0.300,-0.024,base_link,1
128.979,0.300,-0.024,base_link,1
129.028,0.300,-0.016,base_link,1
129.078,0.300,-0.016,base_link,1
129.127,0.300,-0.017,base_link,1
129.177,0.300,-0.017,base_link,1
129.227,0.300,-0.020,base_link,1
129.278,0.300,-0.020,base_link,1
129.327,0.300,-0.009,base_link,1
129.378,0.300,-0.009,base_link,1
129.427,0.300,-0.010,base_link,1
129.477,0.300,-0.010,base_link,1
129.527,0.300,-0.009,base_link,1
129.577,0.300,-0.009,base_link,1
129.631,0.300,-0.003,base_link,1
129.678,0.300,-0.003,base_link,1
129.727,0.300,0.000,base_link,1
129.778,0.300,0.000,base_link,1
129.827,0.300,0.000,base_link,1
129.877,0.300,0.000,base_link,1
129.927,0.290,-0.003,base_link,1
129.977,0.290,-0.003,base_link,1
130.027,0.300,-0.002,base_link,1
130.078,0.300,-0.002,base_link,1
130.128,0.300,0.000,base_link,1
130.177,0.300,0.000,base_link,1
130.228,0.300,0.000,base_link,1
130.278,0.300,0.000,base_link,1
130.328,0.300,0.000,base_link,1
130.378,0.300,0.000,base_link,1
130.427,0.291,0.000,base_link,1
130.478,0.291,0.000,base_link,1
130.528,0.300,0.006,base_link,1
130.579,0.300,0.006,base_link,1
130.629,0.300,0.014,base_link,1
130.678,0.300,0.014,base_link,1
130.728,0.300,0.017,base_link,1
130.778,0.300,0.017,base_link,1
130.827,0.300,0.010,base_link,1
130.879,0.300,0.010,base_link,1
130.927,0.300,0.015,base_link,1
130.978,0.300,0.015,base_link,1
131.027,0.300,0.017,base_link,1
131.079,0.300,0.017,base_link,1
131.127,0.300,0.012,base_link,1
131.178,0.300,0.012,base_link,1
131.227,0.300,0.012,base_link,1
131.278,0.300,0.012,base_link,1
131.327,0.300,0.014,base_link,1
131.379,0.300,0.014,base_link,1
131.427,0.300,0.017,base_link,1
131.477,0.300,0.017,base_link,1
131.527,0.300,0.025,base_link,1
131.578,0.300,0.025,base_link,1
131.627,0.300,0.021,base_link,1
131.677,0.300,0.021,base_link,1
131.728,0.300,0.020,base_link,1
131.777,0.300,0.020,base_link,1
131.827,0.300,0.000,base_link,1
131.877,0.300,0.000,base_link,1
131.928,0.300,0.000,base_link,1
131.977,0.300,0.000,base_link,1
132.028,0.300,-0.000,base_link,1
132.078,0.300,-0.000,base_link,1
132.127,0.300,0.000,base_link,1
132.178,0.300,0.000,base_link,1
132.227,0.300,0.000,base_link,1
132.277,0.300,0.000,base_link,1
132.327,0.300,-0.033,base_link,1
132.378,0.300,-0.033,base_link,1
132.427,0.300,-0.025,base_link,1
132.477,0.300,-0.025,base_link,1
132.527,0.300,-0.025,base_link,1
132.577,0.300,-0.025,base_link,1
132.627,0.289,-0.026,base_link,1
132.679,0.289,-0.026,base_link,1
132.727,0.300,-0.014,base_link,1
132.777,0.300,-0.014,base_link,1
132.827,0.300,-0.023,base_link,1
132.877,0.300,-0.023,base_link,1
132.927,0.300,-0.017,base_link,1
132.979,0.300,-0.017,base_link,1
133.027,0.300,-0.018,base_link,1
133.077,0.300,-0.018,base_link,1
133.127,0.300,0.000,base_link,1
133.178,0.300,0.000,base_link,1
133.227,0.290,0.007,base_link,1
133.278,0.290,0.007,base_link,1
133.327,0.300,-0.004,base_link,1
133.378,0.300,-0.004,base_link,1
133.427,0.300,-0.007,base_link,1
133.478,0.300,-0.007,base_link,1
133.527,0.288,-0.010,base_link,1
133.578,0.288,-0.010,base_link,1
133.627,0.300,0.000,base_link,1
133.678,0.300,0.000,base_link,1
133.728,0.287,-0.007,base_link,1
133.777,0.287,-0.007,base_link,1
133.827,0.274,-0.002,base_link,1
133.878,0.274,-0.002,base_link,1
133.927,0.261,-0.007,base_link,1
133.978,0.261,-0.007,base_link,1
134.029,0.245,-0.007,base_link,1
134.077,0.245,-0.007,base_link,1
134.127,0.234,-0.004,base_link,1
134.177,0.234,-0.004,base_link,1
134.228,0.239,0.028,base_link,1
134.278,0.239,0.028,base_link,1
134.327,0.204,-0.009,base_link,1
134.378,0.204,-0.009,base_link,1
134.428,0.300,0.000,base_link,1
134.480,0.300,0.000,base_link,1
134.527,0.283,0.000,base_link,1
134.577,0.283,0.000,base_link,1
134.628,0.300,0.015,base_link,1
134.677,0.300,0.015,base_link,1
134.727,0.259,0.000,base_link,1
134.778,0.259,0.000,base_link,1
134.828,0.251,0.000,base_link,1
134.877,0.251,0.000,base_link,1
134.927,0.243,0.005,base_link,1
134.979,0.243,0.005,base_link,1
135.029,0.247,0.016,base_link,1
135.077,0.247,0.016,base_link,1
135.128,0.225,0.000,base_link,1
135.177,0.225,0.000,base_link,1
135.227,0.193,0.000,base_link,1
135.277,0.193,0.000,base_link,1
135.327,0.208,0.016,base_link,1
135.377,0.208,0.016,base_link,1
135.427,0.172,0.000,base_link,1
135.478,0.172,0.000,base_link,1
135.528,0.182,0.000,base_link,1
135.577,0.182,0.000,base_link,1
135.628,0.173,0.010,base_link,1
135.677,0.173,0.010,base_link,1
135.727,0.154,-0.057,base_link,1
135.777,0.154,-0.057,base_link,1
135.828,0.160,-0.055,base_link,1
135.881,0.160,-0.055,base_link,1
135.928,0.139,-0.063,base_link,1
135.978,0.139,-0.063,base_link,1
136.028,0.136,-0.059,base_link,1
136.078,0.136,-0.059,base_link,1
136.128,0.121,-0.058,base_link,1
136.178,0.121,-0.058,base_link,1
136.227,0.048,-0.000,base_link,1
136.278,0.048,-0.000,base_link,1
136.328,0.045,-0.000,base_link,1
136.378,0.045,-0.000,base_link,1
136.428,0.043,-0.000,base_link,1
136.478,0.043,-0.000,base_link,1
136.528,0.034,-0.000,base_link,1
136.577,0.034,-0.000,base_link,1
136.628,0.000,-0.300,base_link,1
136.678,0.000,-0.300,base_link,1
136.727,0.000,-0.300,base_link,1
136.777,0.000,-0.300,base_link,1
136.827,0.000,-0.300,base_link,1
136.877,0.000,-0.300,base_link,1
136.927,0.000,-0.322,base_link,1
136.978,0.000,-0.322,base_link,1
137.027,0.000,-0.400,base_link,1
137.078,0.000,-0.400,base_link,1
137.127,0.000,-0.400,base_link,1
137.178,0.000,-0.400,base_link,1
137.228,0.000,-0.400,base_link,1
137.281,0.000,-0.400,base_link,1
137.328,0.000,-0.400,base_link,1
137.377,0.000,-0.400,base_link,1
137.427,0.000,-0.400,base_link,1
137.478,0.000,-0.400,base_link,1
137.527,0.000,-0.400,base_link,1
137.577,0.000,-0.400,base_link,1
137.628,0.000,-0.400,base_link,1
137.677,0.000,-0.400,base_link,1
137.728,0.000,-0.400,base_link,1
137.779,0.000,-0.400,base_link,1
137.827,0.000,-0.400,base_link,1
137.878,0.000,-0.400,base_link,1
137.927,0.000,-0.400,base_link,1
137.978,0.000,-0.400,base_link,1
138.027,0.000,-0.400,base_link,1
138.078,0.000,-0.400,base_link,1
138.127,0.000,-0.400,base_link,1
138.177,0.000,-0.400,base_link,1
138.227,0.000,-0.400,base_link,1
138.277,0.000,-0.400,base_link,1
138.327,0.000,-0.400,base_link,1
138.377,0.000,-0.400,base_link,1
138.428,0.000,-0.400,base_link,1
138.478,0.000,-0.400,base_link,1
138.527,0.000,-0.400,base_link,1
138.577,0.000,-0.400,base_link,1
138.627,0.000,-0.400,base_link,1
138.678,0.000,-0.400,base_link,1
138.727,0.000,-0.400,base_link,1
138.777,0.000,-0.400,base_link,1
138.828,0.000,-0.400,base_link,1
138.878,0.000,-0.400,base_link,1
138.927,0.000,-0.400,base_link,1
138.979,0.000,-0.400,base_link,1
139.027,0.000,-0.400,base_link,1
139.078,0.000,-0.400,base_link,1
139.127,0.000,-0.400,base_link,1
139.177,0.000,-0.400,base_link,1
139.227,0.000,-0.400,base_link,1
139.278,0.000,-0.400,base_link,1
139.328,0.000,-0.400,base_link,1
139.377,0.000,-0.400,base_link,1
139.427,0.000,-0.400,base_link,1
139.477,0.000,-0.400,base_link,1
139.527,0.000,-0.400,base_link,1
139.578,0.000,-0.400,base_link,1
139.627,0.000,-0.400,base_link,1
139.677,0.000,-0.400,base_link,1
139.727,0.000,-0.400,base_link,1
139.777,0.000,-0.400,base_link,1
139.827,0.000,-0.363,base_link,1
139.878,0.000,-0.363,base_link,1
139.927,0.000,-0.321,base_link,1
139.978,0.000,-0.321,base_link,1
140.027,0.000,0.000,base_link,1
140.077,0.000,0.000,base_link,1
140.127,0.000,0.000,base_link,1
140.177,0.000,0.000,base_link,1
140.228,0.000,0.000,base_link,1
140.279,0.000,0.000,base_link,1
140.327,0.000,0.000,base_link,1
140.378,0.000,0.000,base_link,1
140.427,0.000,0.000,base_link,1
140.477,0.000,0.000,base_link,1
140.528,0.000,0.000,base_link,1
140.580,0.000,0.000,base_link,1
140.628,0.000,0.000,base_link,1
140.677,0.000,0.000,base_link,1
140.725,0.000,0.000,stop,1
140.775,0.000,0.000,stop,1
140.825,0.000,0.000,stop,1
140.875,0.000,0.000,stop,1
140.925,0.000,0.000,stop,1
140.975,0.000,0.000,stop,1
141.026,0.000,0.000,stop,1
141.075,0.000,0.000,stop,1
141.125,0.000,0.000,stop,1
141.175,0.000,0.000,stop,1
141.225,0.000,0.000,stop,1
141.275,0.000,0.000,stop,1
141.325,0.000,0.000,stop,1
141.375,0.000,0.000,stop,1
141.425,0.000,0.000,stop,1
141.475,0.000,0.000,stop,1
141.525,0.000,0.000,stop,1
141.575,0.000,0.000,stop,1
141.625,0.000,0.000,stop,1
141.675,0.000,0.000,stop,1
141.725,0.000,0.000,stop,1
141.775,0.000,0.000,stop,1
141.825,0.000,0.000,stop,1
141.875,0.000,0.000,stop,1
141.925,0.000,0.000,stop,1
141.975,0.000,0.000,stop,1
142.025,0.000,0.000,stop,1
142.075,0.000,0.000,stop,1
142.125,0.000,0.000,stop,1
142.175,0.000,0.000,stop,1
142.225,0.000,0.000,stop,1
142.275,0.000,0.000,stop,1
142.325,0.000,0.000,stop,1
142.375,0.000,0.000,stop,1
142.425,0.000,0.000,stop,1
142.475,0.000,0.000,stop,1
142.525,0.000,0.000,stop,1
142.575,0.000,0.000,stop,1
142.625,0.000,0.000,stop,1
142.675,0.000,0.000,stop,1
142.725,0.000,0.000,stop,1
142.775,0.000,0.000,stop,1
142.825,0.000,0.000,stop,1
142.875,0.000,0.000,stop,1
142.925,0.000,0.000,stop,1
142.975,0.000,0.000,stop,1
143.026,0.000,0.000,stop,1
143.075,0.000,0.000,stop,1
143.125,0.000,0.000,stop,1
143.175,0.000,0.000,stop,1
143.226,0.000,0.000,stop,1
143.275,0.000,0.000,stop,1
143.325,0.000,0.000,stop,1
143.376,0.000,0.000,stop,1
143.425,0.000,0.000,stop,1
143.475,0.000,0.000,stop,1
143.525,0.000,0.000,stop,1
143.576,0.000,0.000,stop,1
143.625,0.000,0.000,stop,1
143.675,0.000,0.000,stop,1
143.725,0.000,0.000,stop,1
143.775,0.000,0.000,stop,1
143.825,0.000,0.000,stop,1
143.875,0.000,0.000,stop,1
143.925,0.000,0.000,stop,1
143.975,0.000,0.000,stop,1
144.025,0.000,0.000,stop,1
144.075,0.000,0.000,stop,1
144.125,0.000,0.000,stop,1
144.175,0.000,0.000,stop,1
144.225,0.000,0.000,stop,1
144.275,0.000,0.000,stop,1
144.325,0.000,0.000,stop,1
144.375,0.000,0.000,stop,1
144.425,0.000,0.000,stop,1
144.475,0.000,0.000,stop,1
144.525,0.000,0.000,stop,1
144.575,0.000,0.000,stop,1
144.625,0.000,0.000,stop,1
144.675,0.000,0.000,stop,1
144.725,0.000,0.000,stop,1
144.776,0.000,0.000,stop,1
144.825,0.000,0.000,stop,1
144.875,0.000,0.000,stop,1
144.925,0.000,0.000,stop,1
144.975,0.000,0.000,stop,1
145.025,0.000,0.000,stop,1
145.075,0.000,0.000,stop,1
145.125,0.000,0.000,stop,1
145.175,0.000,0.000,stop,1
145.225,0.000,0.000,stop,1
145.275,0.000,0.000,stop,1
145.325,0.000,0.000,stop,1
145.375,0.000,0.000,stop,1
145.425,0.000,0.000,stop,1
145.475,0.000,0.000,stop,1
145.525,0.000,0.000,stop,1
145.575,0.000,0.000,stop,1
145.625,0.000,0.000,stop,1
145.675,0.000,0.000,stop,1
145.725,0.000,0.000,stop,1
145.775,0.000,0.000,stop,1
145.825,0.000,0.000,stop,1
145.875,0.000,0.000,stop,1
145.925,0.000,0.000,stop,1
145.975,0.000,0.000,stop,1
146.025,0.000,0.000,stop,1
146.075,0.000,0.000,stop,1
146.125,0.000,0.000,stop,1
146.175,0.000,0.000,stop,1
146.225,0.000,0.000,stop,1
146.275,0.000,0.000,stop,1
146.328,0.000,0.000,stop,1
146.375,0.000,0.000,stop,1
146.425,0.000,0.000,stop,1
146.475,0.000,0.000,stop,1
146.525,0.000,0.000,stop,1
146.575,0.000,0.000,stop,1
146.625,0.000,0.000,stop,1
146.675,0.000,0.000,stop,1
146.725,0.000,0.000,stop,1
146.775,0.000,0.000,stop,1
146.825,0.000,0.000,stop,1
146.875,0.000,0.000,stop,1
146.925,0.000,0.000,stop,1
146.975,0.000,0.000,stop,1
147.025,0.000,0.000,stop,1
147.075,0.000,0.000,stop,1
147.125,0.000,0.000,stop,1
147.174,0.000,0.000,stop,1
147.224,0.000,0.000,stop,1
147.275,0.000,0.000,stop,1
147.324,0.000,0.000,stop,1
147.374,0.000,0.000,stop,1
147.424,0.000,0.000,stop,1
147.474,0.000,0.000,stop,1
147.524,0.000,0.000,stop,1
147.574,0.000,0.000,stop,1
147.624,0.000,0.000,stop,1
147.674,0.000,0.000,stop,1
147.724,0.000,0.000,stop,1
147.775,0.000,0.000,stop,1
147.824,0.000,0.000,stop,1
147.874,0.000,0.000,stop,1
147.924,0.000,0.000,stop,1
147.974,0.000,0.000,stop,1
148.025,0.000,0.000,stop,1
148.074,0.000,0.000,stop,1
148.124,0.000,0.000,stop,1
148.174,0.000,0.000,stop,1
148.225,0.000,0.000,stop,1
148.274,0.000,0.000,stop,1
148.324,0.000,0.000,stop,1
148.374,0.000,0.000,stop,1
148.424,0.000,0.000,stop,1
148.474,0.000,0.000,stop,1
148.524,0.000,0.000,stop,1
148.574,0.000,0.000,stop,1
148.624,0.000,0.000,stop,1
148.675,0.000,0.000,stop,1
148.725,0.000,0.000,stop,1
148.774,0.000,0.000,stop,1
148.824,0.000,0.000,stop,1
148.874,0.000,0.000,stop,1
148.925,0.000,0.000,stop,1
148.974,0.000,0.000,stop,1
149.025,0.000,0.000,stop,1
149.074,0.000,0.000,stop,1
149.124,0.000,0.000,stop,1
149.174,0.000,0.000,stop,1
149.225,0.000,0.000,stop,1
149.274,0.000,0.000,stop,1
149.325,0.000,0.000,stop,1
149.374,0.000,0.000,stop,1
149.424,0.000,0.000,stop,1
149.474,0.000,0.000,stop,1
149.524,0.000,0.000,stop,1
149.574,0.000,0.000,stop,1
149.624,0.000,0.000,stop,1
149.674,0.000,0.000,stop,1
149.724,0.000,0.000,stop,1
149.774,0.000,0.000,stop,1
149.824,0.000,0.000,stop,1
149.874,0.000,0.000,stop,1
149.924,0.000,0.000,stop,1
149.974,0.000,0.000,stop,1
150.024,0.000,0.000,stop,1
150.074,0.000,0.000,stop,1
150.125,0.000,0.000,stop,1
150.174,0.000,0.000,stop,1
150.224,0.000,0.000,stop,1
150.274,0.000,0.000,stop,1
150.324,0.000,0.000,stop,1
150.374,0.000,0.000,stop,1
150.424,0.000,0.000,stop,-1
