# source: <repo>/results/series2_static/s2_static_08/turns_replayed.log (turn watcher's rule REPLAYED after the drive from fusion.bag; UTC in the file, Hamilton here)
turn,ended_hamilton,direction,seconds,blend_deg,robot_deg,camera_deg,camera_lost_pct,blend_minus_robot_deg,camera_minus_robot_deg
1,15:50:45,RIGHT,1.8,-32.7,-33.2,-36.6,0,0.5,-3.4
2,15:50:48,RIGHT,1.6,-29.3,-29.7,-24.2,38,0.4,5.5
3,15:50:53,RIGHT,2.2,-40.7,-41.8,-50.2,61,1.1,-8.4
4,15:50:57,RIGHT,2.2,-41.1,-41.2,-41.3,26,0.1,-0.1
5,15:50:59,RIGHT,0.3,-0.5,-0.3,-4.2,0,-0.2,-3.9
6,15:51:11,LEFT,0.1,-0.2,-0.2,3.4,0,-0.1,3.6
7,15:51:27,RIGHT,0.4,-3.1,-3.9,-8.7,0,0.8,-4.8
8,15:52:20,RIGHT,10.3,-90.6,-90.5,-93.1,15,-0.0,-2.6
9,15:55:45,RIGHT,2.6,-32.0,-31.6,-34.0,0,-0.4,-2.4
10,15:55:52,RIGHT,2.1,-16.6,-16.4,-18.1,0,-0.1,-1.7
11,15:55:57,RIGHT,1.0,-15.8,-16.0,-19.0,0,0.3,-3.0
12,15:56:02,RIGHT,0.9,-8.7,-8.7,-9.9,0,-0.0,-1.2
13,15:57:38,LEFT,5.6,89.7,90.0,45.1,17,-0.3,-44.9
14,15:57:42,LEFT,0.8,15.8,14.8,69.8,27,0.9,55.0
15,15:57:46,LEFT,0.7,12.6,15.0,14.3,0,-2.4,-0.7
16,15:57:49,LEFT,0.2,-0.0,-0.3,4.5,0,0.3,4.8
17,15:57:59,LEFT,0.1,-0.3,-0.4,1.6,0,0.1,2.0
18,15:58:31,LEFT,0.2,-0.4,-0.3,5.4,0,-0.1,5.7
19,15:58:46,LEFT,0.2,-0.0,-0.2,1.9,0,0.2,2.1
20,15:59:09,LEFT,1.3,12.7,12.9,15.0,0,-0.2,2.1
21,15:59:21,RIGHT,1.7,-18.3,-18.4,-21.9,0,0.0,-3.5
22,15:59:38,RIGHT,5.7,-87.3,-86.7,-90.1,0,-0.6,-3.4
23,15:59:47,LEFT,0.5,1.5,1.6,3.7,0,-0.1,2.1
24,16:00:48,RIGHT,5.3,-74.9,-75.1,-76.8,0,0.2,-1.7
25,16:00:56,RIGHT,1.3,-9.5,-10.0,-14.7,0,0.5,-4.7
26,16:01:01,LEFT,2.4,-3.5,-4.1,-2.5,0,0.6,1.6
