x,y
0.075,0.075
0.425,0.225
0.775,0.375
0.850,0.675
0.925,0.975
1.000,1.275
1.075,1.575
1.575,1.275
1.845,1.415
2.115,1.555
2.385,1.695
2.655,1.835
2.925,1.975
3.225,1.958
3.525,1.942
3.825,1.925
4.125,1.908
4.425,1.892
4.725,1.875
4.861,1.589
4.998,1.302
5.134,1.016
5.270,0.730
5.407,0.443
5.543,0.157
5.680,-0.130
5.816,-0.416
5.952,-0.702
6.089,-0.989
6.225,-1.275
5.892,-1.375
5.558,-1.475
5.225,-1.575
4.892,-1.675
4.558,-1.775
4.225,-1.875
4.450,-1.625
4.675,-1.375
4.625,-1.045
4.575,-0.715
4.525,-0.385
4.475,-0.055
4.425,0.275
4.115,0.355
3.805,0.435
3.495,0.515
3.185,0.595
2.875,0.675
2.642,0.408
2.408,0.142
2.175,-0.125
2.188,-0.475
2.200,-0.825
2.213,-1.175
2.225,-1.525
2.525,-1.750
2.825,-1.975
2.463,-1.975
2.100,-1.975
1.738,-1.975
1.375,-1.975
1.350,-1.613
1.325,-1.250
1.300,-0.887
1.275,-0.525
0.975,-0.375
0.675,-0.225
0.375,-0.075
0.075,0.075
