t_epoch,pictures,with_people,people_boxes,pct_pixels_blanked_mean,worst_added_ms,detector_age_s
1790532745.1,110,0,0,0.00,31.7,0.1
1790532755.1,124,0,0,0.00,46.4,0.1
1790532765.1,148,0,0,0.00,5.3,0.0
1790532775.1,143,0,0,0.00,6.3,0.0
1790532785.1,142,0,0,0.00,4.4,0.0
1790532796.2,146,0,0,0.00,1044.1,0.0
1790532806.2,143,0,0,0.00,3.9,0.0
1790532816.2,143,0,0,0.00,6.9,0.0
1790532826.2,143,0,0,0.00,4.1,0.0
1790532836.2,143,0,0,0.00,4.1,0.0
1790532846.3,142,0,0,0.00,3.6,0.0
1790532856.3,140,0,0,0.00,5.7,0.0
1790532866.3,137,0,0,0.00,3.6,0.0
1790532876.3,136,0,0,0.00,4.5,0.0
1790532886.3,137,0,0,0.00,4.7,0.0
1790532896.3,139,0,0,0.00,6.1,0.0
1790532906.3,141,0,0,0.00,6.1,0.0
1790532916.3,138,0,0,0.00,5.0,0.1
1790532926.4,133,0,0,0.00,6.3,0.1
1790532936.4,132,0,0,0.00,5.5,0.0
1790532946.4,127,0,0,0.00,13.3,0.1
1790532956.4,120,0,0,0.00,5.2,0.1
1790532966.4,126,0,0,0.00,4.2,0.0
1790532976.4,134,0,0,0.00,5.6,0.0
1790532986.4,123,0,0,0.00,5.3,0.0
1790532996.4,148,0,0,0.00,3.9,0.0
1790533006.4,150,0,0,0.00,3.6,0.0
1790533016.4,150,0,0,0.00,3.4,0.0
1790533026.5,150,0,0,0.00,3.7,0.1
1790533036.5,151,0,0,0.00,4.5,0.0
1790533046.5,150,0,0,0.00,4.2,0.0
1790533056.5,150,0,0,0.00,4.1,0.0
1790533066.5,149,0,0,0.00,3.8,0.0
1790533076.5,151,0,0,0.00,6.1,0.0
1790533086.5,146,0,0,0.00,5.9,0.1
1790533096.5,144,0,0,0.00,4.4,0.0
1790533106.5,146,0,0,0.00,4.5,0.0
1790533116.5,145,0,0,0.00,5.0,0.0
1790533126.6,139,0,0,0.00,5.4,0.1
1790533136.6,137,0,0,0.00,5.4,0.0
1790533146.6,136,0,0,0.00,9.8,0.0
1790533156.6,135,0,0,0.00,5.1,0.0
1790533166.6,130,0,0,0.00,6.2,0.0
1790533176.6,128,0,0,0.00,6.0,0.0
1790533186.6,132,0,0,0.00,5.3,0.0
1790533196.6,130,0,0,0.00,7.5,0.0
1790533206.6,130,0,0,0.00,4.1,0.0
1790533216.6,132,0,0,0.00,6.6,0.0
1790533226.6,132,0,0,0.00,5.0,0.0
1790533236.7,132,0,0,0.00,5.2,0.0
1790533246.7,134,0,0,0.00,7.8,0.0
1790533256.7,135,0,0,0.00,4.8,0.0
1790533266.7,134,0,0,0.00,6.6,0.0
1790533276.7,130,0,0,0.00,4.3,0.0
1790533286.7,129,0,0,0.00,5.5,0.1
1790533296.7,129,0,0,0.00,6.3,0.0
1790533306.7,131,0,0,0.00,10.2,0.0
1790533316.7,130,0,0,0.00,5.0,0.0
1790533326.7,128,0,0,0.00,4.6,0.0
1790533336.7,125,0,0,0.00,4.1,0.1
1790533346.7,131,0,0,0.00,4.8,0.0
1790533356.8,132,0,0,0.00,3.8,0.0
1790533366.8,124,0,0,0.00,3.9,0.0
1790533376.8,121,0,0,0.00,20.4,0.0
1790533386.8,121,0,0,0.00,4.8,0.0
1790533396.8,122,0,0,0.00,3.9,0.0
1790533406.8,112,0,0,0.00,6.8,0.0
1790533416.8,111,25,25,16.53,6.7,0.1
1790533426.8,115,73,73,7.43,8.6,0.1
1790533436.8,115,0,0,0.00,14.2,0.0
1790533446.9,115,0,0,0.00,11.9,0.0
1790533456.9,116,0,0,0.00,5.2,0.0
1790533466.9,80,0,0,0.00,3.5,0.0
1790533476.9,122,0,0,0.00,5.5,0.0
1790533486.9,125,0,0,0.00,5.7,0.0
1790533496.9,123,0,0,0.00,4.0,0.1
1790533506.9,124,0,0,0.00,4.6,0.1
1790533516.9,123,0,0,0.00,4.1,0.0
1790533526.9,120,0,0,0.00,14.7,0.0
1790533536.9,116,0,0,0.00,5.3,0.0
1790533546.9,109,64,64,7.44,8.9,0.1
1790533556.9,106,106,106,10.35,8.7,0.0
1790533567.0,109,109,109,17.59,7.9,0.1
1790533577.0,113,113,113,18.82,11.5,0.0
1790533587.0,111,111,111,23.27,8.7,0.0
1790533597.0,79,79,79,22.76,9.9,2.5
1790533607.6,106,87,87,22.74,8.7,0.0
1790533617.6,108,99,116,26.27,8.5,0.1
1790533627.6,103,103,103,15.08,15.7,0.1
1790533637.6,103,103,103,14.63,9.6,0.0
1790533647.6,107,107,107,17.70,8.3,0.0
1790533657.6,109,62,62,21.29,12.2,0.0
1790533667.6,117,0,0,0.00,4.8,0.0
1790533677.6,120,0,0,0.00,6.4,0.0
1790533687.6,121,72,78,19.06,7.2,0.1
1790533697.6,117,117,146,9.01,15.7,0.0
1790533707.6,117,117,117,18.36,7.8,0.0
1790533717.7,115,115,115,12.70,7.8,0.0
1790533727.7,116,116,117,11.08,8.2,0.0
1790533737.7,116,116,116,7.14,7.7,0.1
1790533747.7,116,116,116,12.02,8.9,0.1
1790533757.7,108,107,107,27.76,8.1,0.0
1790533767.7,109,45,45,30.55,7.2,0.1
1790533777.7,109,0,0,0.00,6.5,0.1
1790533787.7,108,0,0,0.00,4.0,0.0
1790533797.7,111,107,154,40.88,27.8,0.0
1790533807.7,112,112,112,19.80,10.9,0.1
1790533817.8,109,109,109,13.91,8.7,0.0
1790533827.8,109,109,109,15.97,7.6,0.0
1790533837.8,111,111,111,34.12,18.7,0.0
1790533847.8,113,113,113,42.84,8.8,0.0
1790533857.8,133,18,18,38.56,6.9,0.0
1790533867.9,111,0,0,0.00,33.2,0.1
1790533877.9,111,0,0,0.00,3.8,0.1
1790533887.9,114,0,0,0.00,4.7,0.1
1790533897.9,114,0,0,0.00,6.2,0.0
1790533907.9,111,0,0,0.00,3.6,0.0
1790533918.0,133,0,0,0.00,5.5,0.1
1790533928.0,119,0,0,0.00,7.2,0.0
1790533938.0,127,0,0,0.00,8.0,0.1
1790533948.0,121,0,0,0.00,8.1,0.0
1790533958.0,122,0,0,0.00,8.0,0.0
1790533968.0,129,0,0,0.00,4.7,0.0
1790533978.0,127,0,0,0.00,7.6,0.1
1790533988.0,123,0,0,0.00,6.1,0.1
1790533998.0,114,0,0,0.00,6.7,0.0
1790534008.0,112,0,0,0.00,3.6,0.0
1790534018.0,113,0,0,0.00,8.5,0.0
1790534028.1,79,0,0,0.00,5.9,0.0
1790534038.1,113,0,0,0.00,4.9,0.1
1790534048.1,112,0,0,0.00,5.1,0.0
1790534058.1,114,3,3,0.81,6.2,0.0
1790534068.1,114,0,0,0.00,4.4,0.0
1790534078.1,113,0,0,0.00,5.4,0.1
1790534088.1,114,0,0,0.00,16.4,0.0
1790534098.1,64,0,0,0.00,3.9,4.4
1790534108.1,0,0,0,0.00,0.0,14.4
1790534118.1,0,0,0,0.00,0.0,24.4
