drive10_id,x_before,y_before,x_after,y_after,shift_m
1,0.002,-0.000,0.002,-0.000,0.000
138,0.279,0.002,0.278,0.002,0.001
139,0.552,0.004,0.551,0.004,0.001
140,0.781,0.005,0.780,0.005,0.001
141,1.000,0.006,1.000,0.007,0.001
142,1.176,0.007,1.177,0.008,0.002
143,1.317,0.008,1.319,0.010,0.003
144,1.465,0.010,1.467,0.012,0.003
145,1.617,0.013,1.621,0.014,0.005
146,1.766,0.017,1.770,0.019,0.005
147,1.920,0.019,1.923,0.020,0.004
148,2.070,0.022,2.071,0.023,0.001
149,2.233,0.028,2.232,0.028,0.001
150,2.416,0.031,2.413,0.031,0.003
151,2.611,0.032,2.609,0.031,0.003
152,2.780,0.038,2.778,0.037,0.003
153,2.978,0.043,2.973,0.042,0.005
154,3.183,0.049,3.179,0.048,0.004
155,3.396,0.054,3.392,0.052,0.005
156,3.582,0.061,3.578,0.058,0.005
157,3.784,0.067,3.780,0.064,0.005
158,3.982,0.074,3.977,0.070,0.006
159,4.184,0.084,4.177,0.078,0.009
160,4.387,0.089,4.379,0.082,0.010
161,4.584,0.097,4.576,0.089,0.011
162,4.791,0.107,4.782,0.098,0.013
163,4.999,0.110,4.990,0.101,0.013
164,5.197,0.120,5.189,0.111,0.012
165,5.405,0.126,5.399,0.118,0.011
166,5.612,0.133,5.607,0.125,0.009
167,5.829,0.142,5.824,0.133,0.010
168,6.055,0.156,6.050,0.145,0.012
169,6.286,0.167,6.280,0.154,0.014
170,6.515,0.180,6.509,0.167,0.014
171,6.756,0.195,6.750,0.183,0.013
172,6.997,0.204,6.992,0.193,0.012
173,7.220,0.217,7.215,0.205,0.013
174,7.451,0.232,7.445,0.220,0.013
175,7.692,0.245,7.686,0.232,0.014
176,7.923,0.262,7.918,0.249,0.014
177,8.148,0.277,8.143,0.263,0.014
178,8.381,0.294,8.376,0.278,0.017
179,8.621,0.310,8.617,0.292,0.019
180,8.847,0.327,8.843,0.306,0.021
181,9.080,0.344,9.076,0.323,0.022
182,9.315,0.362,9.311,0.340,0.022
183,9.550,0.377,9.544,0.355,0.023
184,9.837,0.395,9.831,0.372,0.024
185,10.072,0.412,10.067,0.388,0.024
186,10.332,0.430,10.326,0.405,0.025
187,10.582,0.448,10.576,0.423,0.026
188,10.806,0.465,10.800,0.439,0.027
189,11.025,0.474,11.020,0.446,0.029
190,11.183,0.472,11.179,0.440,0.032
191,11.371,0.472,11.368,0.438,0.034
192,11.561,0.428,11.559,0.394,0.034
193,11.807,0.361,11.805,0.324,0.037
194,12.086,0.282,12.085,0.240,0.042
195,12.382,0.206,12.382,0.161,0.045
196,12.673,0.117,12.672,0.073,0.044
197,13.006,0.038,13.000,-0.001,0.040
198,13.350,0.022,13.339,-0.010,0.034
199,13.723,0.013,13.705,-0.012,0.031
200,14.084,0.010,14.061,-0.008,0.029
201,14.456,0.010,14.426,-0.001,0.032
202,14.802,0.012,14.767,0.008,0.035
204,14.809,0.011,14.768,0.010,0.041
205,14.789,0.012,14.742,0.012,0.047
206,14.758,-0.002,14.706,-0.001,0.052
207,14.688,0.002,14.631,0.005,0.058
208,14.587,-0.005,14.517,0.001,0.071
209,14.544,-0.015,14.472,-0.009,0.073
210,14.504,-0.045,14.432,-0.039,0.073
211,14.480,-0.072,14.407,-0.066,0.073
212,14.479,-0.094,14.402,-0.087,0.077
213,14.503,-0.123,14.425,-0.115,0.078
214,14.538,-0.155,14.460,-0.146,0.079
215,14.562,-0.207,14.493,-0.193,0.070
216,14.570,-0.183,14.501,-0.169,0.071
217,14.578,-0.157,14.509,-0.145,0.070
218,14.589,-0.133,14.518,-0.122,0.071
219,14.595,-0.108,14.524,-0.098,0.072
220,14.605,-0.083,14.533,-0.075,0.072
221,14.607,-0.075,14.535,-0.068,0.072
222,14.562,-0.053,14.490,-0.047,0.072
223,14.514,-0.058,14.442,-0.052,0.072
224,14.496,-0.045,14.423,-0.039,0.073
225,14.471,-0.076,14.398,-0.070,0.073
226,14.464,-0.116,14.390,-0.110,0.074
239,14.392,-0.115,14.319,-0.109,0.073
240,14.155,-0.104,14.081,-0.099,0.074
241,13.882,-0.093,13.808,-0.089,0.074
242,13.613,-0.063,13.539,-0.060,0.074
243,13.341,-0.023,13.268,-0.021,0.073
244,13.016,-0.036,12.947,-0.035,0.069
245,12.728,-0.030,12.663,-0.031,0.065
246,12.422,-0.024,12.360,-0.025,0.062
247,12.118,-0.020,12.058,-0.022,0.060
248,11.805,-0.011,11.747,-0.014,0.058
249,11.479,-0.001,11.422,-0.005,0.057
250,11.157,0.010,11.103,0.005,0.054
251,10.834,0.016,10.782,0.011,0.053
252,10.509,0.023,10.457,0.018,0.052
253,10.176,0.027,10.127,0.020,0.049
254,9.838,0.030,9.791,0.023,0.047
255,9.517,0.030,9.473,0.023,0.045
256,9.215,0.028,9.177,0.020,0.038
257,8.903,0.029,8.868,0.021,0.036
258,8.580,0.031,8.548,0.022,0.033
259,8.297,0.030,8.267,0.022,0.031
260,7.993,0.028,7.966,0.019,0.028
261,7.673,0.024,7.650,0.015,0.024
262,7.347,0.027,7.327,0.018,0.022
263,6.992,0.025,6.973,0.016,0.021
264,6.654,0.022,6.635,0.013,0.021
265,6.300,0.018,6.283,0.009,0.019
266,5.960,0.022,5.946,0.014,0.016
267,5.642,0.036,5.630,0.028,0.014
268,5.299,0.052,5.288,0.044,0.014
269,4.909,0.065,4.900,0.058,0.012
270,4.533,0.080,4.524,0.073,0.011
271,4.148,0.094,4.140,0.087,0.011
272,3.756,0.104,3.749,0.098,0.010
273,3.371,0.114,3.364,0.108,0.009
274,2.981,0.121,2.974,0.116,0.008
275,2.606,0.126,2.600,0.122,0.007
276,2.217,0.131,2.211,0.127,0.007
277,1.838,0.133,1.833,0.130,0.006
278,1.435,0.136,1.430,0.134,0.005
279,1.044,0.140,1.039,0.139,0.005
280,0.642,0.140,0.637,0.139,0.005
281,0.273,0.138,0.268,0.138,0.005
282,0.147,0.131,0.143,0.131,0.004
325,0.154,0.117,0.149,0.117,0.005
326,0.179,0.070,0.175,0.070,0.004
327,0.154,0.038,0.149,0.038,0.005
328,0.204,0.022,0.200,0.022,0.004
329,0.224,0.015,0.219,0.015,0.005
330,0.227,-0.126,0.221,-0.126,0.006
331,0.230,-0.439,0.222,-0.438,0.008
332,0.236,-0.771,0.225,-0.771,0.011
333,0.239,-1.131,0.225,-1.131,0.014
334,0.243,-1.483,0.226,-1.483,0.017
335,0.246,-1.843,0.225,-1.842,0.021
336,0.253,-2.157,0.228,-2.157,0.025
337,0.259,-2.464,0.231,-2.463,0.028
338,0.252,-2.777,0.221,-2.777,0.031
339,0.247,-3.128,0.211,-3.127,0.036
340,0.238,-3.524,0.197,-3.523,0.041
341,0.236,-3.912,0.190,-3.911,0.046
342,0.240,-4.268,0.188,-4.267,0.052
343,0.244,-4.632,0.188,-4.630,0.056
344,0.236,-5.032,0.174,-5.031,0.062
345,0.239,-5.396,0.170,-5.394,0.069
346,0.237,-5.753,0.163,-5.751,0.074
347,0.238,-6.100,0.159,-6.098,0.079
348,0.241,-6.452,0.155,-6.450,0.086
349,0.249,-6.784,0.158,-6.782,0.091
350,0.253,-7.085,0.157,-7.083,0.096
351,0.252,-7.528,0.149,-7.525,0.103
352,0.252,-7.838,0.143,-7.836,0.109
353,0.250,-8.177,0.136,-8.175,0.114
354,0.244,-8.495,0.124,-8.493,0.120
355,0.237,-8.814,0.111,-8.811,0.126
356,0.232,-9.158,0.101,-9.155,0.131
357,0.229,-9.484,0.091,-9.481,0.138
358,0.224,-9.814,0.081,-9.811,0.143
359,0.221,-10.154,0.072,-10.151,0.149
360,0.220,-10.452,0.066,-10.448,0.154
361,0.218,-10.727,0.059,-10.724,0.159
362,0.215,-11.000,0.052,-10.996,0.163
363,0.212,-11.273,0.044,-11.269,0.168
364,0.205,-11.556,0.032,-11.551,0.173
365,0.210,-11.832,0.033,-11.827,0.177
366,0.198,-12.118,0.017,-12.114,0.181
367,0.217,-12.380,0.033,-12.377,0.184
368,0.220,-12.649,0.031,-12.646,0.189
369,0.211,-12.903,0.019,-12.899,0.192
370,0.210,-13.252,0.013,-13.249,0.197
371,0.197,-13.572,-0.005,-13.568,0.202
372,0.184,-13.905,-0.022,-13.902,0.206
373,0.165,-14.278,-0.046,-14.274,0.211
374,0.160,-14.450,-0.054,-14.446,0.214
375,0.150,-14.719,-0.068,-14.715,0.218
377,0.150,-14.732,-0.068,-14.728,0.218
378,0.150,-14.732,-0.068,-14.728,0.218
379,0.160,-14.746,-0.058,-14.743,0.218
380,0.252,-14.849,0.032,-14.847,0.220
381,0.258,-14.852,0.038,-14.850,0.220
382,0.245,-14.801,0.026,-14.799,0.219
383,0.217,-14.758,-0.001,-14.755,0.218
384,0.243,-14.864,0.030,-14.867,0.213
385,0.252,-14.847,0.039,-14.851,0.213
386,0.205,-14.843,-0.008,-14.846,0.213
387,0.171,-14.851,-0.042,-14.853,0.213
388,0.146,-14.873,-0.068,-14.875,0.214
389,0.146,-14.874,-0.067,-14.875,0.213
390,0.111,-14.899,-0.102,-14.901,0.213
392,0.096,-14.940,-0.119,-14.941,0.215
393,0.105,-14.975,-0.110,-14.977,0.215
394,0.115,-15.007,-0.100,-15.008,0.215
395,0.114,-15.007,-0.101,-15.008,0.215
396,0.114,-15.008,-0.102,-15.009,0.216
397,0.114,-15.008,-0.102,-15.010,0.216
398,0.114,-15.008,-0.102,-15.010,0.216
399,0.114,-15.009,-0.102,-15.010,0.216
400,0.111,-15.005,-0.105,-15.007,0.216
401,0.139,-14.972,-0.075,-14.974,0.214
402,0.141,-14.919,-0.073,-14.922,0.214
403,0.152,-14.853,-0.060,-14.856,0.212
404,0.123,-14.822,-0.089,-14.824,0.212
405,0.094,-14.800,-0.117,-14.802,0.211
406,0.058,-14.787,-0.154,-14.788,0.212
407,0.017,-14.780,-0.194,-14.780,0.211
408,0.003,-14.777,-0.208,-14.777,0.211
409,0.005,-14.689,-0.204,-14.689,0.209
410,0.008,-14.399,-0.197,-14.400,0.205
411,0.008,-14.102,-0.192,-14.103,0.200
412,0.007,-13.770,-0.187,-13.771,0.194
413,0.005,-13.405,-0.182,-13.406,0.187
414,0.004,-13.017,-0.177,-13.018,0.181
415,0.001,-12.639,-0.174,-12.640,0.175
416,-0.004,-12.253,-0.172,-12.254,0.168
417,-0.011,-11.864,-0.173,-11.864,0.162
418,-0.018,-11.491,-0.173,-11.492,0.155
419,-0.027,-11.105,-0.176,-11.105,0.149
420,-0.037,-10.726,-0.179,-10.727,0.142
421,-0.049,-10.328,-0.185,-10.328,0.136
422,-0.063,-9.951,-0.192,-9.951,0.129
423,-0.073,-9.547,-0.196,-9.547,0.123
424,-0.088,-9.147,-0.205,-9.147,0.117
425,-0.102,-8.751,-0.213,-8.751,0.111
426,-0.114,-8.386,-0.219,-8.386,0.105
427,-0.132,-7.992,-0.231,-7.992,0.099
428,-0.143,-7.649,-0.237,-7.648,0.094
429,-0.156,-7.311,-0.245,-7.311,0.089
430,-0.162,-6.976,-0.245,-6.975,0.083
431,-0.167,-6.628,-0.246,-6.627,0.079
432,-0.174,-6.297,-0.248,-6.297,0.074
433,-0.174,-5.994,-0.244,-5.993,0.070
434,-0.173,-5.648,-0.238,-5.647,0.065
435,-0.174,-5.294,-0.234,-5.294,0.060
436,-0.173,-4.929,-0.229,-4.929,0.056
437,-0.174,-4.540,-0.225,-4.539,0.051
438,-0.177,-4.151,-0.223,-4.151,0.046
439,-0.179,-3.761,-0.220,-3.761,0.041
440,-0.183,-3.374,-0.220,-3.374,0.037
441,-0.190,-2.997,-0.222,-2.997,0.032
442,-0.185,-2.626,-0.214,-2.626,0.029
443,-0.177,-2.265,-0.202,-2.265,0.025
444,-0.168,-1.885,-0.189,-1.885,0.021
445,-0.161,-1.517,-0.178,-1.518,0.017
446,-0.154,-1.152,-0.167,-1.153,0.013
447,-0.149,-0.794,-0.158,-0.795,0.009
448,-0.144,-0.455,-0.151,-0.456,0.007
449,-0.144,-0.307,-0.148,-0.310,0.005
452,-0.144,-0.202,-0.146,-0.205,0.004
453,-0.143,-0.161,-0.144,-0.165,0.004
454,-0.120,-0.157,-0.120,-0.160,0.003
455,-0.059,-0.116,-0.059,-0.120,0.004
456,0.013,-0.101,0.013,-0.106,0.005
457,0.075,-0.125,0.075,-0.126,0.001
458,0.134,-0.159,0.134,-0.159,0.000
471,0.145,-0.158,0.145,-0.158,0.000
488,0.390,-0.166,0.390,-0.167,0.001
489,0.684,-0.175,0.685,-0.174,0.001
490,1.015,-0.185,1.016,-0.184,0.001
491,1.384,-0.198,1.384,-0.196,0.002
492,1.762,-0.206,1.756,-0.206,0.006
493,2.303,-0.207,2.292,-0.209,0.012
494,2.996,-0.217,2.986,-0.221,0.010
495,3.391,-0.220,3.381,-0.223,0.010
496,3.983,-0.224,3.975,-0.229,0.009
497,4.357,-0.224,4.352,-0.230,0.008
498,4.733,-0.222,4.725,-0.229,0.011
499,5.140,-0.220,5.131,-0.230,0.013
500,5.768,-0.212,5.757,-0.225,0.017
501,6.146,-0.209,6.138,-0.221,0.015
502,6.534,-0.201,6.527,-0.214,0.014
503,6.908,-0.190,6.901,-0.204,0.016
504,7.283,-0.187,7.276,-0.200,0.015
505,7.854,-0.174,7.847,-0.189,0.016
506,8.242,-0.153,8.235,-0.170,0.018
507,8.633,-0.140,8.626,-0.158,0.019
508,9.008,-0.127,9.003,-0.147,0.021
509,9.587,-0.108,9.581,-0.128,0.020
510,9.975,-0.091,9.969,-0.112,0.022
511,10.367,-0.074,10.361,-0.097,0.024
512,10.774,-0.052,10.767,-0.083,0.032
513,11.149,-0.030,11.143,-0.064,0.035
514,11.539,-0.018,11.533,-0.049,0.032
515,12.130,0.016,12.082,-0.009,0.054
516,12.554,0.041,12.503,0.018,0.056
517,12.969,0.066,12.916,0.047,0.057
518,13.393,0.087,13.336,0.072,0.059
519,13.808,0.115,13.748,0.105,0.061
520,14.324,0.155,14.261,0.152,0.063
531,14.335,0.152,14.270,0.151,0.065
532,14.361,0.152,14.292,0.154,0.069
533,14.363,0.117,14.292,0.121,0.071
534,14.322,0.122,14.250,0.127,0.072
541,14.281,0.111,14.209,0.116,0.072
543,14.249,0.089,14.176,0.093,0.073
544,14.220,0.099,14.146,0.105,0.074
545,14.218,0.040,14.144,0.045,0.074
546,14.430,0.160,14.351,0.167,0.079
547,14.247,-0.006,14.167,0.000,0.080
548,14.275,-0.025,14.196,-0.019,0.079
549,14.295,-0.031,14.209,-0.025,0.086
550,14.299,-0.036,14.213,-0.032,0.086
551,14.331,-0.029,14.249,-0.024,0.082
552,14.342,-0.022,14.261,-0.018,0.081
553,14.358,-0.015,14.278,-0.010,0.080
554,14.361,0.003,14.283,0.008,0.078
555,14.364,0.021,14.287,0.026,0.077
557,14.368,0.039,14.292,0.044,0.076
560,14.371,0.056,14.296,0.062,0.075
561,14.376,0.074,14.302,0.080,0.074
562,14.338,0.098,14.265,0.103,0.074
563,14.313,0.108,14.240,0.114,0.074
566,14.361,0.532,14.286,0.538,0.075
567,14.416,1.051,14.340,1.057,0.077
568,14.446,1.369,14.369,1.375,0.078
569,14.477,1.701,14.398,1.707,0.079
570,14.505,2.026,14.425,2.032,0.080
571,14.530,2.330,14.449,2.336,0.081
572,14.555,2.654,14.473,2.661,0.083
573,14.579,2.962,14.495,2.969,0.084
574,14.603,3.258,14.518,3.265,0.086
575,14.626,3.567,14.538,3.575,0.088
576,14.650,3.843,14.561,3.851,0.089
577,14.667,4.078,14.577,4.087,0.090
578,14.683,4.306,14.592,4.315,0.091
579,14.698,4.539,14.606,4.548,0.092
580,14.716,4.776,14.622,4.785,0.094
581,14.731,4.993,14.636,5.002,0.095
582,14.743,5.206,14.648,5.215,0.096
583,14.752,5.389,14.656,5.399,0.097
584,14.751,5.561,14.654,5.570,0.097
585,14.752,5.740,14.654,5.749,0.099
586,14.751,5.949,14.652,5.959,0.100
587,14.752,6.169,14.651,6.179,0.102
588,14.751,6.379,14.649,6.389,0.102
589,14.749,6.587,14.646,6.597,0.103
590,14.751,6.793,14.647,6.803,0.104
591,14.756,6.961,14.652,6.972,0.105
592,14.761,7.153,14.655,7.163,0.107
593,14.767,7.355,14.660,7.365,0.108
594,14.772,7.550,14.664,7.560,0.108
595,14.779,7.744,14.670,7.754,0.110
596,14.784,7.938,14.674,7.949,0.111
597,14.787,8.121,14.676,8.132,0.112
598,14.792,8.306,14.680,8.317,0.113
599,14.797,8.488,14.684,8.498,0.113
600,14.803,8.678,14.688,8.689,0.115
601,14.808,8.870,14.693,8.880,0.116
602,14.815,9.058,14.699,9.068,0.116
603,14.823,9.247,14.706,9.258,0.117
604,14.834,9.442,14.716,9.453,0.119
605,14.844,9.630,14.725,9.641,0.120
606,14.854,9.805,14.734,9.816,0.120
607,14.857,9.859,14.737,9.870,0.121
608,14.827,9.865,14.707,9.875,0.120
609,14.787,9.861,14.667,9.872,0.120
610,14.796,9.856,14.676,9.867,0.120
611,14.799,9.854,14.679,9.865,0.120
612,14.802,9.852,14.681,9.863,0.121
613,14.804,9.850,14.684,9.861,0.120
614,14.808,9.848,14.687,9.859,0.121
615,14.807,9.839,14.686,9.851,0.121
616,14.849,9.821,14.729,9.833,0.121
617,14.875,9.817,14.755,9.829,0.120
623,14.869,9.611,14.750,9.623,0.119
624,14.859,9.370,14.741,9.382,0.118
625,14.852,9.119,14.735,9.131,0.118
626,14.842,8.836,14.727,8.848,0.116
627,14.832,8.560,14.718,8.572,0.115
628,14.823,8.275,14.709,8.287,0.114
629,14.810,7.959,14.698,7.971,0.112
630,14.799,7.628,14.689,7.640,0.111
631,14.790,7.277,14.681,7.289,0.109
632,14.780,6.897,14.673,6.909,0.107
633,14.772,6.533,14.667,6.546,0.106
634,14.765,6.188,14.661,6.201,0.105
635,14.758,5.842,14.656,5.855,0.103
636,14.755,5.467,14.655,5.481,0.101
637,14.752,5.091,14.653,5.104,0.100
638,14.748,4.728,14.651,4.741,0.098
639,14.746,4.337,14.651,4.350,0.096
640,14.744,3.981,14.651,3.994,0.094
641,14.744,3.593,14.653,3.606,0.092
642,14.745,3.211,14.655,3.224,0.091
643,14.746,2.846,14.657,2.860,0.090
644,14.749,2.468,14.663,2.482,0.087
645,14.752,2.101,14.668,2.115,0.085
646,14.757,1.737,14.675,1.751,0.083
647,14.764,1.362,14.684,1.376,0.082
648,14.770,0.975,14.692,0.989,0.079
649,14.774,0.595,14.699,0.610,0.077
650,14.789,-0.096,14.718,-0.081,0.072
651,14.842,-0.862,14.770,-0.851,0.072
652,14.847,-1.152,14.777,-1.141,0.071
653,14.846,-1.430,14.778,-1.418,0.069
654,14.851,-1.729,14.786,-1.717,0.067
655,14.856,-2.014,14.792,-2.001,0.065
656,14.862,-2.293,14.800,-2.280,0.063
657,14.862,-2.573,14.804,-2.558,0.060
658,14.854,-2.931,14.800,-2.913,0.057
659,14.856,-3.283,14.806,-3.264,0.054
660,14.855,-3.642,14.808,-3.620,0.052
661,14.856,-3.964,14.812,-3.940,0.050
662,14.855,-4.276,14.813,-4.252,0.048
663,14.855,-4.613,14.816,-4.588,0.046
664,14.855,-4.922,14.820,-4.897,0.044
665,14.854,-5.251,14.821,-5.224,0.042
666,14.841,-5.585,14.811,-5.558,0.041
667,14.817,-5.901,14.789,-5.874,0.039
668,14.791,-6.260,14.766,-6.231,0.039
669,14.762,-6.638,14.740,-6.607,0.038
670,14.735,-7.016,14.714,-6.985,0.037
671,14.709,-7.370,14.689,-7.339,0.037
672,14.685,-7.735,14.667,-7.702,0.037
673,14.662,-8.118,14.646,-8.085,0.037
674,14.639,-8.484,14.623,-8.451,0.037
675,14.617,-8.837,14.601,-8.803,0.037
676,14.603,-9.103,14.586,-9.070,0.037
695,14.587,-9.390,14.570,-9.358,0.036
696,14.571,-9.691,14.553,-9.659,0.036
697,14.556,-10.000,14.537,-9.969,0.037
698,14.541,-10.315,14.520,-10.285,0.037
704,14.532,-10.490,14.511,-10.460,0.037
705,14.522,-10.726,14.500,-10.695,0.038
706,14.511,-10.977,14.488,-10.947,0.038
707,14.501,-11.247,14.474,-11.217,0.041
708,14.494,-11.523,14.461,-11.493,0.045
709,14.482,-11.802,14.445,-11.771,0.049
710,14.472,-12.077,14.430,-12.044,0.053
711,14.499,-12.375,14.446,-12.339,0.064
712,14.489,-12.670,14.431,-12.633,0.069
713,14.485,-12.762,14.422,-12.721,0.075
716,14.475,-13.005,14.407,-12.960,0.081
717,14.464,-13.270,14.392,-13.221,0.087
718,14.457,-13.547,14.381,-13.495,0.091
719,14.452,-13.836,14.373,-13.781,0.097
720,14.442,-14.146,14.359,-14.086,0.103
721,14.434,-14.455,14.346,-14.390,0.109
722,14.426,-14.757,14.332,-14.685,0.118
723,14.423,-15.024,14.324,-14.951,0.123
778,14.425,-15.028,14.319,-14.948,0.133
779,14.429,-15.025,14.320,-14.942,0.137
780,14.437,-15.023,14.320,-14.933,0.148
781,14.425,-15.027,14.301,-14.929,0.158
782,14.411,-15.011,14.257,-14.884,0.199
783,14.405,-15.010,14.244,-14.876,0.210
786,14.332,-15.010,14.163,-14.866,0.222
787,14.065,-14.982,13.881,-14.821,0.245
788,13.767,-14.951,13.558,-14.762,0.282
789,13.470,-14.920,13.258,-14.725,0.288
790,13.167,-14.883,12.956,-14.685,0.290
791,12.866,-14.819,12.652,-14.614,0.296
792,12.544,-14.753,12.330,-14.544,0.299
793,12.199,-14.683,11.987,-14.470,0.300
794,11.869,-14.617,11.658,-14.400,0.302
795,11.534,-14.549,11.325,-14.328,0.304
796,11.188,-14.545,10.980,-14.319,0.307
797,10.840,-14.540,10.636,-14.307,0.310
798,10.489,-14.537,10.288,-14.298,0.313
799,10.154,-14.536,9.956,-14.289,0.317
800,9.833,-14.537,9.637,-14.281,0.322
801,9.502,-14.537,9.305,-14.274,0.328
802,9.170,-14.537,8.974,-14.265,0.335
803,8.844,-14.531,8.649,-14.250,0.342
804,8.478,-14.524,8.283,-14.233,0.350
805,8.123,-14.518,7.930,-14.216,0.358
806,7.764,-14.512,7.571,-14.200,0.367
807,7.394,-14.508,7.203,-14.184,0.376
808,7.023,-14.506,6.834,-14.169,0.387
809,6.673,-14.506,6.484,-14.155,0.398
810,6.326,-14.506,6.138,-14.142,0.410
811,5.963,-14.506,5.774,-14.128,0.422
812,5.602,-14.508,5.413,-14.117,0.435
813,5.243,-14.512,5.052,-14.110,0.445
814,4.887,-14.512,4.693,-14.100,0.455
815,4.529,-14.517,4.336,-14.090,0.469
816,4.195,-14.523,4.002,-14.082,0.482
817,3.857,-14.529,3.664,-14.073,0.495
818,3.528,-14.534,3.335,-14.064,0.508
819,3.190,-14.542,2.998,-14.057,0.521
820,2.860,-14.551,2.664,-14.051,0.537
821,2.531,-14.559,2.333,-14.044,0.552
822,2.205,-14.571,2.004,-14.041,0.567
823,1.850,-14.591,1.645,-14.043,0.585
824,1.571,-14.593,1.364,-14.033,0.597
825,1.258,-14.603,1.049,-14.029,0.610
826,0.937,-14.618,0.728,-14.029,0.625
827,0.615,-14.621,0.404,-14.016,0.641
828,0.359,-14.600,0.149,-13.984,0.650
829,0.143,-14.553,-0.065,-13.929,0.658
830,0.008,-14.434,-0.195,-13.805,0.661
831,-0.067,-14.289,-0.263,-13.656,0.662
832,-0.068,-14.110,-0.255,-13.477,0.660
833,-0.050,-14.079,-0.236,-13.447,0.658
836,-0.052,-14.136,-0.241,-13.505,0.659
843,-0.055,-14.352,-0.254,-13.720,0.663
844,-0.066,-14.522,-0.272,-13.890,0.665
845,-0.073,-14.604,-0.284,-13.971,0.668
846,-0.060,-14.602,-0.270,-13.970,0.666
847,-0.043,-14.587,-0.252,-13.956,0.664
848,0.020,-14.675,-0.193,-14.047,0.663
849,0.015,-14.690,-0.197,-14.063,0.662
850,0.016,-14.700,-0.196,-14.073,0.662
852,0.333,-14.723,0.119,-14.112,0.647
853,0.663,-14.745,0.448,-14.152,0.630
854,0.999,-14.767,0.783,-14.193,0.614
855,1.331,-14.788,1.114,-14.231,0.598
856,1.663,-14.808,1.444,-14.269,0.582
857,1.994,-14.829,1.773,-14.307,0.566
858,2.344,-14.848,2.122,-14.346,0.549
859,2.706,-14.868,2.483,-14.385,0.532
860,3.076,-14.887,2.851,-14.425,0.514
861,3.436,-14.906,3.210,-14.464,0.497
862,3.812,-14.922,3.585,-14.501,0.479
863,4.191,-14.938,3.963,-14.537,0.461
864,4.569,-14.954,4.339,-14.574,0.445
865,4.934,-14.965,4.704,-14.605,0.428
866,5.328,-14.977,5.096,-14.638,0.411
867,5.705,-14.989,5.473,-14.669,0.395
868,6.092,-14.996,5.860,-14.697,0.378
869,6.473,-15.006,6.240,-14.727,0.364
870,6.852,-15.009,6.618,-14.749,0.350
871,7.263,-15.014,7.029,-14.774,0.335
872,7.629,-15.023,7.394,-14.801,0.323
873,8.009,-15.028,7.773,-14.824,0.312
874,8.391,-15.030,8.155,-14.843,0.301
875,8.783,-15.033,8.547,-14.863,0.291
876,9.155,-15.027,8.919,-14.873,0.281
877,9.508,-14.919,9.277,-14.779,0.270
878,9.865,-14.822,9.637,-14.696,0.261
879,10.225,-14.724,10.000,-14.610,0.252
880,10.550,-14.634,10.328,-14.531,0.245
881,10.865,-14.547,10.645,-14.454,0.239
882,11.162,-14.499,10.944,-14.415,0.233
883,11.445,-14.496,11.229,-14.420,0.229
884,11.722,-14.485,11.506,-14.415,0.227
885,11.995,-14.480,11.780,-14.416,0.224
886,12.220,-14.571,12.003,-14.512,0.225
887,12.560,-14.671,12.341,-14.619,0.225
888,12.914,-14.777,12.693,-14.733,0.226
889,13.271,-14.876,13.048,-14.839,0.226
890,13.615,-14.929,13.390,-14.899,0.227
891,13.892,-14.924,13.667,-14.899,0.226
892,14.164,-14.865,13.941,-14.846,0.224
893,14.409,-14.759,14.188,-14.745,0.222
894,14.644,-14.601,14.426,-14.592,0.218
895,14.839,-14.502,14.623,-14.496,0.216
896,14.942,-14.358,14.729,-14.354,0.213
897,15.031,-14.138,14.822,-14.137,0.209
898,15.036,-13.927,14.831,-13.926,0.205
899,15.011,-13.718,14.810,-13.716,0.201
900,14.993,-13.506,14.797,-13.504,0.196
901,14.973,-13.280,14.781,-13.278,0.192
902,14.955,-13.073,14.767,-13.070,0.188
903,14.933,-12.837,14.749,-12.834,0.184
904,14.910,-12.605,14.730,-12.601,0.180
905,14.885,-12.363,14.710,-12.359,0.175
906,14.857,-12.092,14.687,-12.088,0.170
907,14.826,-11.804,14.661,-11.800,0.165
908,14.797,-11.515,14.637,-11.510,0.160
909,14.762,-11.205,14.608,-11.199,0.154
910,14.732,-10.924,14.583,-10.917,0.150
911,14.702,-10.646,14.557,-10.639,0.145
912,14.669,-10.378,14.529,-10.370,0.141
913,14.664,-10.162,14.528,-10.155,0.136
914,14.670,-9.895,14.537,-9.887,0.133
915,14.675,-9.521,14.549,-9.514,0.127
916,14.680,-9.180,14.558,-9.173,0.122
917,14.686,-8.826,14.569,-8.819,0.118
918,14.689,-8.508,14.576,-8.501,0.113
919,14.690,-8.166,14.581,-8.159,0.109
920,14.691,-7.814,14.586,-7.807,0.105
921,14.691,-7.473,14.591,-7.466,0.101
922,14.692,-7.163,14.595,-7.156,0.097
923,14.695,-6.864,14.601,-6.858,0.094
924,14.695,-6.586,14.603,-6.580,0.092
925,14.694,-6.312,14.605,-6.305,0.090
926,14.691,-6.022,14.604,-6.015,0.087
927,14.690,-5.743,14.606,-5.736,0.085
928,14.687,-5.476,14.604,-5.469,0.083
929,14.691,-5.208,14.610,-5.201,0.081
930,14.694,-4.918,14.616,-4.911,0.079
931,14.699,-4.613,14.623,-4.607,0.077
932,14.705,-4.299,14.631,-4.292,0.074
933,14.710,-3.999,14.637,-3.992,0.073
934,14.715,-3.692,14.643,-3.685,0.073
935,14.719,-3.392,14.649,-3.385,0.071
936,14.723,-3.082,14.653,-3.076,0.070
937,14.726,-2.769,14.657,-2.762,0.069
938,14.729,-2.468,14.661,-2.461,0.069
939,14.729,-2.143,14.661,-2.137,0.068
940,14.732,-1.833,14.664,-1.826,0.069
941,14.734,-1.533,14.666,-1.527,0.069
942,14.733,-1.220,14.665,-1.214,0.069
943,14.733,-0.888,14.664,-0.881,0.069
944,14.732,-0.577,14.662,-0.571,0.070
945,14.730,-0.261,14.659,-0.254,0.071
946,14.728,0.026,14.655,0.033,0.073
949,14.727,0.031,14.655,0.038,0.072
967,14.703,0.025,14.630,0.032,0.073
968,14.656,0.011,14.583,0.018,0.073
969,14.624,-0.006,14.551,0.000,0.073
970,14.606,-0.059,14.533,-0.053,0.073
971,14.607,-0.086,14.534,-0.079,0.073
972,14.608,-0.084,14.534,-0.078,0.074
973,14.122,-0.075,14.048,-0.070,0.074
974,13.059,-0.044,12.989,-0.044,0.070
975,10.129,0.162,10.080,0.155,0.049
976,8.799,0.229,8.767,0.220,0.033
977,7.524,0.274,7.504,0.265,0.022
978,6.241,0.274,6.227,0.265,0.017
979,4.935,0.279,4.926,0.271,0.012
980,4.543,0.279,4.535,0.272,0.011
981,4.166,0.277,4.159,0.270,0.010
982,3.784,0.272,3.777,0.266,0.009
983,3.392,0.267,3.386,0.261,0.008
984,3.003,0.258,2.997,0.253,0.008
985,2.611,0.247,2.605,0.243,0.007
986,2.224,0.236,2.218,0.232,0.007
987,1.832,0.221,1.827,0.218,0.006
988,1.455,0.208,1.450,0.206,0.005
989,1.067,0.196,1.062,0.194,0.005
990,0.704,0.182,0.699,0.181,0.005
991,0.355,0.165,0.350,0.165,0.005
992,0.091,0.146,0.086,0.147,0.005
1033,0.118,0.093,0.113,0.093,0.005
1034,0.093,0.060,0.089,0.061,0.005
1035,0.154,0.048,0.150,0.049,0.004
1143,0.151,-0.046,0.146,-0.045,0.005
1144,0.137,-0.447,0.129,-0.446,0.008
1145,0.122,-0.829,0.111,-0.828,0.011
1146,0.112,-1.206,0.097,-1.205,0.015
1147,0.104,-1.574,0.086,-1.572,0.018
1148,0.101,-1.973,0.078,-1.971,0.023
1149,0.041,-3.294,0.003,-3.290,0.039
1150,0.041,-3.664,-0.002,-3.660,0.043
1151,0.041,-4.036,-0.007,-4.032,0.048
1152,0.063,-5.333,-0.004,-5.329,0.067
1153,0.073,-5.701,0.000,-5.696,0.073
1154,0.094,-6.075,0.015,-6.071,0.079
1155,0.095,-6.472,0.009,-6.467,0.086
1156,0.096,-6.845,0.005,-6.841,0.092
1157,0.098,-7.250,-0.000,-7.245,0.099
1158,0.100,-7.658,-0.005,-7.653,0.106
1159,0.104,-8.065,-0.008,-8.060,0.112
1160,0.120,-9.313,-0.014,-9.308,0.134
1161,0.124,-9.490,-0.014,-9.485,0.138
1162,0.117,-9.630,-0.023,-9.625,0.140
1163,0.130,-9.821,-0.013,-9.816,0.143
1164,0.121,-10.038,-0.026,-10.033,0.147
1165,0.105,-10.917,-0.057,-10.912,0.162
1166,0.103,-11.170,-0.063,-11.164,0.166
1167,0.098,-11.428,-0.072,-11.422,0.170
1168,0.088,-11.719,-0.088,-11.713,0.176
1169,0.081,-12.724,-0.110,-12.718,0.191
1170,0.078,-13.011,-0.117,-13.003,0.195
1171,0.074,-13.278,-0.125,-13.271,0.199
1172,0.075,-13.522,-0.127,-13.515,0.202
1173,0.074,-13.752,-0.130,-13.744,0.204
1174,0.075,-14.037,-0.133,-14.029,0.208
1175,0.072,-14.155,-0.136,-14.147,0.208
1176,0.070,-14.323,-0.140,-14.315,0.210
1177,0.071,-14.447,-0.140,-14.438,0.212
1179,0.071,-14.446,-0.141,-14.437,0.212
1180,0.070,-14.445,-0.141,-14.437,0.211
1181,0.073,-14.449,-0.139,-14.440,0.212
1182,0.102,-14.426,-0.110,-14.417,0.212
1183,0.106,-14.392,-0.105,-14.383,0.212
1184,0.109,-14.365,-0.103,-14.356,0.212
1191,0.339,-14.370,0.127,-14.361,0.212
1192,0.561,-14.375,0.349,-14.365,0.213
1193,0.828,-14.379,0.616,-14.368,0.212
1194,1.137,-14.386,0.925,-14.373,0.213
1195,1.426,-14.389,1.214,-14.375,0.213
1196,1.699,-14.391,1.486,-14.374,0.213
1197,1.986,-14.393,1.774,-14.374,0.213
1198,2.262,-14.393,2.049,-14.371,0.214
1199,2.521,-14.395,2.309,-14.370,0.214
1200,2.780,-14.394,2.567,-14.366,0.215
1201,3.036,-14.394,2.823,-14.363,0.215
1202,3.238,-14.393,3.025,-14.360,0.215
1203,3.433,-14.393,3.220,-14.358,0.215
1204,3.615,-14.392,3.402,-14.354,0.216
1205,3.790,-14.391,3.577,-14.351,0.217
1206,3.949,-14.390,3.736,-14.348,0.217
1207,4.098,-14.388,3.885,-14.344,0.218
1208,4.252,-14.388,4.038,-14.341,0.219
1209,4.383,-14.389,4.170,-14.341,0.219
1210,4.544,-14.390,4.330,-14.340,0.220
1211,4.710,-14.393,4.497,-14.340,0.220
1212,4.872,-14.393,4.659,-14.339,0.220
1213,5.036,-14.395,4.822,-14.338,0.221
1214,5.194,-14.397,4.981,-14.338,0.221
1215,5.359,-14.397,5.145,-14.336,0.222
1216,5.524,-14.398,5.310,-14.334,0.223
1217,5.707,-14.396,5.493,-14.330,0.224
1218,5.889,-14.395,5.675,-14.326,0.224
1219,6.064,-14.394,5.850,-14.323,0.226
1220,6.227,-14.392,6.013,-14.319,0.227
1221,6.387,-14.395,6.173,-14.320,0.227
1222,6.535,-14.395,6.320,-14.319,0.228
1223,6.695,-14.403,6.480,-14.325,0.228
1224,6.893,-14.411,6.679,-14.331,0.229
1225,7.100,-14.417,6.886,-14.335,0.229
1226,7.297,-14.425,7.083,-14.341,0.230
1227,7.502,-14.432,7.288,-14.346,0.231
1228,7.700,-14.440,7.486,-14.352,0.232
1229,7.908,-14.445,7.694,-14.357,0.232
1230,8.134,-14.454,7.919,-14.364,0.233
1231,8.369,-14.460,8.154,-14.369,0.233
1232,8.604,-14.470,8.389,-14.378,0.234
1233,8.819,-14.473,8.605,-14.381,0.233
1234,9.045,-14.480,8.831,-14.388,0.233
1235,9.290,-14.486,9.075,-14.394,0.234
1236,9.553,-14.490,9.338,-14.399,0.233
1237,9.816,-14.497,9.602,-14.406,0.233
1238,10.051,-14.502,9.836,-14.413,0.232
1239,10.297,-14.508,10.082,-14.420,0.233
1240,10.547,-14.512,10.332,-14.427,0.231
1241,10.797,-14.517,10.582,-14.434,0.231
1242,11.045,-14.521,10.829,-14.442,0.230
1243,11.291,-14.524,11.075,-14.448,0.229
1244,11.535,-14.527,11.319,-14.455,0.227
1245,11.773,-14.528,11.557,-14.460,0.226
1246,12.800,-14.634,12.582,-14.587,0.223
1247,13.093,-14.692,12.873,-14.651,0.223
1248,13.389,-14.744,13.169,-14.710,0.223
1249,13.688,-14.797,13.466,-14.769,0.224
1250,13.984,-14.837,13.761,-14.814,0.224
1251,14.225,-14.842,14.002,-14.825,0.224
1252,14.469,-14.850,14.246,-14.837,0.223
1253,14.722,-14.857,14.499,-14.849,0.223
1254,14.907,-14.858,14.684,-14.854,0.223
1260,14.911,-14.857,14.687,-14.853,0.224
1261,14.909,-14.855,14.686,-14.851,0.223
1262,14.942,-14.815,14.719,-14.812,0.223
1263,14.958,-14.747,14.737,-14.744,0.221
1264,14.904,-14.757,14.683,-14.753,0.221
1276,14.891,-14.798,14.670,-14.794,0.222
1279,14.881,-14.603,14.663,-14.598,0.218
1280,14.870,-14.321,14.657,-14.317,0.213
1281,14.836,-13.370,14.642,-13.365,0.194
1282,14.825,-13.129,14.636,-13.124,0.189
1283,14.814,-12.882,14.629,-12.877,0.185
1284,14.800,-12.622,14.620,-12.616,0.180
1285,14.786,-12.363,14.611,-12.357,0.175
1286,14.774,-12.112,14.603,-12.106,0.171
1287,14.759,-11.870,14.593,-11.864,0.166
1288,14.745,-11.614,14.584,-11.607,0.161
1289,14.729,-11.336,14.573,-11.329,0.156
1290,14.711,-11.048,14.560,-11.042,0.151
1291,14.697,-10.779,14.551,-10.772,0.147
1292,14.688,-10.513,14.545,-10.506,0.143
1293,14.682,-10.225,14.544,-10.218,0.138
1294,14.674,-9.914,14.541,-9.906,0.133
1295,14.669,-9.627,14.541,-9.619,0.128
1296,14.664,-9.331,14.540,-9.323,0.124
1297,14.658,-9.051,14.538,-9.043,0.120
1298,14.651,-8.772,14.535,-8.765,0.116
1299,14.642,-8.468,14.529,-8.460,0.113
1300,14.630,-8.074,14.522,-8.067,0.108
1301,14.651,-6.462,14.561,-6.455,0.091
1302,14.670,-6.062,14.584,-6.055,0.087
1303,14.734,-4.469,14.659,-4.462,0.076
1304,14.747,-4.094,14.674,-4.087,0.074
1305,14.800,-2.531,14.731,-2.524,0.069
1306,14.809,-2.163,14.741,-2.157,0.068
1307,14.818,-1.780,14.750,-1.773,0.068
1308,14.840,-0.329,14.770,-0.323,0.070
1309,14.854,0.832,14.780,0.839,0.074
1310,14.857,1.171,14.781,1.178,0.076
1311,14.862,1.530,14.784,1.537,0.078
1312,14.862,1.899,14.783,1.907,0.080
1313,14.855,3.353,14.769,3.362,0.086
1314,14.852,3.731,14.764,3.740,0.088
1315,14.836,5.336,14.740,5.346,0.097
1316,14.830,5.704,14.731,5.714,0.099
1317,14.828,6.055,14.728,6.065,0.101
1318,14.818,6.410,14.716,6.420,0.103
1319,14.808,6.757,14.704,6.767,0.104
1320,14.799,7.101,14.693,7.112,0.106
1321,14.791,7.453,14.683,7.464,0.109
1322,14.779,7.809,14.669,7.819,0.110
1323,14.767,8.150,14.655,8.161,0.112
1324,14.755,8.502,14.642,8.512,0.113
1325,14.749,8.834,14.634,8.844,0.116
1326,14.742,9.170,14.625,9.181,0.117
1327,14.736,9.451,14.618,9.461,0.119
1328,14.731,9.660,14.612,9.670,0.119
1331,14.736,9.664,14.617,9.674,0.119
1332,14.766,9.662,14.647,9.673,0.120
1333,14.790,9.657,14.671,9.668,0.120
1334,14.816,9.652,14.697,9.663,0.119
1335,14.814,9.652,14.694,9.663,0.120
1336,14.810,9.651,14.691,9.662,0.119
1337,14.810,9.650,14.690,9.661,0.120
1338,14.805,9.650,14.685,9.662,0.120
1339,14.802,9.650,14.683,9.662,0.120
1340,14.801,9.647,14.681,9.659,0.120
1341,14.758,9.480,14.639,9.492,0.119
1342,14.753,9.221,14.635,9.233,0.118
1343,14.747,8.946,14.631,8.957,0.117
1344,14.741,8.634,14.627,8.645,0.115
1345,14.735,8.296,14.622,8.307,0.114
1346,14.729,7.965,14.617,7.977,0.112
1347,14.722,7.653,14.612,7.665,0.111
1348,14.718,7.331,14.609,7.343,0.110
1349,14.704,5.951,14.601,5.964,0.104
1350,14.702,5.644,14.601,5.657,0.102
1351,14.708,4.137,14.614,4.150,0.095
1352,14.711,3.797,14.618,3.811,0.094
1353,14.716,3.446,14.625,3.460,0.092
1354,14.721,3.104,14.632,3.117,0.090
1355,14.726,2.741,14.638,2.755,0.089
1356,14.732,2.389,14.647,2.402,0.086
1357,14.739,2.028,14.655,2.042,0.085
1358,14.749,1.657,14.667,1.670,0.083
1359,14.759,1.319,14.679,1.332,0.081
1360,14.769,0.981,14.691,0.994,0.079
1361,14.780,0.629,14.703,0.642,0.078
1362,14.780,0.024,14.701,0.034,0.080
1363,13.887,0.055,13.812,0.059,0.075
1364,12.155,-0.089,12.096,-0.091,0.059
1365,11.773,-0.129,11.714,-0.132,0.059
1366,10.132,-0.260,10.084,-0.267,0.048
1367,8.378,-0.181,8.350,-0.190,0.029
1368,8.009,-0.161,7.987,-0.170,0.024
1369,7.634,-0.140,7.614,-0.149,0.022
1370,7.257,-0.134,7.238,-0.143,0.021
1371,6.882,-0.122,6.865,-0.131,0.019
1372,6.493,-0.102,6.478,-0.111,0.017
1373,4.741,-0.032,4.732,-0.040,0.012
1374,4.358,-0.023,4.350,-0.030,0.011
1375,3.968,-0.010,3.961,-0.017,0.010
1376,3.579,-0.003,3.572,-0.009,0.009
1377,3.191,0.004,3.185,-0.001,0.008
1378,2.804,0.008,2.798,0.004,0.007
1379,2.430,0.013,2.424,0.009,0.007
1380,2.052,0.016,2.046,0.012,0.007
1381,1.649,0.014,1.643,0.012,0.006
1382,1.258,0.015,1.253,0.013,0.006
1383,0.875,0.016,0.870,0.015,0.005
1384,0.569,0.030,0.564,0.029,0.005
1385,0.274,0.042,0.269,0.042,0.005
1386,0.145,0.051,0.140,0.051,0.005
1488,0.155,0.001,0.150,0.001,0.005
1489,0.176,-0.033,0.171,-0.033,0.005
1490,0.191,-0.080,0.189,-0.080,0.002
1491,0.190,-0.063,0.190,-0.062,0.001
1498,0.188,-0.045,0.188,-0.045,0.001
1499,0.074,-0.035,0.074,-0.035,0.000
1500,-0.007,-0.031,-0.007,-0.032,0.001
