region,node,true_range_m,placed_short_by_m,depth_ratio,points
1,177,7.385,1.338,0.8188,653
1,178,7.152,1.108,0.8450,1933
1,179,6.912,0.876,0.8732,3171
1,180,6.686,0.985,0.8527,3842
1,181,6.453,0.853,0.8678,4027
1,182,6.217,0.740,0.8810,4135
1,183,5.983,0.590,0.9015,4275
1,184,5.696,0.618,0.8915,5206
1,185,5.461,0.755,0.8617,5603
1,186,5.202,1.073,0.7937,7439
1,187,4.951,0.925,0.8133,9169
1,188,4.727,0.829,0.8246,10445
1,189,4.507,0.758,0.8318,11002
1,190,4.348,0.758,0.8257,12819
1,191,4.161,0.791,0.8098,12730
1,192,3.968,0.710,0.8210,13195
1,193,3.722,0.573,0.8459,14224
1,194,3.443,0.531,0.8458,15734
1,195,3.146,0.377,0.8803,17942
1,196,2.856,0.376,0.8684,21210
1,197,2.523,0.171,0.9321,21458
1,198,2.181,-0.094,1.0431,22337
1,199,1.808,0.051,0.9720,29421
1,200,1.447,0.001,0.9994,35485
1,201,1.076,0.036,0.9662,11078
1,507,6.899,1.056,0.8469,3630
1,508,6.524,0.749,0.8853,3777
1,509,5.945,0.962,0.8382,4912
1,510,5.557,0.814,0.8536,5502
1,511,5.165,1.009,0.8047,7698
1,512,4.759,0.788,0.8345,9634
1,513,4.384,0.825,0.8118,12253
1,514,3.994,0.591,0.8521,13629
1,515,3.403,0.160,0.9531,13678
1,516,2.979,0.129,0.9568,16826
1,517,2.563,-0.002,1.0006,18486
1,518,2.140,-0.151,1.0707,21442
1,519,1.726,-0.144,1.0833,27751
1,520,1.209,-0.352,1.2912,35137
1,554,1.168,0.080,0.9313,16303
1,555,1.166,0.154,0.8679,20995
1,557,1.164,0.131,0.8875,45313
2,354,7.282,1.286,0.8234,1637
2,355,6.964,1.042,0.8504,3197
2,356,6.619,0.666,0.8994,3105
2,357,6.294,0.615,0.9022,4231
2,358,5.963,0.474,0.9205,4681
2,359,5.623,0.399,0.9290,4921
2,360,5.326,0.637,0.8804,6047
2,361,5.050,0.683,0.8648,7889
2,362,4.778,0.546,0.8856,7861
2,363,4.505,0.472,0.8953,9930
2,364,4.222,0.234,0.9445,7991
2,365,3.946,0.293,0.9257,10091
2,366,3.660,0.089,0.9758,9979
2,367,3.398,0.183,0.9461,13881
2,368,3.129,0.075,0.9759,14468
2,369,2.874,0.051,0.9823,15795
2,370,2.525,0.016,0.9937,18308
2,371,2.206,0.120,0.9458,23814
2,372,1.872,0.021,0.9886,27918
2,373,1.500,-0.090,1.0600,34554
2,374,1.328,0.154,0.8838,13760
2,377,1.047,-0.030,1.0286,10650
2,378,1.054,0.034,0.9676,1453
2,1160,6.465,0.494,0.9236,3090
2,1161,6.288,0.520,0.9173,3895
2,1162,6.148,0.412,0.9329,3985
2,1163,5.956,0.402,0.9324,4107
2,1164,5.739,0.385,0.9329,4515
2,1165,4.860,0.362,0.9255,6212
2,1166,4.607,0.367,0.9204,7439
2,1167,4.350,0.344,0.9209,8545
2,1168,4.058,0.413,0.8982,11333
2,1169,3.053,0.101,0.9671,13537
2,1170,2.767,0.070,0.9748,17788
2,1171,2.500,0.122,0.9512,20670
2,1172,2.255,0.092,0.9591,22736
2,1173,2.026,0.064,0.9685,22521
2,1174,1.741,0.037,0.9785,30934
2,1175,1.623,0.041,0.9746,15721
2,1176,1.454,0.233,0.8396,10865
2,1179,1.334,0.006,0.9957,7901
2,1180,1.345,0.121,0.9101,28418
