t,today_id,drive10_id,type,implied_x,implied_y,wheel_x,wheel_y,wheel_dist_m,disagreement_m,tolerance_m,wrong,wheel_data_near
1790530013.226,1559,1499,1,0.031,-0.036,0.0,0.0,0.0,0.048,1.5,False,True
1790530130.093,1663,1,2,0.084,-0.037,0.061,-0.037,0.03,0.024,1.501,False,True
1790530130.093,1663,457,2,0.07,-0.042,0.084,-0.037,0.0,0.015,1.5,False,True
1790530130.093,1663,1491,1,0.085,-0.037,0.07,-0.042,0.0,0.016,1.5,False,True
1790530158.659,1690,138,2,0.154,-0.038,0.162,-0.039,0.1,0.009,1.502,False,True
1790530158.659,1690,489,2,0.157,-0.039,0.154,-0.038,0.0,0.003,1.5,False,True
1790530158.659,1690,1499,1,0.156,-0.039,0.157,-0.039,0.0,0.001,1.5,False,True
1790530159.726,1691,139,2,0.385,-0.04,0.406,-0.045,0.24,0.022,1.505,False,True
1790530159.726,1691,490,2,0.419,-0.04,0.385,-0.04,0.0,0.034,1.5,False,True
1790530159.726,1691,1498,1,0.393,-0.044,0.419,-0.04,0.0,0.026,1.5,False,True
1790530160.793,1692,144,2,0.636,-0.054,0.645,-0.05,0.24,0.01,1.505,False,True
1790530160.793,1692,488,2,0.625,-0.044,0.636,-0.054,0.0,0.014,1.5,False,True
1790530160.793,1692,1499,1,0.627,-0.05,0.625,-0.044,0.0,0.006,1.5,False,True
1790530161.793,1693,145,2,0.864,-0.055,0.856,-0.055,0.22,0.009,1.504,False,True
1790530161.793,1693,458,2,0.828,-0.057,0.864,-0.055,0.0,0.037,1.5,False,True
1790530161.793,1693,1490,2,0.824,-0.063,0.828,-0.057,0.0,0.007,1.5,False,True
1790530162.793,1694,143,2,1.055,-0.058,1.054,-0.068,0.22,0.01,1.504,False,True
1790530162.793,1694,488,1,1.05,-0.056,1.055,-0.058,0.0,0.005,1.5,False,True
1790530162.793,1694,1491,2,1.049,-0.058,1.05,-0.056,0.0,0.002,1.5,False,True
1790530163.893,1695,145,1,1.293,-0.058,1.302,-0.062,0.25,0.01,1.505,False,True
1790530163.893,1695,491,2,1.297,-0.062,1.293,-0.058,0.0,0.006,1.5,False,True
1790530164.959,1696,145,2,1.526,-0.066,1.544,-0.065,0.25,0.018,1.505,False,True
1790530165.993,1697,141,2,1.736,-0.058,1.764,-0.068,0.23,0.03,1.505,False,True
1790530165.993,1697,491,2,1.741,-0.063,1.736,-0.058,0.0,0.007,1.5,False,True
1790530167.059,1698,152,2,1.994,-0.05,1.986,-0.065,0.24,0.017,1.505,False,True
1790530167.059,1698,493,2,1.98,-0.058,1.994,-0.05,0.0,0.016,1.5,False,True
1790530171.993,1699,155,2,2.937,-0.065,3.005,-0.063,1.02,0.068,1.52,False,True
1790530171.993,1699,493,2,2.935,-0.055,2.937,-0.065,0.0,0.01,1.5,False,True
1790530173.026,1700,154,2,3.075,-0.058,3.09,-0.055,0.15,0.016,1.503,False,True
1790530173.026,1700,493,2,3.083,-0.054,3.075,-0.058,0.0,0.009,1.5,False,True
1790530174.093,1701,157,2,3.231,-0.056,3.244,-0.054,0.16,0.013,1.503,False,True
1790530174.093,1701,495,2,3.218,-0.048,3.231,-0.056,0.0,0.015,1.5,False,True
1790530178.926,1702,160,2,3.914,-0.055,3.963,-0.045,0.74,0.051,1.515,False,True
1790530178.926,1702,496,2,3.922,-0.048,3.914,-0.055,0.0,0.012,1.5,False,True
1790530184.093,1703,162,1,4.71,-0.027,4.75,-0.04,0.82,0.042,1.516,False,True
1790530184.093,1703,498,2,4.7,-0.037,4.71,-0.027,0.0,0.014,1.5,False,True
1790530185.159,1704,164,2,4.867,-0.031,4.87,-0.034,0.17,0.004,1.503,False,True
1790530185.159,1704,498,2,4.858,-0.032,4.867,-0.031,0.0,0.009,1.5,False,True
1790530186.159,1705,161,1,5.005,-0.024,5.018,-0.03,0.16,0.015,1.503,False,True
1790530186.159,1705,500,2,5.024,-0.031,5.005,-0.024,0.0,0.021,1.5,False,True
1790530190.893,1706,167,1,5.725,-0.017,5.783,-0.014,0.75,0.058,1.515,False,True
1790530190.893,1706,500,2,5.726,-0.014,5.725,-0.017,0.0,0.003,1.5,False,True
1790530191.959,1707,167,1,5.883,-0.014,5.894,-0.01,0.17,0.012,1.503,False,True
1790530191.959,1707,499,2,5.881,-0.017,5.883,-0.014,0.0,0.004,1.5,False,True
1790530192.993,1708,169,1,6.039,-0.007,6.048,-0.013,0.16,0.011,1.503,False,True
1790530192.993,1708,501,2,6.05,-0.003,6.039,-0.007,0.0,0.012,1.5,False,True
1790530193.993,1709,167,1,6.184,0.001,6.21,0.002,0.16,0.026,1.503,False,True
1790530193.993,1709,501,2,6.196,0.004,6.184,0.001,0.0,0.012,1.5,False,True
1790530195.093,1710,169,2,6.354,0.013,6.371,0.009,0.17,0.017,1.503,False,True
1790530195.093,1710,500,2,6.36,0.004,6.354,0.013,0.0,0.011,1.5,False,True
1790530196.126,1711,170,1,6.514,0.015,6.527,0.009,0.17,0.015,1.503,False,True
1790530196.126,1711,502,2,6.519,0.008,6.514,0.015,0.0,0.009,1.5,False,True
1790530197.159,1712,172,2,6.672,0.013,6.684,0.013,0.16,0.012,1.503,False,True
1790530197.159,1712,503,2,6.672,0.023,6.672,0.013,0.0,0.01,1.5,False,True
1790530198.259,1713,171,2,6.833,0.024,6.848,0.028,0.17,0.015,1.503,False,True
1790530198.259,1713,503,2,6.835,0.03,6.833,0.024,0.0,0.005,1.5,False,True
1790530199.293,1714,172,1,6.992,0.021,7.001,0.035,0.16,0.017,1.503,False,True
1790530199.293,1714,503,2,6.99,0.035,6.992,0.021,0.0,0.014,1.5,False,True
1790530200.326,1715,173,1,7.144,0.032,7.156,0.041,0.16,0.015,1.503,False,True
1790530200.326,1715,504,2,7.148,0.033,7.144,0.032,0.0,0.004,1.5,False,True
1790530201.359,1716,174,2,7.302,0.029,7.311,0.039,0.16,0.013,1.503,False,True
1790530201.359,1716,504,1,7.298,0.04,7.302,0.029,0.0,0.011,1.5,False,True
1790530202.426,1717,174,1,7.457,0.044,7.467,0.046,0.17,0.01,1.503,False,True
1790530202.426,1717,505,2,7.453,0.043,7.457,0.044,0.0,0.005,1.5,False,True
1790530203.459,1718,174,1,7.614,0.052,7.619,0.05,0.16,0.006,1.503,False,True
1790530203.459,1718,504,2,7.616,0.043,7.614,0.052,0.0,0.009,1.5,False,True
1790530204.526,1719,175,2,7.771,0.059,7.787,0.05,0.17,0.019,1.503,False,True
1790530204.526,1719,505,1,7.769,0.055,7.771,0.059,0.0,0.004,1.5,False,True
1790530205.559,1720,176,2,7.925,0.067,7.933,0.062,0.16,0.009,1.503,False,True
1790530205.559,1720,505,1,7.924,0.067,7.925,0.067,0.0,0.001,1.5,False,True
1790530206.593,1721,178,2,8.09,0.073,8.09,0.074,0.16,0.002,1.503,False,True
1790530206.593,1721,507,2,8.09,0.083,8.09,0.073,0.0,0.01,1.5,False,True
1790530207.626,1722,177,1,8.238,0.08,8.252,0.089,0.16,0.017,1.503,False,True
1790530207.626,1722,505,2,8.229,0.08,8.238,0.08,0.0,0.009,1.5,False,True
1790530208.659,1723,178,1,8.393,0.083,8.398,0.087,0.17,0.007,1.503,False,True
1790530209.693,1724,179,2,8.551,0.097,8.561,0.091,0.16,0.012,1.503,False,True
1790530209.693,1724,508,2,8.55,0.106,8.551,0.097,0.0,0.008,1.5,False,True
1790530214.526,1725,181,2,9.273,0.141,9.322,0.138,0.77,0.049,1.515,False,True
1790530214.526,1725,508,2,9.277,0.136,9.273,0.141,0.0,0.007,1.5,False,True
1790530215.626,1726,182,2,9.439,0.151,9.453,0.144,0.17,0.015,1.503,False,True
1790530215.626,1726,510,2,9.444,0.146,9.439,0.151,0.0,0.007,1.5,False,True
1790530216.659,1727,181,2,9.599,0.154,9.609,0.154,0.16,0.01,1.503,False,True
1790530216.659,1727,510,2,9.599,0.156,9.599,0.154,0.0,0.002,1.5,False,True
1790530217.726,1728,183,2,9.762,0.162,9.769,0.164,0.17,0.008,1.503,False,True
1790530217.726,1728,511,2,9.762,0.163,9.762,0.162,0.0,0.001,1.5,False,True
1790530218.793,1729,185,2,9.924,0.172,9.932,0.172,0.17,0.008,1.503,False,True
1790530218.793,1729,511,2,9.925,0.168,9.924,0.172,0.0,0.004,1.5,False,True
1790530219.893,1730,184,2,10.085,0.181,10.102,0.178,0.17,0.017,1.503,False,True
1790530219.893,1730,510,2,10.081,0.187,10.085,0.181,0.0,0.007,1.5,False,True
1790530220.926,1731,511,2,10.242,0.195,10.246,0.195,0.16,0.004,1.503,False,True
1790530221.959,1732,185,2,10.398,0.2,10.407,0.204,0.16,0.01,1.503,False,True
1790530221.959,1732,511,2,10.397,0.198,10.398,0.2,0.0,0.002,1.5,False,True
1790530224.059,1734,185,2,10.718,0.22,10.732,0.218,0.33,0.014,1.507,False,True
1790530224.059,1734,512,2,10.716,0.223,10.718,0.22,0.0,0.003,1.5,False,True
1790530225.126,1735,189,2,10.87,0.229,10.878,0.232,0.16,0.009,1.503,False,True
1790530225.126,1735,513,2,10.865,0.233,10.87,0.229,0.0,0.006,1.5,False,True
1790530226.159,1736,189,2,11.015,0.235,11.019,0.242,0.15,0.008,1.503,False,True
1790530226.159,1736,513,2,11.013,0.244,11.015,0.235,0.0,0.009,1.5,False,True
1790530227.226,1737,188,2,11.165,0.244,11.173,0.254,0.16,0.013,1.503,False,True
1790530228.259,1738,191,2,11.311,0.26,11.32,0.254,0.15,0.01,1.503,False,True
1790530228.259,1738,513,2,11.306,0.255,11.311,0.26,0.0,0.007,1.5,False,True
1790530229.293,1739,191,2,11.454,0.256,11.461,0.266,0.15,0.012,1.503,False,True
1790530229.293,1739,514,2,11.441,0.226,11.454,0.256,0.0,0.033,1.5,False,True
1790530256.193,1761,515,2,11.898,0.268,11.839,0.252,2.02,0.06,1.54,False,True
1790530357.359,1855,223,2,14.399,0.068,14.784,0.121,2.96,0.388,1.559,False,True
1790530357.359,1855,562,2,14.389,0.046,14.399,0.068,0.0,0.024,1.5,False,True
1790530357.359,1855,949,2,14.414,0.1,14.389,0.046,0.0,0.059,1.5,False,True
1790530362.726,1856,209,2,14.372,0.116,14.414,0.1,0.01,0.045,1.5,False,True
1790530362.726,1856,534,2,14.36,0.093,14.372,0.116,0.0,0.026,1.5,False,True
1790530362.726,1856,949,2,14.374,0.104,14.36,0.093,0.0,0.019,1.5,False,True
1790530368.593,1857,567,2,14.399,1.025,14.418,1.089,0.98,0.067,1.52,False,True
1790530369.693,1858,567,2,14.41,1.273,14.411,1.29,0.26,0.017,1.505,False,True
1790530369.693,1858,1310,2,14.412,1.284,14.41,1.273,0.0,0.011,1.5,False,True
1790530370.726,1859,567,2,14.419,1.503,14.421,1.532,0.25,0.03,1.505,False,True
1790530370.726,1859,1311,2,14.425,1.516,14.419,1.503,0.0,0.014,1.5,False,True
1790530371.726,1860,570,2,14.425,1.721,14.433,1.75,0.23,0.03,1.505,False,True
1790530377.859,1862,571,2,14.46,3.042,14.466,3.133,1.41,0.091,1.528,False,True
1790530378.893,1863,573,2,14.464,3.242,14.465,3.28,0.23,0.037,1.505,False,True
1790530378.893,1863,1313,2,14.456,3.249,14.464,3.242,0.0,0.01,1.5,False,True
1790530384.926,1865,578,2,14.479,4.533,14.483,4.638,1.39,0.105,1.528,False,True
1790530389.726,1866,584,2,14.491,5.554,14.495,5.638,1.1,0.085,1.522,False,True
1790530389.726,1866,1315,2,14.491,5.552,14.491,5.554,0.0,0.002,1.5,False,True
1790530390.826,1867,585,2,14.491,5.791,14.492,5.807,0.25,0.016,1.505,False,True
1790530390.826,1867,1316,2,14.491,5.791,14.491,5.791,0.0,0.001,1.5,False,True
1790530391.826,1868,586,2,14.492,6.001,14.492,6.019,0.22,0.019,1.504,False,True
1790530391.826,1868,1317,2,14.506,5.979,14.492,6.001,0.0,0.026,1.5,False,True
1790530396.959,1869,591,2,14.49,7.101,14.507,7.16,1.18,0.062,1.524,False,True
1790530397.993,1870,594,2,14.486,7.327,14.49,7.339,0.23,0.013,1.505,False,True
1790530397.993,1870,1321,2,14.488,7.337,14.486,7.327,0.0,0.011,1.5,False,True
1790530398.993,1871,593,2,14.491,7.546,14.488,7.568,0.23,0.022,1.505,False,True
1790530398.993,1871,1322,2,14.485,7.554,14.491,7.546,0.0,0.01,1.5,False,True
1790530400.026,1872,595,2,14.484,7.758,14.484,7.794,0.24,0.037,1.505,False,True
1790530400.026,1872,1322,2,14.485,7.763,14.484,7.758,0.0,0.005,1.5,False,True
1790530401.059,1873,596,2,14.483,7.984,14.484,7.997,0.23,0.013,1.505,False,True
1790530401.059,1873,1323,2,14.479,7.988,14.483,7.984,0.0,0.005,1.5,False,True
1790530402.093,1874,1323,2,14.481,8.2,14.477,8.228,0.23,0.027,1.505,False,True
1790530403.193,1875,599,2,14.473,8.44,14.479,8.454,0.25,0.016,1.505,False,True
1790530403.193,1875,1324,2,14.478,8.43,14.473,8.44,0.0,0.011,1.5,False,True
1790530405.293,1877,1331,2,14.473,8.902,14.472,8.913,0.48,0.011,1.51,False,True
1790530406.359,1878,602,2,14.467,9.119,14.47,9.147,0.24,0.028,1.505,False,True
1790530406.359,1878,1328,2,14.468,9.119,14.467,9.119,0.0,0.001,1.5,False,True
1790530407.393,1879,606,2,14.469,9.33,14.465,9.357,0.23,0.027,1.505,False,True
1790530408.426,1880,605,2,14.451,9.567,14.465,9.571,0.24,0.015,1.505,False,True
1790530408.426,1880,1328,2,14.458,9.557,14.451,9.567,0.0,0.012,1.5,False,True
1790530410.559,1882,608,2,14.442,10.021,14.449,10.047,0.49,0.027,1.51,False,True
1790530410.559,1882,1328,2,14.443,10.03,14.442,10.021,0.0,0.009,1.5,False,True
1790530411.593,1883,1328,2,14.441,10.234,14.438,10.267,0.23,0.033,1.505,False,True
1790530412.626,1884,1328,2,14.456,10.49,14.436,10.472,0.24,0.027,1.505,False,True
1790530593.56,2035,604,2,14.71,9.474,14.631,9.435,23.55,0.088,1.971,False,True
1790530593.56,2035,1328,2,14.71,9.475,14.71,9.474,0.0,0.0,1.5,False,True
1790530594.626,2036,1332,2,14.694,9.197,14.697,9.177,0.3,0.02,1.506,False,True
1790530595.626,2037,601,2,14.688,8.948,14.682,8.917,0.27,0.031,1.505,False,True
1790530595.626,2037,1324,2,14.693,8.946,14.688,8.948,0.0,0.006,1.5,False,True
1790530596.66,2038,605,2,14.675,8.683,14.681,8.657,0.28,0.027,1.506,False,True
1790530596.66,2038,1323,2,14.674,8.677,14.675,8.683,0.0,0.007,1.5,False,True
1790530597.726,2039,599,2,14.662,8.403,14.66,8.376,0.3,0.027,1.506,False,True
1790530598.76,2040,1321,2,14.652,8.13,14.649,8.115,0.28,0.014,1.506,False,True
1790530600.826,2042,1321,2,14.631,7.6,14.625,7.552,0.58,0.049,1.512,False,True
1790530601.926,2043,593,2,14.614,7.315,14.616,7.291,0.3,0.024,1.506,False,True
1790530607.36,2044,586,2,14.553,5.97,14.536,5.872,1.43,0.099,1.529,False,True
1790530607.36,2044,1317,2,14.555,5.968,14.553,5.97,0.0,0.003,1.5,False,True
1790530613.26,2045,1315,2,14.513,4.544,14.471,4.459,1.51,0.095,1.53,False,True
1790530614.293,2046,578,2,14.462,4.321,14.501,4.266,0.28,0.067,1.506,False,True
1790530615.326,2047,577,2,14.453,4.064,14.448,4.044,0.27,0.021,1.505,False,True
1790530615.326,2047,1314,2,14.45,4.075,14.453,4.064,0.0,0.012,1.5,False,True
1790530616.393,2048,576,2,14.439,3.806,14.435,3.786,0.28,0.021,1.506,False,True
1790530616.393,2048,1314,2,14.432,3.797,14.439,3.806,0.0,0.012,1.5,False,True
1790530617.493,2049,1313,2,14.43,3.538,14.416,3.5,0.29,0.04,1.506,False,True
1790530629.226,2051,209,2,14.273,0.61,14.246,0.342,3.2,0.27,1.564,False,True
1790530635.027,2052,222,2,14.213,0.099,14.244,0.032,0.6,0.074,1.512,False,True
1790530635.027,2052,541,2,14.233,0.085,14.213,0.099,0.0,0.024,1.5,False,True
1790530637.16,2054,534,2,14.255,0.09,14.233,0.085,0.01,0.022,1.5,False,True
1790530647.493,2064,550,2,14.244,-0.061,14.255,0.091,0.08,0.153,1.502,False,True
1790530653.126,2065,550,2,14.236,-0.116,14.244,-0.104,0.05,0.014,1.501,False,True
1790530654.193,2066,215,2,14.207,-0.255,14.241,-0.261,0.15,0.034,1.503,False,True
1790530654.193,2066,549,2,14.268,-0.24,14.207,-0.255,0.0,0.063,1.5,False,True
1790530655.227,2067,215,2,14.218,-0.37,14.278,-0.33,0.1,0.072,1.502,False,True
1790530656.227,2068,215,2,14.246,-0.635,14.245,-0.617,0.24,0.017,1.505,False,True
1790530656.227,2068,551,2,14.288,-0.587,14.246,-0.635,0.0,0.063,1.5,False,True
1790530656.227,2068,651,2,14.269,-0.588,14.288,-0.587,0.0,0.019,1.5,False,True
1790530657.293,2069,215,2,14.289,-0.858,14.302,-0.871,0.28,0.018,1.506,False,True
1790530657.293,2069,551,2,14.311,-0.868,14.289,-0.858,0.0,0.024,1.5,False,True
1790530661.426,2073,654,2,14.432,-1.849,14.442,-1.979,1.12,0.131,1.522,False,True
1790530663.46,2075,656,2,14.45,-2.363,14.452,-2.363,0.51,0.002,1.51,False,True
1790530664.493,2076,657,2,14.431,-2.631,14.437,-2.652,0.29,0.022,1.506,False,True
1790530671.727,2083,663,2,14.367,-4.573,14.353,-4.655,2.02,0.084,1.54,False,True
1790530677.227,2084,667,2,14.342,-6.014,14.325,-6.116,1.54,0.104,1.531,False,True
1790530685.427,2087,673,2,14.31,-8.181,14.304,-8.311,2.29,0.131,1.546,False,True
1790530692.16,2089,697,2,14.32,-9.936,14.313,-10.057,1.87,0.121,1.537,False,True
1790530698.46,2090,707,2,14.346,-11.365,14.337,-11.471,1.53,0.106,1.531,False,True
1790530699.493,2091,708,2,14.355,-11.563,14.35,-11.581,0.21,0.019,1.504,False,True
1790530705.893,2092,712,2,14.418,-12.604,14.376,-12.67,1.1,0.078,1.522,False,True
1790530712.193,2093,712,2,14.422,-12.689,14.42,-12.725,0.14,0.036,1.503,False,True
1790530830.827,2197,713,2,14.591,-12.646,14.624,-12.668,11.13,0.039,1.723,False,True
1790530837.427,2198,719,2,14.568,-13.696,14.544,-13.725,1.08,0.037,1.522,False,True
1790530838.527,2199,720,2,14.551,-13.947,14.556,-13.961,0.26,0.015,1.505,False,True
1790530844.76,2200,721,2,14.53,-14.401,14.531,-14.448,0.56,0.047,1.511,False,True
1790530922.827,2275,722,2,14.529,-14.573,14.524,-14.556,0.16,0.018,1.503,False,True
1790530936.994,2284,788,2,14.015,-14.942,13.922,-14.936,0.92,0.093,1.518,False,True
1790530944.994,2287,791,2,12.949,-14.793,12.96,-14.865,1.12,0.073,1.522,False,True
1790530951.227,2288,794,2,11.32,-14.624,11.213,-14.611,1.74,0.108,1.535,False,True
1790530952.26,2289,797,2,11.028,-14.594,11.007,-14.591,0.3,0.021,1.506,False,True
1790530953.294,2290,798,2,10.748,-14.568,10.729,-14.564,0.3,0.019,1.506,False,True
1790530954.294,2291,798,2,10.53,-14.565,10.507,-14.556,0.24,0.024,1.505,False,True
1790530955.327,2292,798,2,10.299,-14.558,10.295,-14.558,0.23,0.004,1.505,False,True
1790530961.394,2293,803,2,9.044,-14.543,8.963,-14.533,1.33,0.082,1.527,False,True
1790530968.027,2294,808,2,7.29,-14.537,7.203,-14.531,1.84,0.087,1.537,False,True
1790530974.36,2295,813,2,5.538,-14.567,5.431,-14.556,1.85,0.107,1.537,False,True
1790530980.894,2296,819,2,3.822,-14.611,3.698,-14.61,1.84,0.125,1.537,False,True
1790530987.394,2297,822,2,2.18,-14.653,2.065,-14.652,1.75,0.116,1.535,False,True
1790530993.96,2298,828,2,0.484,-14.576,0.362,-14.562,1.82,0.123,1.536,False,True
1790531000.66,2299,828,2,-0.104,-14.55,-0.172,-14.544,0.7,0.068,1.514,False,True
1790531087.094,2377,829,2,-0.203,-14.542,-0.194,-14.545,0.09,0.009,1.502,False,True
1790531088.161,2378,829,2,-0.385,-14.536,-0.395,-14.533,0.19,0.011,1.504,False,True
1790531222.595,2495,850,2,-0.457,-14.627,-0.826,-14.749,16.45,0.389,1.829,False,True
1790531230.561,2497,845,2,-0.373,-14.544,-0.23,-14.64,0.33,0.172,1.507,False,True
1790531237.361,2498,833,2,-0.31,-13.794,-0.304,-13.799,0.75,0.008,1.515,False,True
1790531238.361,2499,833,2,-0.267,-13.423,-0.269,-13.4,0.39,0.023,1.508,False,True
1790531269.528,2529,443,1,-0.004,-2.104,0.481,-0.966,12.47,1.237,1.749,False,True
1790531276.462,2530,448,1,-0.035,-0.631,-0.03,-0.503,1.66,0.128,1.533,False,True
1790531278.528,2532,449,2,0.005,-0.631,-0.035,-0.632,0.01,0.039,1.5,False,True
1790531281.628,2535,454,2,0.031,-0.518,0.032,-0.535,0.1,0.017,1.502,False,True
1790531282.695,2536,454,2,0.1,-0.271,0.104,-0.25,0.27,0.022,1.505,False,True
1790531308.962,2561,455,2,0.128,-0.17,0.129,-0.167,0.16,0.003,1.503,False,True
1790531310.028,2562,455,2,0.151,-0.164,0.136,-0.141,0.06,0.027,1.501,False,True
1790531311.028,2563,454,2,0.215,-0.019,0.208,-0.04,0.13,0.023,1.503,False,True
1790531456.996,2672,471,2,0.532,-0.103,0.267,-0.041,27.77,0.272,2.055,False,True
1790531456.996,2672,1491,2,0.51,-0.106,0.532,-0.103,0.0,0.023,1.5,False,True
1790531464.296,2673,1500,2,0.538,-0.16,0.51,-0.106,0.03,0.062,1.501,False,True
1790531467.396,2676,458,2,0.453,-0.165,0.445,-0.154,0.1,0.014,1.502,False,True
1790531467.396,2676,1490,2,0.461,-0.168,0.453,-0.165,0.0,0.009,1.5,False,True
1790531468.496,2677,142,2,0.415,-0.144,0.387,-0.153,0.08,0.03,1.502,False,True
1790531468.496,2677,489,2,0.365,-0.155,0.415,-0.144,0.0,0.052,1.5,False,True
1790531469.529,2678,138,2,0.175,-0.119,0.158,-0.115,0.21,0.017,1.504,False,True
1790531469.529,2678,471,2,0.172,-0.118,0.175,-0.119,0.0,0.003,1.5,False,True
1790531469.529,2678,1490,2,0.167,-0.121,0.172,-0.118,0.0,0.005,1.5,False,True
1790531470.762,2679,140,2,0.074,-0.075,0.018,-0.098,0.16,0.061,1.503,False,True
1790531470.762,2679,1498,2,0.053,-0.075,0.074,-0.075,0.0,0.02,1.5,False,True
