start,s_since_start,localised,map_x,map_y,lidar_x,lidar_y,accepted_now
1,34.21,0,0.087,-0.108,0.03,-0.134,0
1,36.21,1,0.088,-0.108,0.03,-0.134,1
1,38.21,1,0.089,-0.108,0.03,-0.134,1
1,40.21,1,0.089,-0.108,0.03,-0.134,1
1,42.21,1,0.088,-0.108,0.03,-0.134,1
1,44.21,1,0.089,-0.108,0.03,-0.134,1
1,46.21,1,0.089,-0.108,0.03,-0.134,1
1,48.21,1,0.089,-0.108,0.03,-0.134,1
1,51.46,1,0.089,-0.108,0.03,-0.134,1
1,52.21,1,0.088,-0.108,0.03,-0.134,1
1,54.21,1,0.088,-0.108,0.03,-0.134,1
1,56.21,1,0.089,-0.108,0.03,-0.134,1
1,58.21,1,0.088,-0.108,0.03,-0.134,1
1,60.21,1,0.089,-0.108,0.03,-0.134,1
1,62.21,1,0.089,-0.108,0.02,-0.141,1
1,64.21,1,0.088,-0.108,0.027,-0.141,1
1,66.21,1,0.088,-0.108,0.034,-0.141,1
1,68.21,1,0.089,-0.108,0.046,-0.143,1
1,70.21,1,0.088,-0.108,0.053,-0.143,1
1,72.21,1,0.087,-0.108,0.06,-0.143,1
1,74.21,1,0.087,-0.108,0.067,-0.142,1
1,76.21,1,0.088,-0.108,0.074,-0.142,1
1,78.21,1,0.088,-0.108,0.081,-0.142,1
1,80.21,1,0.087,-0.108,0.083,-0.139,1
1,82.21,1,0.120,-0.109,0.09,-0.139,1
1,84.21,1,0.166,-0.108,,,1
1,86.21,1,0.166,-0.108,,,1
1,88.21,1,0.166,-0.108,,,1
1,90.21,1,0.268,-0.110,,,1
1,92.21,1,0.514,-0.116,0.449,-0.127,1
1,94.21,1,0.799,-0.118,0.73,-0.118,1
1,96.21,1,1.096,-0.122,1.018,-0.112,1
1,98.21,1,1.402,-0.123,1.294,-0.102,1
1,100.21,1,1.675,-0.129,1.57,-0.089,1
1,102.21,1,2.027,-0.129,1.877,-0.081,1
1,104.21,1,2.055,-0.130,1.943,-0.078,1
1,106.21,1,2.056,-0.130,1.966,-0.077,1
1,108.21,1,2.056,-0.130,1.989,-0.076,1
1,113.15,1,2.616,-0.132,2.462,-0.068,1
1,113.18,1,2.622,-0.132,2.465,-0.068,1
1,114.21,1,2.758,-0.135,2.586,-0.067,1
1,116.21,1,3.000,-0.134,2.835,-0.057,1
1,118.21,1,3.163,-0.138,3.079,-0.047,1
1,120.21,1,3.380,-0.135,3.3,-0.038,1
1,122.21,1,3.607,-0.133,3.515,-0.026,1
1,124.21,1,3.823,-0.130,3.747,-0.017,1
1,126.21,1,4.041,-0.123,3.958,-0.006,1
1,128.21,1,4.281,-0.122,4.196,0.005,1
1,130.21,1,4.490,-0.115,4.423,0.011,1
1,132.21,1,4.753,-0.112,4.665,0.022,1
1,134.21,1,5.040,-0.105,4.948,0.033,1
1,136.21,1,5.303,-0.109,5.231,0.042,1
1,138.21,1,5.571,-0.104,5.491,0.058,1
1,140.21,1,5.840,-0.098,5.745,0.074,1
1,142.21,1,5.886,-0.096,5.829,0.08,1
1,144.21,1,5.892,-0.096,5.865,0.08,1
1,146.21,1,6.032,-0.093,5.941,0.086,1
1,148.21,1,6.029,-0.093,,,1
1,150.21,1,6.026,-0.093,,,1
1,152.21,1,6.026,-0.093,,,1
1,154.21,1,6.026,-0.093,,,1
1,156.21,1,6.026,-0.093,,,1
1,158.21,1,6.028,-0.093,,,1
1,160.21,1,6.027,-0.093,,,1
1,162.21,1,6.026,-0.093,,,1
1,164.21,1,6.028,-0.093,,,1
1,166.21,1,6.028,-0.093,,,1
1,168.21,1,6.028,-0.093,,,1
1,170.21,1,6.027,-0.093,,,1
1,172.21,1,6.027,-0.093,,,1
1,174.21,1,6.027,-0.093,,,1
1,179.53,1,6.027,-0.093,,,1
1,186.68,1,6.027,-0.093,,,1
1,194.11,1,6.027,-0.093,,,1
1,201.22,1,6.028,-0.093,,,1
1,203.22,1,6.028,-0.093,,,1
1,209.06,1,6.028,-0.093,,,1
1,209.22,1,6.028,-0.093,,,1
1,216.39,1,6.029,-0.093,,,1
1,218.39,1,6.027,-0.093,,,1
1,220.39,1,6.028,-0.093,,,1
1,223.77,1,6.029,-0.093,,,1
1,224.39,1,6.029,-0.093,,,1
1,231.22,1,6.031,-0.093,,,1
1,233.23,1,6.032,-0.093,,,1
1,238.56,1,6.032,-0.093,,,1
1,238.63,1,6.032,-0.093,,,1
1,239.23,1,6.032,-0.093,,,1
1,245.91,1,6.030,-0.093,,,1
1,247.91,1,6.029,-0.093,,,1
1,253.15,1,6.030,-0.093,,,1
1,253.55,1,6.030,-0.093,,,1
1,253.91,1,6.030,-0.093,,,1
1,255.91,1,6.031,-0.093,,,1
1,257.91,1,6.214,0.083,,,1
1,259.91,1,6.213,0.083,,,1
1,261.91,1,6.213,0.083,,,1
1,263.91,1,6.213,0.083,,,1
2,1.13,0,40.000,40.000,,,0
2,3.13,0,40.000,39.999,,,0
2,5.13,0,40.000,39.995,,,0
2,7.13,0,40.000,39.996,,,0
2,9.13,0,40.000,39.996,,,0
2,11.13,0,40.000,39.996,,,0
2,13.13,0,40.000,39.997,,,0
2,15.13,0,40.000,39.997,,,0
2,17.13,0,40.000,39.997,,,0
2,19.13,0,40.000,39.997,,,0
2,21.13,0,40.000,39.993,,,0
2,23.13,0,40.000,39.994,,,0
2,25.13,0,40.000,39.996,,,0
2,27.13,0,40.000,39.995,,,0
2,29.13,0,40.000,39.994,,,0
2,31.13,0,40.000,39.995,,,0
2,33.13,0,40.000,39.995,,,0
2,35.13,0,40.000,39.995,,,0
2,37.13,0,40.000,39.994,,,0
2,39.13,0,40.000,39.995,,,0
2,41.13,0,40.000,39.993,,,0
2,47.31,0,40.000,39.995,,,0
2,49.31,0,40.000,39.994,,,0
2,51.5,0,40.000,39.993,,,0
2,54.32,0,40.000,39.992,,,0
2,55.31,0,40.000,39.992,,,0
2,57.31,0,40.000,39.993,,,0
2,59.31,0,40.000,39.993,,,0
2,61.31,0,40.000,39.993,,,0
2,63.31,0,40.000,39.992,,,0
2,65.31,0,40.000,39.992,,,0
2,67.31,0,40.000,39.992,,,0
2,69.31,0,40.000,39.991,,,0
2,71.31,0,40.000,39.991,,,0
2,73.31,0,40.000,39.992,,,0
2,75.31,0,40.000,40.095,6.048,0.091,0
2,77.31,0,40.000,40.094,6.067,0.093,0
2,79.31,0,40.000,40.094,6.087,0.094,0
2,81.31,0,40.000,40.233,,,0
2,83.31,0,40.000,40.233,,,0
2,85.31,0,40.000,40.233,,,0
2,87.31,0,40.000,40.233,,,0
2,92.43,0,40.000,40.233,,,0
2,97.11,0,40.000,40.233,,,0
2,99.11,0,40.000,40.233,,,0
2,101.11,0,40.000,40.233,,,0
2,103.11,0,40.000,40.234,,,0
2,105.11,0,40.000,40.234,,,0
2,107.11,0,40.000,40.234,,,0
2,109.11,0,40.000,40.234,,,0
2,111.11,0,40.000,40.234,,,0
2,113.12,0,40.000,40.234,,,0
2,115.11,0,40.000,40.234,,,0
2,117.11,0,40.000,40.234,,,0
2,119.11,0,40.000,40.233,,,0
2,121.11,0,40.000,40.233,,,0
2,123.11,0,40.000,40.234,,,0
2,125.11,0,40.000,40.234,,,0
2,127.11,0,40.000,40.235,,,0
2,129.52,0,40.000,40.235,,,0
2,131.11,0,40.000,40.236,,,0
2,133.12,0,40.000,40.236,,,0
2,135.11,0,40.000,40.236,,,0
2,137.11,0,40.000,40.236,,,0
2,139.11,0,40.000,40.237,,,0
2,141.11,0,40.000,40.236,,,0
2,143.11,0,40.000,40.237,,,0
2,145.11,0,40.000,40.238,,,0
2,147.12,0,40.000,40.238,,,0
2,149.11,0,40.000,40.238,,,0
2,151.11,0,40.000,40.238,,,0
2,153.11,0,40.000,40.239,,,0
2,155.11,0,40.000,40.238,,,0
2,157.11,0,40.000,40.238,,,0
2,161.3,0,40.000,40.238,,,0
2,161.55,0,40.000,40.238,,,0
2,163.11,0,40.000,40.238,,,0
2,165.11,0,40.000,40.239,,,0
2,167.11,0,40.000,40.238,,,0
2,169.12,0,40.000,40.238,,,0
2,171.11,0,40.000,40.238,,,0
2,173.11,0,40.000,40.238,,,0
2,175.11,0,40.000,40.238,,,0
2,177.11,0,40.000,40.237,,,0
2,179.11,0,40.000,40.237,,,0
2,181.11,0,40.000,40.237,,,0
2,183.11,0,40.000,40.237,,,0
2,185.11,0,40.000,40.237,,,0
2,187.11,0,40.000,40.237,,,0
2,189.11,0,40.000,40.237,,,0
2,191.62,0,40.000,40.238,,,0
2,193.97,0,40.000,40.238,,,0
2,195.11,0,40.000,40.238,,,0
2,197.11,0,40.000,40.237,,,0
2,199.11,0,40.000,40.237,,,0
2,201.11,0,40.000,40.237,,,0
2,203.11,0,40.000,40.237,,,0
2,205.12,0,40.000,40.238,,,0
2,207.11,0,40.000,40.239,,,0
2,209.11,0,40.000,40.238,,,0
2,211.11,0,40.000,40.238,,,0
2,213.11,0,40.000,40.239,,,0
2,215.12,0,40.000,40.482,6.403,0.108,0
2,217.11,0,39.999,40.636,,,0
2,219.11,0,39.999,40.636,,,0
2,221.11,0,39.999,40.636,,,0
2,223.11,0,39.999,40.637,,,0
2,225.11,0,39.999,40.637,,,0
2,227.11,0,39.999,40.637,,,0
2,231.94,0,39.999,40.941,6.782,0.122,0
2,235.87,0,39.999,40.942,,,0
2,237.87,0,39.998,41.115,,,0
2,239.87,0,39.998,41.113,,,0
2,241.87,0,39.998,41.114,,,0
2,243.87,0,39.998,41.114,,,0
2,245.87,0,39.998,41.114,,,0
2,247.87,0,39.998,41.113,,,0
2,249.87,0,39.998,41.113,,,0
2,251.87,0,39.998,41.114,,,0
2,253.87,0,39.998,41.114,,,0
2,255.87,0,39.998,41.114,,,0
2,257.87,0,39.998,41.114,,,0
2,259.87,0,39.998,41.114,,,0
2,261.87,0,39.998,41.114,,,0
2,263.87,0,39.998,41.114,,,0
2,265.87,0,39.998,41.115,,,0
2,268.31,0,39.998,41.115,,,0
2,269.87,0,39.998,41.115,,,0
2,271.87,0,39.998,41.115,,,0
2,273.87,0,39.998,41.115,,,0
2,275.87,0,39.998,41.115,,,0
2,277.87,0,39.998,41.116,,,0
2,279.87,0,39.998,41.115,,,0
2,281.87,0,39.998,41.117,,,0
2,283.87,0,39.998,41.116,,,0
2,285.87,0,39.998,41.116,,,0
2,287.87,0,39.998,41.116,,,0
2,289.87,0,39.998,41.115,,,0
2,291.87,0,39.998,41.115,,,0
2,293.87,0,39.998,41.115,,,0
2,295.87,0,39.998,41.115,,,0
2,297.87,0,39.998,41.116,,,0
2,301.81,0,39.998,41.116,,,0
2,302.27,0,39.998,41.116,,,0
2,303.87,0,39.998,41.115,,,0
2,305.87,0,39.998,41.116,,,0
2,307.87,0,39.998,41.116,,,0
2,309.87,0,39.998,41.116,,,0
2,311.87,0,39.998,41.117,,,0
2,313.87,0,39.998,41.116,,,0
2,315.87,0,39.998,41.117,,,0
2,317.87,0,39.998,41.117,,,0
2,319.87,0,39.998,41.384,7.261,0.14,0
2,321.87,0,39.995,41.861,7.717,0.162,0
2,323.87,0,39.992,42.214,8.057,0.185,0
2,325.87,0,39.989,42.574,8.4,0.205,0
2,327.87,0,39.984,42.920,8.74,0.219,0
2,329.87,0,39.978,43.275,9.078,0.234,0
2,331.87,0,39.972,43.626,9.418,0.253,0
2,333.87,0,39.965,43.977,9.754,0.274,0
2,339.85,0,39.951,44.623,10.361,0.323,0
2,339.88,0,39.951,44.623,10.362,0.323,0
2,347.11,0,39.944,44.924,10.57,0.212,0
2,349.11,0,39.944,44.923,10.568,0.212,0
2,351.11,0,39.944,44.923,10.553,0.206,0
2,353.11,0,39.946,44.914,10.515,0.221,0
2,355.12,0,39.945,44.911,10.515,0.22,0
2,357.11,0,39.945,44.914,10.514,0.22,0
2,359.11,0,39.943,44.885,10.512,0.22,0
2,361.11,0,39.943,44.885,10.511,0.22,0
2,363.12,0,39.943,44.884,10.509,0.22,0
2,365.11,0,39.943,44.884,10.507,0.22,0
2,367.11,0,39.943,44.885,10.506,0.22,0
2,369.12,0,39.943,44.885,10.504,0.22,0
2,371.11,0,39.943,44.887,10.502,0.22,0
2,374.58,0,39.943,44.888,10.5,0.22,0
2,377.55,0,39.943,44.887,10.497,0.22,0
2,377.68,0,39.943,44.887,10.497,0.22,0
2,379.11,0,39.943,44.887,10.496,0.22,0
2,384.97,1,10.563,-0.016,10.491,0.22,1
2,385.02,1,10.562,-0.016,10.491,0.22,1
2,399.91,1,10.561,-0.016,10.479,0.22,1
2,401.91,1,10.562,-0.016,10.478,0.22,1
2,407.25,1,10.562,-0.016,10.473,0.22,1
2,414.54,1,10.562,-0.016,10.468,0.22,1
2,416.54,1,10.561,-0.016,10.466,0.22,1
2,421.89,1,10.563,-0.016,10.462,0.22,1
2,421.96,1,10.563,-0.016,10.462,0.22,1
2,422.54,1,10.563,-0.016,10.461,0.22,1
2,426.29,1,10.562,-0.016,10.458,0.22,1
2,429.37,1,10.563,-0.016,10.456,0.22,1
2,436.6,1,10.562,-0.016,10.45,0.22,1
2,438.6,1,10.562,-0.016,10.448,0.22,1
2,440.6,1,10.562,-0.016,10.447,0.22,1
2,444.02,1,10.564,-0.016,10.444,0.22,1
2,444.6,1,10.564,-0.016,10.444,0.22,1
2,446.6,1,10.564,-0.016,10.442,0.22,1
2,448.6,1,11.096,0.321,10.44,0.22,1
2,450.6,1,11.096,0.321,10.439,0.22,1
2,452.6,1,11.096,0.321,10.437,0.22,1
2,454.6,1,11.094,0.321,10.436,0.22,1
3,1.55,0,40.000,39.999,10.434,0.22,0
3,3.55,0,40.000,39.998,10.432,0.22,0
3,5.55,0,40.000,39.997,10.431,0.22,0
3,7.55,0,40.000,39.997,10.429,0.22,0
3,9.55,0,40.000,39.994,10.427,0.22,0
3,11.55,0,40.000,39.996,10.426,0.22,0
3,13.55,0,40.000,39.994,10.424,0.22,0
3,15.55,0,40.000,39.994,10.423,0.219,0
3,17.55,0,40.000,39.993,10.421,0.219,0
3,19.55,0,40.000,39.994,10.419,0.219,0
3,21.55,0,40.000,39.994,10.418,0.219,0
3,23.55,0,40.000,40.054,10.416,0.219,0
3,25.55,0,39.999,40.266,10.217,0.222,0
3,27.55,0,39.999,40.264,10.203,0.222,0
3,31.01,0,39.999,40.263,10.194,0.217,0
3,31.55,0,39.999,40.263,10.193,0.217,0
3,33.55,0,39.999,40.263,10.187,0.217,0
3,35.55,0,39.999,40.261,10.181,0.217,0
3,37.55,0,39.999,40.262,10.176,0.217,0
3,39.55,0,39.999,40.261,10.169,0.221,0
3,41.55,0,39.999,40.261,10.164,0.221,0
3,43.55,0,39.999,40.261,10.158,0.221,0
3,45.55,0,39.999,40.260,10.153,0.221,0
3,47.55,0,39.999,40.260,10.147,0.221,0
3,49.55,0,39.999,40.260,10.141,0.221,0
3,51.55,0,39.999,40.259,10.136,0.221,0
3,53.55,0,39.999,40.259,10.13,0.221,0
3,55.55,0,39.999,40.260,10.124,0.221,0
3,57.55,0,39.999,40.338,10.119,0.221,0
3,59.55,0,39.998,40.390,10.117,0.221,0
3,61.55,0,39.998,40.389,10.115,0.221,0
3,63.55,0,39.998,40.389,10.114,0.221,0
3,65.55,0,39.998,40.389,10.112,0.221,0
3,67.55,0,39.998,40.390,10.111,0.221,0
3,69.55,0,39.998,40.391,10.109,0.221,0
3,71.55,0,39.998,40.391,10.108,0.221,0
3,73.55,0,39.998,40.391,10.106,0.221,0
3,75.55,0,39.998,40.391,10.105,0.221,0
3,77.55,0,39.998,40.391,10.103,0.221,0
3,79.55,0,39.998,40.391,10.102,0.221,0
3,81.55,0,39.998,40.390,10.1,0.221,0
3,83.55,0,39.998,40.389,10.099,0.221,0
3,85.55,0,39.998,40.389,10.097,0.22,0
3,87.55,0,39.998,40.389,10.096,0.22,0
3,89.55,0,39.998,40.389,10.094,0.22,0
3,91.55,0,39.998,40.389,10.093,0.22,0
3,93.55,0,39.998,40.388,10.091,0.22,0
3,95.55,0,39.998,40.389,10.09,0.22,0
3,97.55,0,39.998,40.388,10.088,0.22,0
3,99.55,0,39.998,40.387,10.087,0.22,0
3,101.55,0,39.998,40.388,10.085,0.22,0
3,103.55,0,39.998,40.389,10.084,0.22,0
3,105.55,0,39.998,40.388,10.082,0.22,0
3,107.55,0,39.998,40.390,10.081,0.22,0
3,109.55,0,39.998,40.391,10.079,0.22,0
3,111.55,0,39.998,40.391,10.078,0.22,0
3,113.55,0,39.998,40.391,10.076,0.22,0
3,115.55,0,39.998,40.390,10.075,0.22,0
3,117.55,0,39.998,40.388,10.073,0.22,0
3,119.55,0,39.998,40.388,10.072,0.22,0
3,121.55,0,39.998,40.387,10.07,0.22,0
3,123.55,0,39.998,40.387,10.069,0.22,0
3,125.55,0,39.998,40.387,10.067,0.22,0
3,127.55,0,39.998,40.413,10.054,0.22,0
3,129.55,0,39.998,40.431,10.02,0.22,0
3,131.55,0,39.998,40.482,9.98,0.219,0
3,133.55,0,39.997,40.542,9.923,0.222,0
3,135.55,0,39.997,40.603,9.861,0.23,0
3,137.55,0,39.996,40.662,9.8,0.229,0
3,139.55,0,39.996,40.723,9.746,0.228,0
3,141.55,0,39.995,40.781,9.686,0.231,0
3,143.55,0,39.995,40.838,9.626,0.239,0
3,145.55,0,39.994,40.899,9.568,0.238,0
3,147.55,0,39.994,40.951,9.516,0.238,0
3,149.55,0,39.993,40.991,9.479,0.237,0
3,151.55,0,39.993,41.014,,,0
3,153.55,0,39.993,41.014,,,0
3,155.55,0,39.993,41.014,,,0
3,157.55,0,39.993,41.014,,,0
3,159.55,0,39.993,41.014,,,0
3,161.55,0,39.993,41.014,,,0
3,163.55,0,39.993,41.014,,,0
3,165.55,0,39.993,41.015,,,0
3,167.55,0,39.993,41.013,,,0
3,169.55,0,39.993,41.013,,,0
3,171.55,0,39.993,41.013,,,0
3,173.55,0,39.993,41.042,,,0
3,175.55,0,39.993,41.042,,,0
3,177.55,0,39.993,41.042,,,0
3,179.55,0,39.993,41.041,,,0
3,181.55,0,39.993,41.041,,,0
3,183.55,0,39.993,41.041,,,0
3,185.55,0,39.993,41.041,,,0
3,187.55,0,39.993,41.041,,,0
3,189.55,0,39.993,41.041,,,0
3,191.55,0,39.993,41.041,,,0
3,193.55,0,39.993,41.041,,,0
3,195.55,0,39.993,41.041,,,0
3,197.55,0,39.993,41.043,,,0
3,199.55,0,39.993,41.043,,,0
3,201.55,0,39.993,41.043,,,0
3,203.55,0,39.993,41.043,,,0
3,205.55,0,39.993,41.043,,,0
3,207.55,0,39.993,41.043,,,0
3,209.55,0,39.993,41.043,,,0
3,211.55,0,39.993,41.043,,,0
3,213.55,0,39.993,41.043,,,0
3,216.39,0,39.993,41.043,,,0
3,217.55,0,39.993,41.044,,,0
3,219.55,0,39.993,41.044,,,0
3,221.55,0,39.993,41.043,,,0
3,223.55,0,39.993,41.044,,,0
3,225.55,0,39.993,41.045,,,0
3,227.55,0,39.993,41.043,,,0
3,229.55,0,39.993,41.042,,,0
3,231.55,0,39.993,41.044,,,0
3,233.55,0,39.993,41.044,,,0
3,235.55,0,39.993,41.045,,,0
3,237.55,0,39.992,41.162,,,0
3,239.55,0,39.989,41.505,8.968,0.262,0
3,241.55,0,39.985,41.832,8.631,0.26,0
3,243.55,0,39.980,42.163,8.314,0.266,0
3,245.55,0,39.974,42.510,7.985,0.271,0
3,247.55,0,39.968,42.842,7.657,0.269,0
3,249.55,0,39.960,43.180,7.342,0.272,0
3,251.55,0,39.952,43.523,7.013,0.273,0
3,253.55,0,39.943,43.850,6.687,0.265,0
3,255.55,0,39.933,44.198,6.361,0.26,0
3,257.55,0,39.923,44.537,6.039,0.252,0
3,259.55,0,39.912,44.867,5.72,0.244,0
3,261.55,0,39.899,45.210,5.388,0.234,0
3,263.55,0,39.886,45.552,5.063,0.221,0
3,265.55,0,39.873,45.884,4.745,0.213,0
3,267.55,0,39.858,46.225,4.418,0.205,0
3,269.55,0,39.843,46.560,4.098,0.195,0
3,271.55,0,39.826,46.891,3.772,0.184,0
3,273.55,0,39.810,47.210,3.457,0.17,0
3,275.55,0,39.795,47.505,3.182,0.164,0
3,277.55,0,39.783,47.732,2.969,0.152,0
3,279.55,0,39.783,47.735,2.988,0.152,0
3,281.55,0,39.784,47.716,3.028,0.154,0
3,283.55,0,39.799,47.432,3.246,0.164,0
3,285.55,0,39.818,47.075,3.579,0.17,0
3,287.55,0,39.837,46.692,3.939,0.181,0
3,289.55,0,39.856,46.303,4.311,0.194,0
3,291.55,0,39.875,45.887,4.713,0.207,0
3,293.55,0,39.896,45.414,5.16,0.221,0
3,295.55,0,39.916,44.948,5.615,0.242,0
3,297.55,0,39.925,44.703,,,0
3,299.55,0,39.925,44.703,,,0
3,301.55,0,39.925,44.703,,,0
3,303.55,0,39.925,44.704,,,0
3,305.55,0,39.925,44.705,,,0
3,307.55,0,39.925,44.705,,,0
3,309.55,0,39.925,44.704,,,0
3,311.55,0,39.925,44.703,,,0
3,316.62,0,39.925,44.703,,,0
3,323.88,0,39.925,44.705,,,0
3,325.88,0,39.924,44.707,,,0
3,327.88,0,39.925,44.704,,,0
3,331.43,0,39.925,44.704,,,0
3,338.78,0,39.924,44.706,,,0
3,340.78,0,39.925,44.704,,,0
3,353.47,0,39.925,44.703,,,0
3,355.47,0,39.925,44.703,,,0
3,361.0,0,39.925,44.702,,,0
3,368.26,0,39.925,44.702,,,0
3,370.26,0,39.925,44.703,,,0
3,375.3,0,39.925,44.703,,,0
3,375.44,0,39.925,44.703,,,0
3,376.26,0,39.925,44.703,,,0
3,382.83,0,39.924,44.706,,,0
3,384.83,0,39.924,44.705,,,0
3,386.83,0,6.392,0.401,,,0
3,388.83,0,6.391,0.401,,,0
3,390.83,0,6.390,0.401,,,0
3,392.83,0,6.389,0.401,,,0
4,0.2,0,40.000,39.999,,,0
4,2.2,0,40.000,39.998,,,0
4,4.2,0,40.000,40.002,,,0
4,6.2,0,40.000,40.004,,,0
4,8.2,0,40.000,40.002,,,0
4,10.2,0,40.000,40.004,,,0
4,12.2,0,40.000,40.003,,,0
4,14.2,0,40.000,40.004,,,0
4,16.2,0,40.000,40.006,,,0
4,18.2,0,40.000,40.007,,,0
4,20.2,0,40.000,40.007,,,0
4,22.2,0,40.006,40.119,5.735,0.251,0
4,25.08,0,40.006,40.119,,,0
4,26.19,0,40.006,40.119,,,0
4,28.2,0,40.006,40.119,,,0
4,30.2,0,40.008,40.311,5.57,0.246,0
4,32.2,0,40.008,40.312,,,0
4,34.2,0,40.008,40.311,,,0
4,36.2,0,40.008,40.312,,,0
4,38.2,0,40.008,40.310,,,0
4,40.2,0,40.008,40.311,,,0
4,42.2,0,40.008,40.312,,,0
4,44.2,0,40.008,40.311,,,0
4,46.2,0,40.008,40.313,,,0
4,48.2,0,40.008,40.313,,,0
4,50.2,0,40.008,40.313,,,0
4,52.2,0,40.008,40.313,,,0
4,54.2,0,40.008,40.314,,,0
4,56.2,0,40.008,40.315,,,0
4,58.2,1,5.722,0.103,,,1
4,60.2,1,5.721,0.103,,,1
4,62.2,1,5.721,0.103,,,1
4,64.19,1,5.720,0.103,,,1
4,66.2,1,5.721,0.103,,,1
4,68.2,1,5.722,0.103,,,1
4,70.2,1,5.722,0.103,,,1
4,72.2,1,5.722,0.103,,,1
4,74.2,1,5.722,0.103,,,1
4,76.2,1,5.599,0.105,5.444,0.242,1
4,78.2,1,5.224,0.109,5.085,0.23,1
4,80.2,1,4.853,0.110,4.722,0.222,1
4,82.19,1,4.459,0.114,4.339,0.21,1
4,84.2,1,4.044,0.107,3.928,0.199,1
4,86.2,1,3.625,0.104,3.513,0.185,1
4,88.2,1,3.257,0.100,3.139,0.176,1
4,90.2,1,2.884,0.092,2.75,0.167,1
4,92.2,1,2.379,0.081,2.276,0.175,1
4,94.2,1,1.804,0.079,1.717,0.154,1
4,96.2,1,1.239,0.067,1.148,0.123,1
4,98.2,1,0.709,0.059,0.668,0.065,1
4,100.19,1,0.312,0.050,0.26,0.053,1
4,102.2,1,0.308,0.047,0.259,0.038,1
4,104.2,1,0.292,0.028,0.342,-0.03,1
4,106.2,1,0.288,-0.002,0.36,-0.035,1
4,108.2,1,0.319,-0.299,0.364,-0.331,1
4,110.2,1,0.337,-0.832,,,1
4,112.2,1,0.319,-1.421,,,1
4,114.2,1,0.304,-2.033,,,1
4,116.2,1,0.291,-2.668,,,1
4,118.2,1,0.280,-3.310,,,1
4,120.2,1,0.274,-3.844,,,1
4,122.2,1,0.270,-4.374,,,1
4,124.2,1,0.268,-4.655,,,1
4,126.2,1,0.290,-4.613,,,1
4,128.2,1,0.269,-4.627,,,1
4,130.2,1,0.269,-4.627,,,1
4,132.2,1,0.285,-4.648,0.373,-4.302,1
4,134.2,1,0.279,-4.636,0.373,-4.301,1
4,136.2,1,0.281,-4.242,0.372,-4.278,1
4,138.2,1,0.283,-4.120,0.37,-4.168,1
4,140.2,1,0.283,-4.079,,,1
4,142.2,1,0.283,-4.080,,,1
4,144.2,1,0.283,-4.080,,,1
4,146.2,1,0.283,-4.081,,,1
4,148.2,1,0.283,-4.083,,,1
4,154.2,1,0.283,-4.084,,,1
4,161.34,1,0.283,-4.082,,,1
4,163.34,1,0.283,-4.080,,,1
4,168.65,1,0.283,-4.081,,,1
4,168.75,1,0.283,-4.081,,,1
4,169.34,1,0.283,-4.080,,,1
4,176.17,1,0.283,-4.080,,,1
4,178.18,1,0.283,-4.081,,,1
4,183.81,1,0.283,-4.081,,,1
4,183.96,1,0.283,-4.081,,,1
4,190.91,1,0.283,-4.082,,,1
4,192.91,1,0.283,-4.082,,,1
4,198.52,1,0.283,-4.082,,,1
4,198.92,1,0.283,-4.082,,,1
4,206.12,1,0.283,-4.083,,,1
4,208.12,1,0.283,-4.083,,,1
4,213.39,1,0.283,-4.083,,,1
4,213.43,1,0.283,-4.083,,,1
4,220.46,1,0.283,-4.083,,,1
4,222.46,1,0.283,-4.082,,,1
4,224.46,1,0.283,-4.081,,,1
4,226.71,1,0.283,-4.081,,,1
4,228.46,1,0.283,-4.081,,,1
4,230.46,1,0.439,-4.131,,,1
4,232.46,1,0.439,-4.131,,,1
4,234.46,1,0.439,-4.131,,,1
4,236.46,1,0.439,-4.130,,,1
5,0.34,0,40.000,40.000,,,0
5,2.34,0,40.000,40.000,,,0
5,4.34,0,40.000,40.039,,,0
5,6.34,0,40.000,40.165,0.373,-3.985,0
5,8.34,0,40.000,40.374,,,0
5,10.34,0,40.000,40.375,,,0
5,12.34,1,0.290,-3.729,,,1
5,14.34,1,0.290,-3.729,,,1
5,16.34,1,0.290,-3.730,,,1
5,18.34,1,0.290,-3.730,,,1
5,20.34,1,0.290,-3.730,,,1
5,22.34,1,0.290,-3.729,,,1
5,24.34,1,0.290,-3.730,,,1
5,26.34,1,0.290,-3.730,,,1
5,28.34,1,0.290,-3.730,,,1
5,30.34,1,0.290,-3.729,,,1
5,32.34,1,0.291,-3.645,,,1
5,34.34,1,0.288,-3.109,0.39,-3.185,1
5,36.34,1,0.288,-2.630,0.403,-2.719,1
5,38.34,1,0.289,-2.183,0.414,-2.271,1
5,40.34,1,0.282,-1.676,0.43,-1.771,1
5,42.34,1,0.283,-1.129,0.457,-1.21,1
5,44.34,1,0.307,-0.556,0.464,-0.669,1
5,46.34,1,0.304,-0.378,0.473,-0.474,1
5,48.34,1,0.319,-0.348,0.479,-0.46,1
5,50.34,1,0.385,-0.309,0.662,-0.501,1
5,52.34,1,0.755,-0.110,0.999,-0.306,1
5,54.34,1,1.007,0.019,1.236,-0.175,1
5,56.34,1,1.030,-0.005,1.24,-0.176,1
5,58.34,1,0.838,-0.002,1.044,-0.123,1
5,60.34,1,0.446,0.051,0.688,-0.042,1
5,62.34,1,0.147,0.041,0.407,-0.015,1
5,64.34,1,0.047,0.038,,,1
5,67.3,1,0.047,0.038,,,1
5,68.34,1,0.046,0.038,,,1
5,70.34,1,0.046,0.038,,,1
5,72.34,1,0.049,0.038,,,1
5,74.34,1,0.050,0.038,,,1
5,76.34,1,0.052,0.038,,,1
5,78.34,1,0.053,0.038,,,1
5,80.34,1,0.053,0.038,,,1
5,82.34,1,0.054,0.038,,,1
5,84.34,1,0.054,0.038,,,1
5,86.34,1,0.053,0.038,,,1
5,88.34,1,0.054,0.038,,,1
5,90.34,1,0.054,0.038,,,1
5,92.34,1,0.052,0.038,,,1
5,94.34,1,0.052,0.038,,,1
5,96.34,1,0.052,0.038,,,1
5,98.34,1,0.053,0.038,,,1
5,100.34,1,0.053,0.038,,,1
5,102.34,1,0.050,0.038,,,1
5,104.34,1,0.052,0.038,,,1
5,106.34,1,0.050,0.038,,,1
5,108.34,1,0.049,0.038,,,1
5,110.34,1,0.050,0.038,,,1
5,112.34,1,0.049,0.038,,,1
5,114.34,1,0.049,0.038,,,1
5,116.34,1,0.050,0.038,,,1
5,118.34,1,0.050,0.038,,,1
5,120.34,1,0.052,0.038,,,1
5,122.34,1,0.052,0.038,,,1
5,124.34,1,0.052,0.038,,,1
5,126.34,1,0.051,0.038,,,1
5,128.34,1,0.052,0.038,,,1
5,130.34,1,0.051,0.038,,,1
5,132.77,1,0.051,0.038,,,1
5,135.76,1,0.051,0.038,,,1
5,136.34,1,0.051,0.038,,,1
5,138.34,1,0.051,0.038,,,1
5,140.34,1,0.051,0.038,,,1
5,142.34,1,0.051,0.038,,,1
5,144.34,1,0.051,0.038,,,1
5,146.34,1,0.051,0.038,,,1
5,148.34,1,0.051,0.038,,,1
5,150.34,1,0.051,0.038,,,1
5,152.34,1,0.051,0.038,,,1
5,154.34,1,0.051,0.038,,,1
