t,kind,id,node
1.646,nearby,457,1816
2.712,nearby,488,1817
18.146,nearby,490,1832
19.179,nearby,1490,1833
20.212,nearby,492,1834
21.212,nearby,491,1835
22.246,nearby,492,1836
23.312,nearby,145,1837
24.379,nearby,493,1838
25.412,nearby,494,1839
26.446,nearby,494,1840
27.479,nearby,495,1841
28.546,nearby,495,1842
29.612,nearby,496,1843
30.679,nearby,497,1844
31.779,nearby,497,1845
32.812,nearby,161,1846
33.846,nearby,500,1847
34.912,nearby,165,1848
35.979,nearby,500,1849
37.046,nearby,501,1850
38.079,nearby,171,1851
39.146,recognition,502,1852
40.146,recognition,502,1853
41.212,recognition,171,1854
42.246,recognition,504,1855
43.312,recognition,505,1856
44.312,recognition,505,1857
45.379,nearby,505,1858
46.412,nearby,175,1859
47.446,recognition,507,1860
48.479,recognition,508,1861
49.546,nearby,508,1862
50.579,nearby,509,1863
51.646,nearby,184,1864
52.712,nearby,510,1865
53.712,nearby,511,1866
54.779,nearby,512,1867
55.812,nearby,512,1868
56.846,nearby,190,1869
57.879,nearby,192,1870
58.879,nearby,514,1871
59.946,nearby,195,1872
60.979,nearby,515,1873
63.012,nearby,195,1875
89.013,nearby,549,1900
95.179,nearby,654,1906
98.279,nearby,656,1909
99.346,nearby,657,1910
100.379,nearby,658,1911
101.413,nearby,662,1912
105.646,nearby,661,1916
106.679,nearby,665,1917
107.713,nearby,666,1918
108.713,nearby,665,1919
113.813,nearby,670,1924
114.846,nearby,671,1925
115.846,nearby,672,1926
120.979,nearby,673,1931
123.046,nearby,674,1933
125.146,nearby,676,1935
127.279,nearby,696,1937
128.313,nearby,697,1938
129.379,nearby,697,1939
130.446,nearby,698,1940
134.613,nearby,707,1944
136.679,nearby,710,1946
137.746,nearby,710,1947
138.813,nearby,711,1948
139.913,nearby,712,1949
140.946,nearby,718,1950
142.013,nearby,718,1951
143.046,nearby,719,1952
144.046,nearby,720,1953
145.113,nearby,719,1954
146.146,nearby,720,1955
165.846,nearby,789,1974
167.913,nearby,792,1976
168.946,nearby,791,1977
169.979,nearby,792,1978
171.013,recognition,792,1979
172.046,nearby,794,1980
173.113,nearby,792,1981
174.180,recognition,793,1982
175.213,nearby,793,1983
176.279,nearby,794,1984
